2019-07-01	12:00:00	11.418	2e-04	0	0	1e-04	9e-04	3e-04	5e-04	7e-04	0.5868	0.0028	0.0043	10
2019-07-02	12:00:00	11.4125	2e-04	0	0	1e-04	0.0013	5e-04	8e-04	0.0012	0.4478	0.0046	0.007	10
2019-07-03	12:00:00	11.4066	2e-04	0	0	1e-04	0.001	1e-04	3e-04	5e-04	0.2684	0.0019	0.0028	10
2019-07-04	12:00:00	11.4003	3e-04	0	0	2e-04	0.0016	6e-04	9e-04	0.0014	0.3472	0.0054	0.0081	10
2019-07-05	12:00:00	11.3936	3e-04	0	0	2e-04	0.0013	2e-04	4e-04	6e-04	0.0871	0.0022	0.0033	10
2019-07-06	12:00:00	11.3866	3e-04	0	0	1e-04	0.0017	3e-04	6e-04	0.001	0.0908	0.0037	0.0055	10
2019-07-07	12:00:00	11.3792	3e-04	0	0	1e-04	0.0015	3e-04	7e-04	0.001	0.0887	0.0038	0.0057	10
2019-07-08	12:00:00	11.3714	2e-04	0	0	1e-04	0.0016	4e-04	8e-04	0.0012	0.0932	0.0046	0.0069	10
2019-07-09	12:00:00	11.3633	3e-04	0	0	1e-04	0.0013	2e-04	4e-04	6e-04	0.0833	0.0024	0.0036	10
2019-07-10	12:00:00	11.3548	0.0013	1e-04	3e-04	0.0012	0.0054	0.003	0.005	0.0075	6.6792	0.0284	0.0426	10
2019-07-11	12:00:00	11.346	1e-04	0	0	1e-04	6e-04	1e-04	2e-04	3e-04	0.9045	0.0011	0.0016	10
2019-07-12	12:00:00	11.3368	2e-04	0	0	1e-04	0.001	1e-04	3e-04	4e-04	0.2669	0.0017	0.0025	10
2019-07-13	12:00:00	11.3273	3e-04	0	0	1e-04	0.0013	1e-04	4e-04	5e-04	0.0869	0.0021	0.0031	10
2019-07-14	12:00:00	11.3175	3e-04	0	0	2e-04	0.0014	1e-04	4e-04	6e-04	0.098	0.0023	0.0034	10
2019-07-15	12:00:00	11.3073	3e-04	0	0	2e-04	0.0015	1e-04	4e-04	6e-04	0.1072	0.0024	0.0036	10
2019-07-16	12:00:00	11.2968	3e-04	0	0	2e-04	0.0016	1e-04	4e-04	7e-04	0.1133	0.0025	0.0038	10
2019-07-17	12:00:00	11.286	4e-04	0	0	2e-04	0.0017	1e-04	5e-04	7e-04	0.1185	0.0026	0.0039	10
2019-07-18	12:00:00	11.2748	3e-04	0	0	1e-04	0.0017	4e-04	8e-04	0.0011	0.0831	0.0043	0.0064	10
2019-07-19	12:00:00	11.2633	4e-04	0	1e-04	3e-04	0.0029	0.0016	0.0026	0.0039	1.4079	0.0146	0.0219	10
2019-07-20	12:00:00	11.2516	2e-04	0	0	1e-04	0.0011	4e-04	7e-04	0.001	0.6694	0.0039	0.0058	10
2019-07-21	12:00:00	11.2395	3e-04	0	0	1e-04	0.0012	2e-04	4e-04	6e-04	0.2099	0.0023	0.0035	10
2019-07-22	12:00:00	11.2271	3e-04	0	0	2e-04	0.0014	1e-04	4e-04	6e-04	0.0888	0.0023	0.0035	10
2019-07-23	12:00:00	11.2145	3e-04	0	0	1e-04	0.0015	2e-04	5e-04	8e-04	0.0863	0.003	0.0045	10
2019-07-24	12:00:00	11.2015	3e-04	0	0	1e-04	0.0015	3e-04	7e-04	0.001	0.0955	0.0039	0.0058	10
2019-07-25	12:00:00	11.1883	3e-04	0	0	2e-04	0.0015	2e-04	4e-04	6e-04	0.0946	0.0024	0.0037	10
2019-07-26	12:00:00	11.1748	3e-04	0	0	2e-04	0.0017	1e-04	5e-04	7e-04	0.1106	0.0026	0.0039	10
2019-07-27	12:00:00	11.161	4e-04	0	0	2e-04	0.0018	1e-04	5e-04	7e-04	0.1196	0.0027	0.0041	10
2019-07-28	12:00:00	11.1469	4e-04	0	1e-04	3e-04	0.0036	0.0021	0.0032	0.0048	1.1109	0.0182	0.0273	10
2019-07-29	12:00:00	11.1326	3e-04	0	0	1e-04	0.0014	1e-04	4e-04	6e-04	0.1282	0.0023	0.0034	10
2019-07-30	12:00:00	11.1181	4e-04	0	0	2e-04	0.0018	2e-04	5e-04	7e-04	0.1042	0.0028	0.0041	10
2019-07-31	12:00:00	11.1033	4e-04	0	1e-04	2e-04	0.002	2e-04	5e-04	8e-04	0.1248	0.003	0.0045	10
2019-08-01	12:00:00	11.0883	6e-04	0	1e-04	5e-04	0.0058	0.0037	0.0058	0.0087	2.4155	0.0328	0.0492	10
2019-08-02	12:00:00	11.073	2e-04	0	0	1e-04	9e-04	2e-04	4e-04	5e-04	0.8094	0.002	0.003	10
2019-08-03	12:00:00	11.0575	3e-04	0	0	1e-04	0.0013	2e-04	5e-04	7e-04	0.1991	0.0026	0.0039	10
2019-08-04	12:00:00	11.0418	3e-04	0	0	1e-04	0.0018	3e-04	7e-04	0.0011	0.0793	0.0041	0.0061	10
2019-08-05	12:00:00	11.0259	3e-04	0	0	2e-04	0.0017	2e-04	6e-04	9e-04	0.0902	0.0033	0.0049	10
2019-08-06	12:00:00	11.0097	3e-04	0	0	2e-04	0.0019	3e-04	7e-04	0.0011	0.1052	0.004	0.006	10
2019-08-07	12:00:00	10.9934	3e-04	0	0	2e-04	0.0017	2e-04	6e-04	9e-04	0.0889	0.0035	0.0052	10
2019-08-08	12:00:00	10.9769	4e-04	0	0	2e-04	0.0018	2e-04	5e-04	8e-04	0.1147	0.0029	0.0043	10
2019-08-09	12:00:00	10.9601	4e-04	0	1e-04	2e-04	0.0019	2e-04	5e-04	8e-04	0.1298	0.003	0.0045	10
2019-08-10	12:00:00	10.9432	3e-04	0	1e-04	2e-04	0.0032	0.0017	0.0026	0.004	0.6554	0.015	0.0224	10
2019-08-11	12:00:00	10.9262	3e-04	0	0	1e-04	0.0016	5e-04	9e-04	0.0014	0.2573	0.0053	0.008	10
2019-08-12	12:00:00	10.9089	3e-04	0	0	2e-04	0.0022	9e-04	0.0015	0.0022	0.3773	0.0084	0.0126	10
2019-08-13	12:00:00	10.8915	2e-04	0	0	1e-04	0.0014	3e-04	6e-04	9e-04	0.1566	0.0035	0.0052	10
2019-08-14	12:00:00	10.874	3e-04	0	0	2e-04	0.0015	2e-04	5e-04	7e-04	0.082	0.0027	0.004	10
2019-08-15	12:00:00	10.8563	4e-04	0	0	2e-04	0.0017	2e-04	5e-04	7e-04	0.1134	0.0028	0.0041	10
2019-08-16	12:00:00	10.8384	4e-04	0	1e-04	2e-04	0.0019	2e-04	5e-04	8e-04	0.1294	0.0029	0.0044	10
2019-08-17	12:00:00	10.8204	4e-04	0	1e-04	2e-04	0.002	2e-04	5e-04	8e-04	0.1357	0.003	0.0046	10
2019-08-18	12:00:00	10.8023	0.0021	1e-04	5e-04	0.0018	0.007	0.0036	0.0062	0.0094	10.8104	0.0354	0.0532	10
2019-08-19	12:00:00	10.7841	2e-04	0	0	1e-04	0.0011	3e-04	6e-04	9e-04	0.4517	0.0035	0.0052	10
2019-08-20	12:00:00	10.7658	3e-04	0	0	1e-04	0.0012	1e-04	4e-04	5e-04	0.1632	0.002	0.0031	10
2019-08-21	12:00:00	10.7473	3e-04	0	0	2e-04	0.0016	2e-04	5e-04	7e-04	0.0998	0.0026	0.0039	10
2019-08-22	12:00:00	10.7288	4e-04	0	1e-04	2e-04	0.0018	2e-04	5e-04	7e-04	0.1249	0.0028	0.0042	10
2019-08-23	12:00:00	10.7101	4e-04	0	1e-04	2e-04	0.0019	2e-04	5e-04	8e-04	0.135	0.003	0.0045	10
2019-08-24	12:00:00	10.6914	4e-04	0	1e-04	2e-04	0.002	2e-04	5e-04	8e-04	0.1443	0.0031	0.0047	10
2019-08-25	12:00:00	10.6726	4e-04	0	1e-04	2e-04	0.0021	2e-04	6e-04	9e-04	0.1523	0.0033	0.0049	10
2019-08-26	12:00:00	10.6537	4e-04	0	1e-04	2e-04	0.0022	2e-04	6e-04	9e-04	0.16	0.0034	0.0051	10
2019-08-27	12:00:00	10.6348	4e-04	0	1e-04	2e-04	0.0023	2e-04	6e-04	9e-04	0.1681	0.0035	0.0053	10
2019-08-28	12:00:00	10.6157	5e-04	0	1e-04	3e-04	0.0024	2e-04	6e-04	0.001	0.1762	0.0037	0.0055	10
2019-08-29	12:00:00	10.5967	2e-04	0	0	1e-04	0.0022	8e-04	0.0014	0.0021	0.0693	0.0079	0.0119	10
2019-08-30	12:00:00	10.5776	7e-04	0	2e-04	6e-04	0.0032	0.0017	0.003	0.0044	3.6591	0.0168	0.0252	10
2019-08-31	12:00:00	10.5584	1e-04	0	0	0	2e-04	0	1e-04	1e-04	0.8226	4e-04	7e-04	10
2019-09-01	12:00:00	10.5392	1e-04	0	0	1e-04	5e-04	1e-04	2e-04	2e-04	0.9332	9e-04	0.0013	10
2019-09-02	12:00:00	10.52	2e-04	0	0	1e-04	9e-04	1e-04	3e-04	4e-04	0.2301	0.0015	0.0023	10
2019-09-03	12:00:00	10.5007	0.0012	1e-04	3e-04	0.0011	0.0044	0.0021	0.0038	0.0057	5.5323	0.0216	0.0323	10
2019-09-04	12:00:00	10.4815	3e-04	0	1e-04	3e-04	0.0015	6e-04	0.0012	0.0017	1.6674	0.0066	0.0099	10
2019-09-05	12:00:00	10.4622	2e-04	0	0	1e-04	8e-04	1e-04	3e-04	4e-04	0.2258	0.0015	0.0023	10
2019-09-06	12:00:00	10.4429	3e-04	0	0	1e-04	0.0011	1e-04	3e-04	5e-04	0.1142	0.0018	0.0027	10
2019-09-07	12:00:00	10.4237	3e-04	0	0	1e-04	0.0013	1e-04	4e-04	5e-04	0.0977	0.002	0.0031	10
2019-09-08	12:00:00	10.4044	3e-04	0	0	2e-04	0.0014	1e-04	4e-04	6e-04	0.11	0.0022	0.0033	10
2019-09-09	12:00:00	10.3851	3e-04	0	0	2e-04	0.0015	1e-04	4e-04	6e-04	0.118	0.0023	0.0034	10
2019-09-10	12:00:00	10.3659	4e-04	0	0	2e-04	0.0015	1e-04	4e-04	6e-04	0.1244	0.0024	0.0036	10
2019-09-11	12:00:00	10.3467	3e-04	0	0	1e-04	0.0019	7e-04	0.0013	0.0019	0.2614	0.0072	0.0109	10
2019-09-12	12:00:00	10.3275	2e-04	0	0	1e-04	0.0016	8e-04	0.0014	0.002	0.9239	0.0077	0.0116	10
2019-09-13	12:00:00	10.3084	2e-04	0	0	1e-04	0.0013	5e-04	9e-04	0.0013	0.6594	0.0049	0.0073	10
2019-09-14	12:00:00	10.2893	0.0065	4e-04	0.0015	0.0055	0.0093	0.0042	0.0079	0.0118	35.3079	0.0447	0.0671	10
2019-09-15	12:00:00	10.2702	2e-04	0	0	1e-04	9e-04	2e-04	5e-04	7e-04	0.5411	0.0027	0.004	10
2019-09-16	12:00:00	10.2512	3e-04	0	0	1e-04	0.001	1e-04	3e-04	4e-04	0.1592	0.0017	0.0025	10
2019-09-17	12:00:00	10.2323	0.0021	1e-04	5e-04	0.0019	0.0064	0.0031	0.0055	0.0083	10.4488	0.0314	0.0472	10
2019-09-18	12:00:00	10.2134	9e-04	0	2e-04	7e-04	0.0035	0.0015	0.0028	0.0043	3.9142	0.0161	0.0242	10
2019-09-19	12:00:00	10.1946	3e-04	0	1e-04	2e-04	0.0016	8e-04	0.0014	0.0021	1.791	0.0078	0.0117	10
2019-09-20	12:00:00	10.1758	8e-04	0	2e-04	6e-04	0.0024	0.0011	0.002	0.003	4.2156	0.0113	0.0169	10
2019-09-21	12:00:00	10.1572	1e-04	0	0	1e-04	5e-04	0	1e-04	2e-04	0.9106	8e-04	0.0012	10
2019-09-22	12:00:00	10.1386	2e-04	0	0	1e-04	8e-04	1e-04	2e-04	3e-04	0.2217	0.0013	0.0019	10
2019-09-23	12:00:00	10.1201	3e-04	0	0	1e-04	0.0011	1e-04	3e-04	4e-04	0.1022	0.0017	0.0025	10
2019-09-24	12:00:00	10.1017	3e-04	0	0	2e-04	0.0012	1e-04	3e-04	5e-04	0.0988	0.0019	0.0028	10
2019-09-25	12:00:00	10.0834	3e-04	0	0	2e-04	0.0013	1e-04	4e-04	5e-04	0.1104	0.002	0.003	10
2019-09-26	12:00:00	10.0653	4e-04	0	0	2e-04	0.0014	1e-04	4e-04	6e-04	0.1181	0.0021	0.0032	10
2019-09-27	12:00:00	10.0472	3e-04	0	0	2e-04	0.0014	2e-04	6e-04	9e-04	0.1051	0.0032	0.0048	10
2019-09-28	12:00:00	10.0292	3e-04	0	0	2e-04	0.0014	2e-04	5e-04	8e-04	0.0952	0.0028	0.0043	10
2019-09-29	12:00:00	10.0114	4e-04	0	1e-04	2e-04	0.0015	1e-04	4e-04	6e-04	0.1197	0.0023	0.0034	10
2019-09-30	12:00:00	9.9936	4e-04	0	1e-04	2e-04	0.0016	1e-04	4e-04	6e-04	0.1316	0.0024	0.0036	10
2019-10-01	12:00:00	9.9761	4e-04	0	1e-04	2e-04	0.0016	1e-04	5e-04	8e-04	0.1239	0.0029	0.0043	10
2019-10-02	12:00:00	9.9586	3e-04	0	0	2e-04	0.0019	4e-04	9e-04	0.0014	0.0983	0.0051	0.0077	10
2019-10-03	12:00:00	9.9413	4e-04	0	1e-04	2e-04	0.0018	2e-04	6e-04	9e-04	0.1258	0.0032	0.0049	10
2019-10-04	12:00:00	9.9241	4e-04	0	1e-04	2e-04	0.0021	3e-04	8e-04	0.0012	0.1368	0.0045	0.0067	10
2019-10-05	12:00:00	9.907	4e-04	0	1e-04	3e-04	0.0019	1e-04	5e-04	7e-04	0.1489	0.0027	0.0041	10
2019-10-06	12:00:00	9.8901	5e-04	0	1e-04	3e-04	0.002	1e-04	5e-04	8e-04	0.1598	0.0029	0.0043	10
2019-10-07	12:00:00	9.8733	5e-04	0	1e-04	3e-04	0.0022	2e-04	7e-04	0.0011	0.1533	0.004	0.006	10
2019-10-08	12:00:00	9.8567	5e-04	0	1e-04	3e-04	0.0021	1e-04	6e-04	8e-04	0.1729	0.0032	0.0047	10
2019-10-09	12:00:00	9.8403	6e-04	0	1e-04	3e-04	0.0023	1e-04	6e-04	9e-04	0.1839	0.0033	0.0049	10
2019-10-10	12:00:00	9.824	6e-04	0	1e-04	3e-04	0.0024	1e-04	6e-04	9e-04	0.1936	0.0034	0.0052	10
2019-10-11	12:00:00	9.8079	6e-04	0	1e-04	4e-04	0.0025	1e-04	6e-04	9e-04	0.2034	0.0036	0.0054	10
2019-10-12	12:00:00	9.792	7e-04	0	1e-04	4e-04	0.0026	1e-04	7e-04	0.001	0.2136	0.0037	0.0056	10
2019-10-13	12:00:00	9.7762	7e-04	0	1e-04	4e-04	0.0028	1e-04	7e-04	0.001	0.2242	0.0039	0.0059	10
2019-10-14	12:00:00	9.7606	7e-04	0	1e-04	4e-04	0.0029	1e-04	7e-04	0.0011	0.2351	0.0041	0.0061	10
2019-10-15	12:00:00	9.7452	8e-04	0	1e-04	4e-04	0.0031	1e-04	8e-04	0.0011	0.2469	0.0043	0.0064	10
2019-10-16	12:00:00	9.73	8e-04	0	1e-04	5e-04	0.0032	1e-04	8e-04	0.0012	0.2578	0.0045	0.0067	10
2019-10-17	12:00:00	9.7149	3e-04	0	0	2e-04	0.0026	0.0015	0.0024	0.0036	0.3454	0.0134	0.0202	10
2019-10-18	12:00:00	9.7	5e-04	0	1e-04	3e-04	0.0017	1e-04	5e-04	7e-04	0.089	0.0028	0.0042	10
2019-10-19	12:00:00	9.6854	6e-04	0	1e-04	4e-04	0.0023	1e-04	6e-04	9e-04	0.1546	0.0035	0.0053	10
2019-10-20	12:00:00	9.6709	7e-04	0	1e-04	4e-04	0.0026	1e-04	7e-04	0.001	0.2032	0.0039	0.0058	10
2019-10-21	12:00:00	9.6566	8e-04	0	1e-04	4e-04	0.0029	1e-04	7e-04	0.0011	0.2313	0.0041	0.0062	10
2019-10-22	12:00:00	9.6426	8e-04	0	1e-04	5e-04	0.003	1e-04	8e-04	0.0011	0.2488	0.0043	0.0065	10
2019-10-23	12:00:00	9.6287	9e-04	0	1e-04	5e-04	0.0032	1e-04	8e-04	0.0012	0.264	0.0046	0.0068	10
2019-10-24	12:00:00	9.615	9e-04	0	1e-04	5e-04	0.0034	1e-04	8e-04	0.0013	0.278	0.0048	0.0071	10
2019-10-25	12:00:00	9.6016	0.001	0	1e-04	5e-04	0.0035	2e-04	9e-04	0.0013	0.292	0.005	0.0075	10
2019-10-26	12:00:00	9.5883	6e-04	0	1e-04	5e-04	0.0045	0.0029	0.0046	0.0068	2.6458	0.0259	0.0389	10
2019-10-27	12:00:00	9.5753	0.001	1e-04	2e-04	9e-04	0.0038	0.0019	0.0034	0.0051	5.1969	0.0192	0.0288	10
2019-10-28	12:00:00	9.5625	2e-04	0	0	1e-04	4e-04	0	1e-04	2e-04	0.8829	8e-04	0.0011	10
2019-10-29	12:00:00	9.5499	3e-04	0	0	2e-04	9e-04	1e-04	3e-04	4e-04	0.1432	0.0015	0.0023	10
2019-10-30	12:00:00	9.5375	5e-04	0	1e-04	2e-04	0.0014	1e-04	4e-04	6e-04	0.0981	0.0022	0.0033	10
2019-10-31	12:00:00	9.5253	5e-04	0	1e-04	3e-04	0.0017	1e-04	5e-04	7e-04	0.1372	0.0026	0.004	10
2019-11-01	12:00:00	9.5134	5e-04	0	1e-04	4e-04	0.0048	0.0023	0.004	0.006	1.0809	0.0226	0.034	10
2019-11-02	12:00:00	9.5017	5e-04	0	1e-04	3e-04	0.0015	1e-04	4e-04	7e-04	0.1031	0.0025	0.0037	10
2019-11-03	12:00:00	9.4902	6e-04	0	1e-04	3e-04	0.0019	1e-04	5e-04	8e-04	0.1479	0.0029	0.0044	10
2019-11-04	12:00:00	9.479	6e-04	0	1e-04	4e-04	0.0021	1e-04	6e-04	8e-04	0.1765	0.0032	0.0047	10
2019-11-05	12:00:00	9.468	7e-04	0	1e-04	4e-04	0.0023	1e-04	6e-04	9e-04	0.1934	0.0034	0.005	10
2019-11-06	12:00:00	9.4572	7e-04	0	1e-04	4e-04	0.0024	1e-04	6e-04	9e-04	0.206	0.0035	0.0053	10
2019-11-07	12:00:00	9.4467	8e-04	0	1e-04	4e-04	0.0026	1e-04	7e-04	0.001	0.2172	0.0037	0.0056	10
2019-11-08	12:00:00	9.4364	8e-04	0	1e-04	4e-04	0.0027	1e-04	7e-04	0.001	0.2285	0.0039	0.0059	10
2019-11-09	12:00:00	9.4263	8e-04	0	1e-04	5e-04	0.0029	1e-04	7e-04	0.0011	0.24	0.0041	0.0062	10
2019-11-10	12:00:00	9.4165	4e-04	0	1e-04	2e-04	0.0029	7e-04	0.0016	0.0024	0.1089	0.0092	0.0138	10
2019-11-11	12:00:00	9.407	5e-04	0	1e-04	3e-04	0.0024	4e-04	0.0011	0.0016	0.134	0.0062	0.0094	10
2019-11-12	12:00:00	9.3976	7e-04	0	1e-04	4e-04	0.0024	2e-04	8e-04	0.0012	0.1535	0.0045	0.0068	10
2019-11-13	12:00:00	9.3886	8e-04	0	1e-04	4e-04	0.0027	1e-04	7e-04	0.0011	0.2081	0.004	0.006	10
2019-11-14	12:00:00	9.3797	5e-04	0	1e-04	3e-04	0.0036	0.0018	0.003	0.0045	0.4025	0.0171	0.0257	10
2019-11-15	12:00:00	9.3711	6e-04	0	1e-04	3e-04	0.0031	0.001	0.0019	0.0028	0.1746	0.0107	0.0161	10
2019-11-16	12:00:00	9.3628	6e-04	0	1e-04	3e-04	0.0022	2e-04	8e-04	0.0011	0.1205	0.0043	0.0065	10
2019-11-17	12:00:00	9.3547	8e-04	0	1e-04	4e-04	0.0026	1e-04	7e-04	0.001	0.186	0.0039	0.0059	10
2019-11-18	12:00:00	9.3469	9e-04	0	1e-04	5e-04	0.0029	1e-04	7e-04	0.0011	0.2228	0.0042	0.0063	10
2019-11-19	12:00:00	9.3393	9e-04	0	1e-04	5e-04	0.0031	1e-04	8e-04	0.0012	0.2444	0.0045	0.0067	10
2019-11-20	12:00:00	9.332	0.001	0	1e-04	5e-04	0.0033	1e-04	8e-04	0.0012	0.2599	0.0047	0.007	10
2019-11-21	12:00:00	9.325	8e-04	0	1e-04	4e-04	0.0033	5e-04	0.0013	0.002	0.2061	0.0075	0.0113	10
2019-11-22	12:00:00	9.3182	0.001	0	2e-04	6e-04	0.0034	1e-04	9e-04	0.0013	0.2678	0.005	0.0074	10
2019-11-23	12:00:00	9.3116	0.0011	0	2e-04	6e-04	0.0036	1e-04	9e-04	0.0014	0.2832	0.0052	0.0078	10
2019-11-24	12:00:00	9.3054	0.0011	0	2e-04	6e-04	0.0039	1e-04	0.001	0.0014	0.2992	0.0055	0.0082	10
2019-11-25	12:00:00	9.2994	0.0012	0	2e-04	7e-04	0.0041	1e-04	0.001	0.0015	0.3157	0.0058	0.0087	10
2019-11-26	12:00:00	9.2936	6e-04	0	1e-04	3e-04	0.0042	9e-04	0.0022	0.0033	0.1637	0.0127	0.019	10
2019-11-27	12:00:00	9.2881	0.001	0	1e-04	6e-04	0.0033	1e-04	9e-04	0.0013	0.2328	0.0049	0.0073	10
2019-11-28	12:00:00	9.2829	0.0012	0	2e-04	7e-04	0.0041	1e-04	0.001	0.0016	0.3046	0.0059	0.0088	10
2019-11-29	12:00:00	9.2779	0.0013	0	2e-04	7e-04	0.0044	1e-04	0.0011	0.0016	0.3291	0.0062	0.0093	10
2019-11-30	12:00:00	9.2732	0.0014	1e-04	2e-04	8e-04	0.0047	1e-04	0.0012	0.0017	0.3512	0.0066	0.0099	10
2019-12-01	12:00:00	9.2688	0.0015	1e-04	2e-04	8e-04	0.0049	2e-04	0.0012	0.0018	0.3704	0.0069	0.0104	10
2019-12-02	12:00:00	9.2646	0.0016	1e-04	2e-04	9e-04	0.0052	2e-04	0.0013	0.0019	0.3889	0.0072	0.0109	10
2019-12-03	12:00:00	9.2607	0.0017	1e-04	3e-04	0.001	0.0055	2e-04	0.0013	0.002	0.4095	0.0076	0.0114	10
2019-12-04	12:00:00	9.2571	0.0019	1e-04	3e-04	0.0011	0.0058	2e-04	0.0014	0.0021	0.4298	0.008	0.012	10
2019-12-05	12:00:00	9.2537	0.002	1e-04	3e-04	0.0012	0.0061	2e-04	0.0015	0.0022	0.4523	0.0084	0.0126	10
2019-12-06	12:00:00	9.2506	0.0022	1e-04	3e-04	0.0012	0.0063	2e-04	0.0015	0.0023	0.4696	0.0087	0.013	10
2019-12-07	12:00:00	9.2478	0.0023	1e-04	4e-04	0.0013	0.0067	2e-04	0.0016	0.0024	0.496	0.0092	0.0138	10
2019-12-08	12:00:00	9.2453	0.0025	1e-04	4e-04	0.0015	0.0071	2e-04	0.0017	0.0026	0.5246	0.0097	0.0145	10
2019-12-09	12:00:00	9.243	7e-04	0	1e-04	4e-04	0.0032	9e-04	0.0018	0.0027	0.134	0.0102	0.0152	10
2019-12-10	12:00:00	9.241	0.0021	1e-04	3e-04	0.0012	0.0055	2e-04	0.0014	0.0021	0.4089	0.0079	0.0119	10
2019-12-11	12:00:00	9.2392	0.0023	1e-04	3e-04	0.0013	0.0058	2e-04	0.0015	0.0022	0.4379	0.0083	0.0125	10
2019-12-12	12:00:00	9.2378	0.0021	1e-04	5e-04	0.0019	0.0074	0.0043	0.0072	0.0108	10.0638	0.0407	0.0611	10
2019-12-13	12:00:00	9.2366	3e-04	0	0	1e-04	5e-04	0	2e-04	3e-04	0.884	0.001	0.0014	10
2019-12-14	12:00:00	9.2356	6e-04	0	1e-04	3e-04	0.0011	0	3e-04	5e-04	0.1282	0.0018	0.0026	10
2019-12-15	12:00:00	9.235	7e-04	0	1e-04	4e-04	0.0021	5e-04	0.0011	0.0017	0.1291	0.0063	0.0095	10
2019-12-16	12:00:00	9.2346	0.0026	2e-04	6e-04	0.0023	0.0076	0.0039	0.0068	0.0102	10.9644	0.0385	0.0577	10
2019-12-17	12:00:00	9.2345	8e-04	0	1e-04	4e-04	0.0016	1e-04	5e-04	7e-04	0.7691	0.0026	0.0039	10
2019-12-18	12:00:00	9.2346	0.001	0	1e-04	6e-04	0.0021	1e-04	6e-04	8e-04	0.1409	0.0032	0.0048	10
2019-12-19	12:00:00	9.235	0.001	0	2e-04	6e-04	0.0022	2e-04	7e-04	0.001	0.1659	0.0038	0.0058	10
2019-12-20	12:00:00	9.2357	0.0012	0	2e-04	7e-04	0.0025	1e-04	7e-04	0.001	0.1988	0.0038	0.0058	10
2019-12-21	12:00:00	9.2367	0.0013	1e-04	2e-04	8e-04	0.0027	1e-04	7e-04	0.0011	0.2138	0.004	0.006	10
2019-12-22	12:00:00	9.238	0.0014	1e-04	2e-04	8e-04	0.0028	1e-04	7e-04	0.0011	0.2261	0.0042	0.0063	10
2019-12-23	12:00:00	9.2395	0.0015	1e-04	2e-04	9e-04	0.003	1e-04	8e-04	0.0012	0.2382	0.0044	0.0066	10
2019-12-24	12:00:00	9.2413	0.0016	1e-04	2e-04	9e-04	0.0032	1e-04	8e-04	0.0012	0.2508	0.0046	0.0069	10
2019-12-25	12:00:00	9.2433	0.0018	1e-04	3e-04	0.001	0.0033	1e-04	9e-04	0.0013	0.2635	0.0049	0.0073	10
2019-12-26	12:00:00	9.2456	0.0019	1e-04	3e-04	0.0011	0.0035	1e-04	9e-04	0.0013	0.2765	0.0051	0.0076	10
2019-12-27	12:00:00	9.2482	0.002	1e-04	3e-04	0.0012	0.0037	2e-04	9e-04	0.0014	0.2908	0.0053	0.008	10
2019-12-28	12:00:00	9.2511	0.0022	1e-04	3e-04	0.0012	0.0039	2e-04	0.001	0.0015	0.3056	0.0056	0.0084	10
2019-12-29	12:00:00	9.2542	0.0023	1e-04	4e-04	0.0013	0.0041	2e-04	0.001	0.0015	0.3204	0.0059	0.0088	10
2019-12-30	12:00:00	9.2576	0.0025	1e-04	4e-04	0.0014	0.0043	2e-04	0.0011	0.0016	0.3357	0.0061	0.0092	10
2019-12-31	12:00:00	9.2622	0.0026	1e-04	4e-04	0.0015	0.0046	2e-04	0.0011	0.0017	0.3545	0.0065	0.0097	10
2020-01-01	12:00:00	9.2663	0.0028	1e-04	4e-04	0.0016	0.0052	2e-04	0.0013	0.0019	0.3719	0.0072	0.0108	10
2020-01-02	12:00:00	9.2705	0.0029	1e-04	4e-04	0.0017	0.0059	2e-04	0.0014	0.0021	0.3915	0.0081	0.0121	10
2020-01-03	12:00:00	9.2751	0.003	1e-04	5e-04	0.0018	0.0066	2e-04	0.0016	0.0024	0.4109	0.009	0.0135	10
2020-01-04	12:00:00	9.2799	0.0032	1e-04	5e-04	0.0018	0.0074	2e-04	0.0018	0.0026	0.4324	0.01	0.015	10
2020-01-05	12:00:00	9.2849	0.0033	1e-04	5e-04	0.0019	0.0083	3e-04	0.002	0.0029	0.4545	0.0111	0.0167	10
2020-01-06	12:00:00	9.2903	0.0035	1e-04	5e-04	0.002	0.0093	3e-04	0.0022	0.0032	0.4776	0.0123	0.0184	10
2020-01-07	12:00:00	9.2959	0.0037	1e-04	6e-04	0.0021	0.0103	3e-04	0.0024	0.0036	0.5013	0.0135	0.0203	10
2020-01-08	12:00:00	9.3017	0.0038	1e-04	6e-04	0.0022	0.0114	3e-04	0.0026	0.004	0.5285	0.015	0.0224	10
2020-01-09	12:00:00	9.3078	0.004	2e-04	6e-04	0.0023	0.0127	3e-04	0.0029	0.0044	0.5567	0.0165	0.0247	10
2020-01-10	12:00:00	9.3142	0.0042	2e-04	7e-04	0.0024	0.0139	4e-04	0.0032	0.0048	0.5832	0.018	0.027	10
2020-01-11	12:00:00	9.3209	0.0044	2e-04	7e-04	0.0026	0.0154	4e-04	0.0035	0.0052	0.6144	0.0198	0.0297	10
2020-01-12	12:00:00	9.3278	0.0046	2e-04	7e-04	0.0027	0.0169	4e-04	0.0038	0.0057	0.6449	0.0216	0.0324	10
2020-01-13	12:00:00	9.3349	0.0048	2e-04	7e-04	0.0028	0.0185	5e-04	0.0042	0.0062	0.6778	0.0236	0.0354	10
2020-01-14	12:00:00	9.3423	0.005	2e-04	8e-04	0.0029	0.0202	5e-04	0.0045	0.0068	0.711	0.0257	0.0386	10
2020-01-15	12:00:00	9.35	0.0053	2e-04	8e-04	0.0031	0.022	5e-04	0.0049	0.0074	0.7453	0.0279	0.0419	10
2020-01-16	12:00:00	9.3579	0.0055	2e-04	9e-04	0.0032	0.0241	6e-04	0.0054	0.008	0.7829	0.0304	0.0456	10
2020-01-17	12:00:00	9.3661	0.0058	2e-04	9e-04	0.0034	0.0264	6e-04	0.0058	0.0088	0.8263	0.0332	0.0498	10
2020-01-18	12:00:00	9.3745	0.0061	2e-04	9e-04	0.0035	0.0287	7e-04	0.0064	0.0095	0.8686	0.0361	0.0541	10
2020-01-19	12:00:00	9.3832	0.0063	2e-04	0.001	0.0037	0.0312	7e-04	0.0069	0.0103	0.9132	0.0392	0.0588	10
2020-01-20	12:00:00	9.3921	0.0066	3e-04	0.001	0.0039	0.0339	8e-04	0.0075	0.0112	0.9592	0.0425	0.0637	10
2020-01-21	12:00:00	9.4013	0.0069	3e-04	0.0011	0.004	0.0368	8e-04	0.0081	0.0121	1.008	0.046	0.069	10
2020-01-22	12:00:00	9.4107	0.0073	3e-04	0.0011	0.0042	0.04	9e-04	0.0088	0.0132	1.061	0.0499	0.0748	10
2020-01-23	12:00:00	9.4204	0.0076	3e-04	0.0012	0.0044	0.0433	9e-04	0.0095	0.0142	1.1149	0.0539	0.0809	10
2020-01-24	12:00:00	9.4303	0.0079	3e-04	0.0012	0.0046	0.0469	0.001	0.0103	0.0154	1.1703	0.0582	0.0873	10
2020-01-25	12:00:00	9.4405	0.0083	3e-04	0.0013	0.0048	0.0506	0.0011	0.011	0.0166	1.2274	0.0627	0.0941	10
2020-01-26	12:00:00	9.4509	0.0087	3e-04	0.0013	0.0051	0.0547	0.0012	0.0119	0.0179	1.2919	0.0678	0.1017	10
2020-01-27	12:00:00	9.4615	0.009	4e-04	0.0014	0.0053	0.0588	0.0012	0.0128	0.0192	1.3508	0.0728	0.1092	10
2020-01-28	12:00:00	9.4723	0.0095	4e-04	0.0015	0.0055	0.0639	0.0013	0.0139	0.0209	1.4283	0.079	0.1184	10
2020-01-29	12:00:00	9.4834	0.0098	4e-04	0.0015	0.0057	0.0682	0.0014	0.0148	0.0222	1.4861	0.0842	0.1263	10
2020-01-30	12:00:00	9.4948	0.0103	4e-04	0.0016	0.006	0.0736	0.0015	0.016	0.024	1.5649	0.0908	0.1362	10
2020-01-31	12:00:00	9.5063	0.0012	0	2e-04	7e-04	0.0083	3e-04	0.0019	0.0029	0.1789	0.011	0.0165	10
2020-02-01	12:00:00	9.5181	0.0014	1e-04	2e-04	8e-04	0.0115	0.0011	0.004	0.006	0.2084	0.0228	0.0341	10
2020-02-02	12:00:00	9.5302	0.0069	3e-04	0.001	0.0039	0.0462	0.001	0.0107	0.016	1.0338	0.0607	0.091	10
2020-02-03	12:00:00	9.5424	7e-04	0	1e-04	4e-04	0.0072	0.0017	0.0037	0.0055	0.1006	0.021	0.0314	10
2020-02-04	12:00:00	9.5549	0.0045	2e-04	7e-04	0.0025	0.0282	7e-04	0.0069	0.0103	0.664	0.039	0.0586	10
2020-02-05	12:00:00	9.5675	0.0049	2e-04	7e-04	0.0027	0.0305	7e-04	0.0073	0.0109	0.7483	0.0414	0.0621	10
2020-02-06	12:00:00	9.5804	0.0051	2e-04	8e-04	0.0029	0.0314	8e-04	0.0075	0.0112	0.7947	0.0424	0.0635	10
2020-02-07	12:00:00	9.5936	0.0053	2e-04	8e-04	0.003	0.0324	8e-04	0.0077	0.0115	0.8412	0.0436	0.0654	10
2020-02-08	12:00:00	9.6069	0.0056	2e-04	8e-04	0.0031	0.0334	8e-04	0.0079	0.0119	0.887	0.0449	0.0673	10
2020-02-09	12:00:00	9.6204	0.0058	2e-04	9e-04	0.0033	0.0344	9e-04	0.0081	0.0122	0.9359	0.0462	0.0693	10
2020-02-10	12:00:00	9.6342	0.0061	2e-04	9e-04	0.0034	0.0351	9e-04	0.0083	0.0125	0.9813	0.0472	0.0708	10
2020-02-11	12:00:00	9.6481	0.0064	2e-04	0.001	0.0036	0.0361	9e-04	0.0085	0.0128	1.0358	0.0485	0.0728	10
2020-02-12	12:00:00	9.6623	0.0066	3e-04	0.001	0.0038	0.0369	0.001	0.0087	0.0131	1.0881	0.0496	0.0744	10
2020-02-13	12:00:00	9.6766	0.0069	3e-04	0.001	0.0039	0.0377	0.001	0.0089	0.0134	1.1446	0.0507	0.076	10
2020-02-14	12:00:00	9.6912	0.0072	3e-04	0.0011	0.0041	0.0385	0.001	0.0091	0.0137	1.2035	0.0517	0.0776	10
2020-02-15	12:00:00	9.7059	0.0076	3e-04	0.0011	0.0043	0.0394	0.0011	0.0093	0.014	1.27	0.053	0.0795	10
2020-02-16	12:00:00	9.7209	0.0079	3e-04	0.0012	0.0045	0.0401	0.0011	0.0095	0.0143	1.3375	0.0541	0.0811	10
2020-02-17	12:00:00	9.736	0.0082	3e-04	0.0013	0.0047	0.0408	0.0011	0.0097	0.0145	1.4074	0.0551	0.0826	10
2020-02-18	12:00:00	9.7513	0.0086	3e-04	0.0013	0.0049	0.0413	0.0012	0.0098	0.0147	1.4734	0.0557	0.0835	10
2020-02-19	12:00:00	9.7668	0.0089	3e-04	0.0014	0.0051	0.0418	0.0012	0.01	0.0149	1.5489	0.0565	0.0848	10
2020-02-20	12:00:00	9.7824	0.0034	1e-04	5e-04	0.002	0.0156	6e-04	0.0038	0.0057	0.6031	0.0216	0.0323	10
2020-02-21	12:00:00	9.7983	0.009	3e-04	0.0014	0.0051	0.0392	0.0013	0.0096	0.0145	1.5843	0.0547	0.0821	10
2020-02-22	12:00:00	9.8143	0.0094	4e-04	0.0014	0.0054	0.0396	0.0013	0.0098	0.0146	1.6697	0.0554	0.083	10
2020-02-23	12:00:00	9.8305	0.0099	4e-04	0.0015	0.0057	0.0401	0.0013	0.0099	0.0148	1.7647	0.0562	0.0842	10
2020-02-24	12:00:00	9.8468	0.0103	4e-04	0.0016	0.0059	0.0403	0.0014	0.01	0.0149	1.8567	0.0566	0.0849	10
2020-02-25	12:00:00	9.8633	0.0108	4e-04	0.0016	0.0062	0.0404	0.0014	0.01	0.015	1.9544	0.0569	0.0854	10
2020-02-26	12:00:00	9.88	0.0112	4e-04	0.0017	0.0064	0.0405	0.0014	0.0101	0.0151	2.0577	0.0572	0.0857	10
2020-02-27	12:00:00	9.8968	0.0117	4e-04	0.0018	0.0067	0.0404	0.0015	0.0101	0.0151	2.1674	0.0573	0.0859	10
2020-02-28	12:00:00	9.9138	0.0122	5e-04	0.0019	0.007	0.0401	0.0015	0.0101	0.0151	2.2805	0.0571	0.0857	10
2020-02-29	12:00:00	9.9309	0.0128	5e-04	0.002	0.0073	0.0419	0.0015	0.0105	0.0157	2.3898	0.0595	0.0892	10
2020-03-01	12:00:00	9.9481	0.0134	5e-04	0.0021	0.0077	0.044	0.0016	0.011	0.0164	2.5135	0.0622	0.0933	10
2020-03-02	12:00:00	9.9655	0.0141	5e-04	0.0022	0.0081	0.0464	0.0016	0.0115	0.0173	2.6527	0.0653	0.098	10
2020-03-03	12:00:00	9.983	0.0148	6e-04	0.0023	0.0085	0.0486	0.0017	0.012	0.018	2.7793	0.0681	0.1021	10
2020-03-04	12:00:00	10.0007	0.0155	6e-04	0.0024	0.0089	0.0512	0.0018	0.0126	0.0189	2.9309	0.0714	0.1072	10
2020-03-05	12:00:00	10.0185	0.0161	6e-04	0.0025	0.0093	0.0531	0.0018	0.013	0.0195	3.0439	0.0738	0.1107	10
2020-03-06	12:00:00	10.0363	0.017	7e-04	0.0026	0.0098	0.0562	0.0019	0.0137	0.0206	3.2268	0.0779	0.1169	10
2020-03-07	12:00:00	10.0544	0.018	7e-04	0.0028	0.0104	0.0595	0.002	0.0145	0.0217	3.4215	0.0822	0.1233	10
2020-03-08	12:00:00	10.0725	0.0189	7e-04	0.0029	0.0109	0.0624	0.002	0.0151	0.0227	3.5937	0.0859	0.1289	10
2020-03-09	12:00:00	10.0907	0.0198	8e-04	0.003	0.0114	0.0655	0.0021	0.0158	0.0237	3.7772	0.0898	0.1347	10
2020-03-10	12:00:00	10.109	0.0023	1e-04	4e-04	0.0013	0.0075	3e-04	0.002	0.003	0.4398	0.0112	0.0168	10
2020-03-11	12:00:00	10.1275	0.0186	7e-04	0.0028	0.0105	0.0591	0.0025	0.0161	0.0242	3.4987	0.0917	0.1376	10
2020-03-12	12:00:00	10.146	0.0194	7e-04	0.0029	0.011	0.0619	0.0026	0.0168	0.0252	3.6689	0.0954	0.1432	10
2020-03-13	12:00:00	10.1646	1e-04	0	0	1e-04	7e-04	7e-04	9e-04	0.0014	0.0177	0.0053	0.0079	10
2020-03-14	12:00:00	10.1833	0.0053	2e-04	8e-04	0.0029	0.0146	0.0012	0.0068	0.0102	0.911	0.0385	0.0578	10
2020-03-15	12:00:00	10.202	0.0057	2e-04	8e-04	0.0031	0.0162	0.0012	0.0062	0.0093	1.0336	0.0354	0.0531	10
2020-03-16	12:00:00	10.2209	0.0061	2e-04	9e-04	0.0033	0.0177	0.0012	0.0063	0.0094	1.1285	0.0355	0.0533	10
2020-03-17	12:00:00	10.2398	0.0064	2e-04	9e-04	0.0035	0.0188	0.0012	0.0064	0.0096	1.199	0.0365	0.0547	10
2020-03-18	12:00:00	10.2587	0.0068	2e-04	0.001	0.0037	0.0198	0.0013	0.0067	0.01	1.2666	0.0379	0.0568	10
2020-03-19	12:00:00	10.2778	0.0071	3e-04	0.001	0.0039	0.021	0.0013	0.007	0.0104	1.3381	0.0395	0.0593	10
2020-03-20	12:00:00	10.2968	0.0075	3e-04	0.0011	0.0041	0.0221	0.0013	0.0072	0.0109	1.4074	0.0411	0.0617	10
2020-03-21	12:00:00	10.316	8e-04	0	1e-04	4e-04	0.0042	0.0015	0.0027	0.004	0.1589	0.0151	0.0227	10
2020-03-22	12:00:00	10.3351	0.0057	2e-04	8e-04	0.0031	0.0164	0.0015	0.0065	0.0097	1.0356	0.0367	0.055	10
2020-03-23	12:00:00	10.3543	0.0066	2e-04	0.001	0.0036	0.0194	0.0012	0.0066	0.01	1.243	0.0378	0.0566	10
2020-03-24	12:00:00	10.3735	4e-04	0	1e-04	2e-04	0.0033	0.0033	0.0036	0.0055	0.2751	0.0207	0.031	10
2020-03-25	12:00:00	10.3928	0.0045	2e-04	6e-04	0.0024	0.0123	0.0011	0.0056	0.0085	0.775	0.0321	0.0481	10
2020-03-26	12:00:00	10.412	0.0011	1e-04	2e-04	9e-04	0.0074	0.0218	0.0156	0.0235	7.4875	0.0889	0.1333	10
2020-03-27	12:00:00	10.4313	0.0026	1e-04	3e-04	0.0013	0.009	0.0025	0.0066	0.0098	0.3733	0.0373	0.0559	10
2020-03-28	12:00:00	10.4506	0.0041	1e-04	6e-04	0.0022	0.0107	9e-04	0.0051	0.0077	0.6579	0.0292	0.0438	10
2020-03-29	12:00:00	10.4699	0.0044	2e-04	6e-04	0.0024	0.0124	9e-04	0.0048	0.0072	0.8047	0.0271	0.0407	10
2020-03-30	12:00:00	10.4891	0.0047	2e-04	7e-04	0.0025	0.0135	9e-04	0.0047	0.0071	0.8906	0.0268	0.0402	10
2020-03-31	12:00:00	10.5084	0.0049	2e-04	7e-04	0.0027	0.0145	0.001	0.0049	0.0073	0.9548	0.0277	0.0416	10
2020-04-01	12:00:00	10.5276	0.0052	2e-04	8e-04	0.0028	0.0155	0.001	0.0051	0.0077	1.0113	0.029	0.0436	10
2020-04-02	12:00:00	10.5468	0.0054	2e-04	8e-04	0.003	0.0164	0.0011	0.0053	0.008	1.0602	0.0303	0.0455	10
2020-04-03	12:00:00	10.566	0.0057	2e-04	8e-04	0.0032	0.0175	0.0012	0.0056	0.0085	1.1216	0.032	0.0481	10
2020-04-04	12:00:00	10.5852	0.006	2e-04	9e-04	0.0033	0.0187	0.0013	0.006	0.0089	1.1847	0.0338	0.0508	10
2020-04-05	12:00:00	10.6043	0.0063	2e-04	9e-04	0.0035	0.0198	0.0014	0.0063	0.0094	1.245	0.0356	0.0534	10
2020-04-06	12:00:00	10.6233	0.0067	2e-04	0.001	0.0037	0.021	0.0015	0.0066	0.0099	1.3093	0.0374	0.0561	10
2020-04-07	12:00:00	10.6423	0.007	3e-04	0.001	0.0039	0.0224	0.0017	0.007	0.0104	1.3813	0.0395	0.0592	10
2020-04-08	12:00:00	10.6612	8e-04	0	1e-04	4e-04	0.0069	0.0027	0.0047	0.0071	0.2005	0.0267	0.0401	10
2020-04-09	12:00:00	10.6801	0.0062	2e-04	9e-04	0.0034	0.0196	0.0017	0.0065	0.0097	1.1199	0.0369	0.0553	10
2020-04-10	12:00:00	10.6989	4e-04	0	1e-04	2e-04	0.0062	0.0051	0.0061	0.0092	0.4329	0.0347	0.0521	10
2020-04-11	12:00:00	10.7176	5e-04	0	1e-04	4e-04	0.0037	0.0059	0.0055	0.0083	1.4469	0.0315	0.0472	10
2020-04-12	12:00:00	10.7362	0.0014	0	2e-04	7e-04	0.007	0.0022	0.0051	0.0077	0.1543	0.0292	0.0438	10
2020-04-13	12:00:00	10.7547	0.0021	1e-04	3e-04	0.0011	0.0059	0.0014	0.0034	0.0051	0.3218	0.0192	0.0289	10
2020-04-14	12:00:00	10.7731	0.0028	1e-04	4e-04	0.0015	0.0084	0.0013	0.0036	0.0054	0.4837	0.0206	0.0309	10
2020-04-15	12:00:00	10.7914	0.0024	1e-04	6e-04	0.0021	0.012	0.0278	0.0231	0.0347	13.6798	0.1314	0.1971	10
2020-04-16	12:00:00	10.8096	0.0019	1e-04	3e-04	0.001	0.0073	0.0024	0.0042	0.0064	0.5088	0.0241	0.0362	10
2020-04-17	12:00:00	10.8276	0.0026	1e-04	4e-04	0.0014	0.0081	0.0012	0.0033	0.0049	0.4099	0.0185	0.0277	10
2020-04-18	12:00:00	10.8455	0.0029	1e-04	4e-04	0.0016	0.0093	0.0013	0.0034	0.0052	0.5273	0.0195	0.0293	10
2020-04-19	12:00:00	10.8633	0.003	1e-04	4e-04	0.0017	0.01	0.0014	0.0036	0.0054	0.5906	0.0203	0.0305	10
2020-04-20	12:00:00	10.881	0.0032	1e-04	5e-04	0.0017	0.0107	0.0015	0.0037	0.0056	0.6325	0.0212	0.0319	10
2020-04-21	12:00:00	10.8985	0.0034	1e-04	5e-04	0.0018	0.0114	0.0016	0.0039	0.0059	0.6708	0.0223	0.0335	10
2020-04-22	12:00:00	10.9158	0.0035	1e-04	5e-04	0.0019	0.0121	0.0017	0.0041	0.0062	0.707	0.0234	0.0351	10
2020-04-23	12:00:00	10.933	0.0037	1e-04	5e-04	0.002	0.0129	0.0017	0.0043	0.0065	0.7449	0.0246	0.0369	10
2020-04-24	12:00:00	10.95	5e-04	0	1e-04	3e-04	0.0047	0.0032	0.0042	0.0063	0.5647	0.0238	0.0357	10
2020-04-25	12:00:00	10.9668	7e-04	0	1e-04	4e-04	0.0044	0.0046	0.0048	0.0072	0.7491	0.0274	0.0412	10
2020-04-26	12:00:00	10.9835	0.0011	0	2e-04	7e-04	0.0045	0.0059	0.0056	0.0085	1.4858	0.032	0.048	10
2020-04-27	12:00:00	10.9999	0.001	0	1e-04	5e-04	0.0052	0.0024	0.0037	0.0055	0.279	0.0209	0.0313	10
2020-04-28	12:00:00	11.0162	0.0015	1e-04	2e-04	8e-04	0.0065	0.0015	0.0033	0.005	0.2222	0.0188	0.0282	10
2020-04-29	12:00:00	11.0322	0.002	1e-04	3e-04	0.0011	0.007	0.0012	0.0026	0.0039	0.3572	0.015	0.0224	10
2020-04-30	12:00:00	11.0481	0.0021	1e-04	3e-04	0.0012	0.0076	0.0012	0.0027	0.004	0.424	0.0152	0.0228	10
2020-05-01	12:00:00	11.0637	0.0022	1e-04	3e-04	0.0012	0.0081	0.0013	0.0027	0.0041	0.4604	0.0155	0.0232	10
2020-05-02	12:00:00	11.0791	0.0023	1e-04	3e-04	0.0013	0.0084	0.0013	0.0028	0.0042	0.4871	0.0159	0.0239	10
2020-05-03	12:00:00	11.0943	0.0024	1e-04	4e-04	0.0014	0.0088	0.0013	0.0029	0.0044	0.5131	0.0165	0.0248	10
2020-05-04	12:00:00	11.1092	0.0026	1e-04	4e-04	0.0014	0.0092	0.0014	0.003	0.0045	0.5389	0.0171	0.0257	10
2020-05-05	12:00:00	11.1239	3e-04	0	0	2e-04	0.0041	0.0032	0.0041	0.0061	0.4896	0.0232	0.0348	10
2020-05-06	12:00:00	11.1384	6e-04	0	1e-04	4e-04	0.0032	0.0028	0.0034	0.0051	0.6396	0.0192	0.0287	10
2020-05-07	12:00:00	11.1526	0.0011	0	2e-04	6e-04	0.0037	9e-04	0.0017	0.0025	0.1693	0.0095	0.0142	10
2020-05-08	12:00:00	11.1665	0.0014	0	2e-04	7e-04	0.0046	9e-04	0.0018	0.0026	0.2574	0.01	0.0149	10
2020-05-09	12:00:00	11.1802	0.0011	0	2e-04	6e-04	0.0047	0.002	0.0027	0.004	0.5043	0.0153	0.023	10
2020-05-10	12:00:00	11.1936	0.0016	1e-04	4e-04	0.0014	0.006	0.0075	0.0079	0.0118	3.6893	0.0448	0.0671	10
2020-05-11	12:00:00	11.2067	0.0012	0	2e-04	7e-04	0.0041	7e-04	0.0015	0.0022	0.2041	0.0085	0.0128	10
2020-05-12	12:00:00	11.2195	0.0043	3e-04	0.0012	0.0045	0.0123	0.0103	0.0143	0.0215	12.313	0.0813	0.122	10
2020-05-13	12:00:00	11.2321	4e-04	0	1e-04	2e-04	0.0014	3e-04	6e-04	9e-04	1.0222	0.0032	0.0049	10
2020-05-14	12:00:00	11.2443	7e-04	0	1e-04	4e-04	0.0023	4e-04	8e-04	0.0012	0.4204	0.0045	0.0067	10
2020-05-15	12:00:00	11.2563	7e-04	0	1e-04	4e-04	0.0032	8e-04	0.0015	0.0022	0.1325	0.0083	0.0125	10
2020-05-16	12:00:00	11.2679	9e-04	0	1e-04	5e-04	0.0032	6e-04	0.0011	0.0016	0.1969	0.0062	0.0093	10
2020-05-17	12:00:00	11.2793	0.001	0	1e-04	6e-04	0.0035	6e-04	0.0011	0.0017	0.2281	0.0065	0.0097	10
2020-05-18	12:00:00	11.2903	0.001	0	2e-04	6e-04	0.0036	6e-04	0.0012	0.0018	0.2454	0.0067	0.01	10
2020-05-19	12:00:00	11.301	6e-04	0	1e-04	3e-04	0.0031	0.0024	0.0028	0.0043	0.624	0.0161	0.0242	10
2020-05-20	12:00:00	11.3114	4e-04	0	1e-04	2e-04	0.0033	0.0013	0.0023	0.0034	0.2893	0.0128	0.0193	10
2020-05-21	12:00:00	11.3214	0.0017	1e-04	4e-04	0.0015	0.0039	0.0021	0.0036	0.0054	8.2276	0.0204	0.0307	10
2020-05-22	12:00:00	11.3311	2e-04	0	0	1e-04	7e-04	1e-04	3e-04	4e-04	0.6562	0.0016	0.0024	10
2020-05-23	12:00:00	11.3405	3e-04	0	0	1e-04	0.0011	3e-04	5e-04	8e-04	0.1802	0.0031	0.0046	10
2020-05-24	12:00:00	11.3495	3e-04	0	0	2e-04	0.0013	4e-04	7e-04	0.001	0.1484	0.0039	0.0059	10
2020-05-25	12:00:00	11.3582	5e-04	0	1e-04	2e-04	0.0014	2e-04	5e-04	7e-04	0.0946	0.0027	0.0041	10
2020-05-26	12:00:00	11.3666	5e-04	0	1e-04	3e-04	0.0016	3e-04	5e-04	8e-04	0.1217	0.003	0.0045	10
2020-05-27	12:00:00	11.3745	5e-04	0	1e-04	3e-04	0.0017	3e-04	5e-04	8e-04	0.1327	0.0031	0.0047	10
2020-05-28	12:00:00	11.3822	4e-04	0	1e-04	2e-04	0.0019	6e-04	0.001	0.0015	0.1484	0.0055	0.0083	10
2020-05-29	12:00:00	11.3894	5e-04	0	1e-04	2e-04	0.002	5e-04	0.0011	0.0016	0.0992	0.006	0.0091	10
2020-05-30	12:00:00	11.3963	4e-04	0	1e-04	2e-04	0.0018	5e-04	9e-04	0.0013	0.0995	0.005	0.0075	10
2020-05-31	12:00:00	11.4028	4e-04	0	1e-04	2e-04	0.0016	5e-04	9e-04	0.0013	0.1191	0.0049	0.0074	10
2020-06-01	12:00:00	11.409	0.0018	1e-04	4e-04	0.0016	0.0038	0.0019	0.0033	0.005	9.2143	0.0189	0.0283	10
2020-06-02	12:00:00	11.4148	2e-04	0	0	1e-04	6e-04	2e-04	3e-04	4e-04	0.6377	0.0017	0.0025	10
2020-06-03	12:00:00	11.4201	3e-04	0	0	1e-04	8e-04	2e-04	3e-04	4e-04	0.2136	0.0017	0.0025	10
2020-06-04	12:00:00	11.4252	3e-04	0	0	2e-04	0.0012	2e-04	5e-04	8e-04	0.0818	0.0029	0.0043	10
2020-06-05	12:00:00	11.4298	4e-04	0	1e-04	2e-04	0.0013	2e-04	4e-04	7e-04	0.0956	0.0025	0.0037	10
2020-06-06	12:00:00	11.434	4e-04	0	1e-04	2e-04	0.0014	2e-04	4e-04	6e-04	0.111	0.0024	0.0036	10
2020-06-07	12:00:00	11.4379	4e-04	0	1e-04	2e-04	0.0015	2e-04	4e-04	7e-04	0.1196	0.0025	0.0038	10
2020-06-08	12:00:00	11.4414	4e-04	0	1e-04	3e-04	0.0023	0.0012	0.0018	0.0027	0.5871	0.0101	0.0152	10
2020-06-09	12:00:00	11.4445	4e-04	0	1e-04	2e-04	0.0016	3e-04	7e-04	0.001	0.0911	0.0037	0.0056	10
2020-06-10	12:00:00	11.4471	4e-04	0	1e-04	2e-04	0.0017	3e-04	7e-04	0.001	0.1028	0.0037	0.0056	10
2020-06-11	12:00:00	11.4494	5e-04	0	1e-04	2e-04	0.0016	2e-04	5e-04	7e-04	0.1234	0.0028	0.0041	10
2020-06-12	12:00:00	11.4513	4e-04	0	1e-04	2e-04	0.0017	2e-04	5e-04	7e-04	0.1279	0.0028	0.0042	10
2020-06-13	12:00:00	11.4529	4e-04	0	1e-04	2e-04	0.0017	4e-04	7e-04	0.0011	0.0994	0.0041	0.0062	10
2020-06-14	12:00:00	11.454	5e-04	0	1e-04	2e-04	0.0017	2e-04	5e-04	8e-04	0.1222	0.003	0.0045	10
2020-06-15	12:00:00	11.4547	5e-04	0	1e-04	3e-04	0.0019	2e-04	6e-04	8e-04	0.1364	0.0031	0.0047	10
2020-06-16	12:00:00	11.455	5e-04	0	1e-04	3e-04	0.002	2e-04	6e-04	9e-04	0.1466	0.0033	0.0049	10
2020-06-17	12:00:00	11.4549	5e-04	0	1e-04	3e-04	0.0021	2e-04	6e-04	9e-04	0.1543	0.0034	0.0051	10
2020-06-18	12:00:00	11.4544	4e-04	0	1e-04	2e-04	0.0022	9e-04	0.0014	0.0022	0.1894	0.0082	0.0123	10
2020-06-19	12:00:00	11.4536	5e-04	0	1e-04	3e-04	0.002	3e-04	6e-04	9e-04	0.126	0.0034	0.0051	10
2020-06-20	12:00:00	11.4523	5e-04	0	1e-04	3e-04	0.0022	3e-04	6e-04	0.001	0.1511	0.0036	0.0054	10
2020-06-21	12:00:00	11.4506	5e-04	0	1e-04	3e-04	0.0024	3e-04	7e-04	0.001	0.1651	0.0038	0.0056	10
2020-06-22	12:00:00	11.4486	6e-04	0	1e-04	3e-04	0.0025	3e-04	7e-04	0.001	0.1746	0.0039	0.0059	10
2020-06-23	12:00:00	11.4461	6e-04	0	1e-04	3e-04	0.0026	3e-04	7e-04	0.0011	0.1829	0.0041	0.0062	10
2020-06-24	12:00:00	11.4433	6e-04	0	1e-04	3e-04	0.0026	3e-04	7e-04	0.0011	0.1779	0.0042	0.0063	10
2020-06-25	12:00:00	11.44	6e-04	0	1e-04	3e-04	0.0029	3e-04	8e-04	0.0012	0.1975	0.0046	0.0069	10
2020-06-26	12:00:00	11.4364	6e-04	0	1e-04	4e-04	0.0031	3e-04	8e-04	0.0013	0.2075	0.0047	0.0071	10
2020-06-27	12:00:00	11.4324	6e-04	0	1e-04	4e-04	0.0036	5e-04	0.0012	0.0019	0.2054	0.0071	0.0106	10
2020-06-28	12:00:00	11.428	6e-04	0	1e-04	3e-04	0.0038	6e-04	0.0014	0.0021	0.2017	0.0081	0.0122	10
2020-06-29	12:00:00	11.4232	7e-04	0	1e-04	4e-04	0.0035	3e-04	9e-04	0.0014	0.2267	0.0053	0.0079	10
2020-06-30	12:00:00	11.418	7e-04	0	1e-04	4e-04	0.0037	3e-04	0.001	0.0015	0.24	0.0055	0.0083	10
2020-07-01	12:00:00	11.4125	7e-04	0	1e-04	4e-04	0.0047	8e-04	0.002	0.0029	0.2169	0.0111	0.0167	10
2020-07-02	12:00:00	11.4066	8e-04	0	1e-04	4e-04	0.0039	4e-04	0.0011	0.0017	0.2438	0.0064	0.0096	10
2020-07-03	12:00:00	11.4003	7e-04	0	1e-04	4e-04	0.0044	8e-04	0.0018	0.0027	0.2125	0.0102	0.0153	10
2020-07-04	12:00:00	11.3936	0.0044	3e-04	0.0011	0.004	0.0142	0.0082	0.0135	0.0203	20.503	0.0767	0.1151	10
2020-07-05	12:00:00	11.3866	9e-04	1e-04	2e-04	8e-04	0.003	0.0015	0.0026	0.0039	4.5262	0.0149	0.0224	10
2020-07-06	12:00:00	11.3792	2e-04	0	0	1e-04	0.001	1e-04	3e-04	4e-04	0.3485	0.0017	0.0025	10
2020-07-07	12:00:00	11.3714	4e-04	0	1e-04	2e-04	0.0018	2e-04	5e-04	8e-04	0.0782	0.0029	0.0043	10
2020-07-08	12:00:00	11.3633	5e-04	0	1e-04	3e-04	0.0024	2e-04	7e-04	0.001	0.1286	0.0037	0.0056	10
2020-07-09	12:00:00	11.3548	5e-04	0	1e-04	3e-04	0.0027	3e-04	7e-04	0.0011	0.1641	0.0042	0.0062	10
2020-07-10	12:00:00	11.346	6e-04	0	1e-04	3e-04	0.0029	3e-04	8e-04	0.0012	0.1823	0.0044	0.0066	10
2020-07-11	12:00:00	11.3368	6e-04	0	1e-04	3e-04	0.003	3e-04	8e-04	0.0012	0.1933	0.0046	0.0069	10
2020-07-12	12:00:00	11.3273	6e-04	0	1e-04	3e-04	0.0032	3e-04	8e-04	0.0013	0.2025	0.0048	0.0072	10
2020-07-13	12:00:00	11.3175	0.0032	2e-04	7e-04	0.0028	0.0043	0.0019	0.0036	0.0053	20.22	0.0202	0.0303	10
2020-07-14	12:00:00	11.3073	3e-04	0	0	1e-04	0.0012	1e-04	3e-04	5e-04	0.1321	0.0019	0.0029	10
2020-07-15	12:00:00	11.2968	0.0031	2e-04	8e-04	0.0028	0.0075	0.0036	0.0065	0.0098	15.2299	0.0371	0.0557	10
2020-07-16	12:00:00	11.286	2e-04	0	0	1e-04	8e-04	2e-04	4e-04	6e-04	0.8638	0.0024	0.0036	10
2020-07-17	12:00:00	11.2748	2e-04	0	0	1e-04	0.0011	2e-04	4e-04	6e-04	0.1548	0.0022	0.0032	10
2020-07-18	12:00:00	11.2633	3e-04	0	0	1e-04	0.0014	2e-04	5e-04	8e-04	0.073	0.0029	0.0044	10
2020-07-19	12:00:00	11.2516	4e-04	0	1e-04	2e-04	0.0018	2e-04	5e-04	8e-04	0.1006	0.0029	0.0043	10
2020-07-20	12:00:00	11.2395	4e-04	0	1e-04	2e-04	0.002	2e-04	6e-04	8e-04	0.1256	0.0032	0.0047	10
2020-07-21	12:00:00	11.2271	4e-04	0	1e-04	2e-04	0.0021	2e-04	6e-04	9e-04	0.1367	0.0033	0.005	10
2020-07-22	12:00:00	11.2145	4e-04	0	1e-04	2e-04	0.0023	2e-04	6e-04	9e-04	0.1453	0.0035	0.0052	10
2020-07-23	12:00:00	11.2015	4e-04	0	1e-04	2e-04	0.0024	2e-04	6e-04	0.001	0.1524	0.0036	0.0054	10
2020-07-24	12:00:00	11.1883	4e-04	0	1e-04	2e-04	0.0028	0.0014	0.0022	0.0033	0.6329	0.0123	0.0185	10
2020-07-25	12:00:00	11.1748	4e-04	0	0	2e-04	0.0021	3e-04	8e-04	0.0012	0.0914	0.0044	0.0066	10
2020-07-26	12:00:00	11.161	4e-04	0	1e-04	3e-04	0.0037	0.002	0.0032	0.0047	0.8851	0.018	0.0269	10
2020-07-27	12:00:00	11.1469	3e-04	0	0	1e-04	0.0012	2e-04	5e-04	7e-04	0.1212	0.0026	0.0038	10
2020-07-28	12:00:00	11.1326	4e-04	0	0	2e-04	0.0018	2e-04	5e-04	8e-04	0.0887	0.0029	0.0044	10
2020-07-29	12:00:00	11.1181	4e-04	0	1e-04	2e-04	0.0021	2e-04	6e-04	9e-04	0.1236	0.0034	0.005	10
2020-07-30	12:00:00	11.1033	4e-04	0	1e-04	2e-04	0.0023	2e-04	6e-04	9e-04	0.1424	0.0036	0.0054	10
2020-07-31	12:00:00	11.0883	4e-04	0	1e-04	2e-04	0.0023	5e-04	0.001	0.0015	0.1774	0.0055	0.0082	10
2020-08-01	12:00:00	11.073	4e-04	0	1e-04	2e-04	0.0024	2e-04	7e-04	0.001	0.1389	0.0037	0.0056	10
2020-08-02	12:00:00	11.0575	3e-04	0	1e-04	2e-04	0.0034	0.0021	0.0032	0.0048	0.9743	0.0181	0.0271	10
2020-08-03	12:00:00	11.0418	0.0016	1e-04	4e-04	0.0014	0.0032	0.0015	0.0027	0.0041	9.2842	0.0154	0.0231	10
2020-08-04	12:00:00	11.0259	1e-04	0	0	1e-04	7e-04	2e-04	3e-04	5e-04	0.8705	0.0019	0.0028	10
2020-08-05	12:00:00	11.0097	2e-04	0	0	1e-04	0.0011	4e-04	7e-04	0.001	1.0345	0.004	0.006	10
2020-08-06	12:00:00	10.9934	2e-04	0	0	1e-04	0.0012	4e-04	7e-04	0.001	0.5088	0.0039	0.0058	10
2020-08-07	12:00:00	10.9769	2e-04	0	0	1e-04	0.001	1e-04	3e-04	4e-04	0.1434	0.0017	0.0025	10
2020-08-08	12:00:00	10.9601	0.0017	1e-04	4e-04	0.0015	0.0046	0.0021	0.0039	0.0059	8.5538	0.0222	0.0333	10
2020-08-09	12:00:00	10.9432	2e-04	0	0	1e-04	0.0011	1e-04	3e-04	4e-04	0.1249	0.0017	0.0025	10
2020-08-10	12:00:00	10.9262	3e-04	0	0	1e-04	0.0014	1e-04	4e-04	6e-04	0.0841	0.0021	0.0032	10
2020-08-11	12:00:00	10.9089	0.001	1e-04	3e-04	0.001	0.0024	0.0014	0.0021	0.0031	1.7356	0.0117	0.0175	10
2020-08-12	12:00:00	10.8915	6e-04	0	1e-04	5e-04	0.0036	0.0018	0.0031	0.0046	3.0014	0.0174	0.0261	10
2020-08-13	12:00:00	10.874	2e-04	0	0	1e-04	9e-04	2e-04	4e-04	5e-04	0.4087	0.002	0.003	10
2020-08-14	12:00:00	10.8563	2e-04	0	0	1e-04	0.0011	1e-04	3e-04	5e-04	0.1173	0.0018	0.0027	10
2020-08-15	12:00:00	10.8384	3e-04	0	0	1e-04	0.0013	1e-04	4e-04	6e-04	0.0874	0.0022	0.0033	10
2020-08-16	12:00:00	10.8204	7e-04	0	2e-04	6e-04	0.0034	0.0018	0.003	0.0045	2.6696	0.017	0.0255	10
2020-08-17	12:00:00	10.8023	2e-04	0	0	1e-04	0.0011	2e-04	4e-04	7e-04	0.1219	0.0025	0.0037	10
2020-08-18	12:00:00	10.7841	3e-04	0	0	1e-04	0.0014	2e-04	5e-04	7e-04	0.0916	0.0028	0.0042	10
2020-08-19	12:00:00	10.7658	3e-04	0	0	1e-04	0.0014	1e-04	4e-04	6e-04	0.0984	0.0023	0.0034	10
2020-08-20	12:00:00	10.7473	3e-04	0	0	2e-04	0.0015	2e-04	4e-04	6e-04	0.1121	0.0024	0.0036	10
2020-08-21	12:00:00	10.7288	3e-04	0	0	2e-04	0.0016	2e-04	4e-04	7e-04	0.1202	0.0025	0.0037	10
2020-08-22	12:00:00	10.7101	4e-04	0	0	2e-04	0.0017	2e-04	5e-04	7e-04	0.1263	0.0026	0.0039	10
2020-08-23	12:00:00	10.6914	8e-04	0	2e-04	7e-04	0.0051	0.0028	0.0046	0.0069	3.4845	0.0261	0.0392	10
2020-08-24	12:00:00	10.6726	3e-04	0	0	2e-04	0.0014	2e-04	4e-04	6e-04	0.0862	0.0023	0.0035	10
2020-08-25	12:00:00	10.6537	4e-04	0	0	2e-04	0.0017	2e-04	5e-04	7e-04	0.1167	0.0026	0.0039	10
2020-08-26	12:00:00	10.6348	4e-04	0	1e-04	2e-04	0.0018	2e-04	5e-04	7e-04	0.1312	0.0028	0.0042	10
2020-08-27	12:00:00	10.6157	0.0018	1e-04	4e-04	0.0016	0.0107	0.0059	0.01	0.0149	7.8895	0.0566	0.0848	10
2020-08-28	12:00:00	10.5967	6e-04	0	1e-04	5e-04	0.0032	0.0017	0.0029	0.0043	2.7619	0.0164	0.0246	10
2020-08-29	12:00:00	10.5776	0.001	1e-04	2e-04	8e-04	0.0021	9e-04	0.0018	0.0027	5.7446	0.0101	0.0151	10
2020-08-30	12:00:00	10.5584	1e-04	0	0	0	4e-04	1e-04	1e-04	2e-04	0.9265	6e-04	0.001	10
2020-08-31	12:00:00	10.5392	2e-04	0	0	1e-04	0.0011	4e-04	7e-04	0.0011	0.8498	0.0041	0.0061	10
2020-09-01	12:00:00	10.52	2e-04	0	0	1e-04	7e-04	1e-04	2e-04	3e-04	0.4229	0.0012	0.0019	10
2020-09-02	12:00:00	10.5007	1e-04	0	0	1e-04	9e-04	3e-04	5e-04	8e-04	0.4187	0.0029	0.0044	10
2020-09-03	12:00:00	10.4815	2e-04	0	0	1e-04	0.0012	5e-04	8e-04	0.0012	0.4355	0.0045	0.0068	10
2020-09-04	12:00:00	10.4622	2e-04	0	0	1e-04	8e-04	1e-04	3e-04	4e-04	0.1832	0.0016	0.0024	10
2020-09-05	12:00:00	10.4429	2e-04	0	0	1e-04	0.001	1e-04	3e-04	4e-04	0.1014	0.0017	0.0025	10
2020-09-06	12:00:00	10.4237	3e-04	0	0	1e-04	0.0011	1e-04	3e-04	5e-04	0.0897	0.0018	0.0028	10
2020-09-07	12:00:00	10.4044	3e-04	0	0	1e-04	0.0012	1e-04	3e-04	5e-04	0.1001	0.0019	0.0029	10
2020-09-08	12:00:00	10.3851	2e-04	0	0	1e-04	0.0016	7e-04	0.0011	0.0017	0.2885	0.0064	0.0096	10
2020-09-09	12:00:00	10.3659	0.0023	1e-04	5e-04	0.002	0.0061	0.0029	0.0053	0.0079	11.9417	0.0299	0.0448	10
2020-09-10	12:00:00	10.3467	2e-04	0	0	1e-04	9e-04	1e-04	3e-04	4e-04	0.1017	0.0015	0.0023	10
2020-09-11	12:00:00	10.3275	3e-04	0	0	1e-04	0.0012	1e-04	3e-04	5e-04	0.0862	0.0019	0.0028	10
2020-09-12	12:00:00	10.3084	3e-04	0	0	2e-04	0.0013	1e-04	4e-04	5e-04	0.1046	0.002	0.0031	10
2020-09-13	12:00:00	10.2893	3e-04	0	0	2e-04	0.0014	1e-04	4e-04	6e-04	0.115	0.0022	0.0032	10
2020-09-14	12:00:00	10.2702	4e-04	0	0	2e-04	0.0015	1e-04	4e-04	6e-04	0.1224	0.0023	0.0034	10
2020-09-15	12:00:00	10.2512	4e-04	0	0	2e-04	0.0015	1e-04	4e-04	6e-04	0.124	0.0025	0.0037	10
2020-09-16	12:00:00	10.2323	4e-04	0	0	2e-04	0.0018	3e-04	7e-04	0.0011	0.1233	0.0042	0.0063	10
2020-09-17	12:00:00	10.2134	3e-04	0	0	2e-04	0.0016	3e-04	7e-04	0.0011	0.1033	0.0041	0.0062	10
2020-09-18	12:00:00	10.1946	3e-04	0	0	1e-04	0.0014	4e-04	7e-04	0.0011	0.1028	0.004	0.0061	10
2020-09-19	12:00:00	10.1758	4e-04	0	0	2e-04	0.0015	1e-04	4e-04	6e-04	0.1027	0.0023	0.0035	10
2020-09-20	12:00:00	10.1572	3e-04	0	0	2e-04	0.0018	5e-04	0.001	0.0015	0.1265	0.0057	0.0085	10
2020-09-21	12:00:00	10.1386	3e-04	0	0	1e-04	0.0016	5e-04	9e-04	0.0014	0.1	0.0051	0.0077	10
2020-09-22	12:00:00	10.1201	3e-04	0	0	2e-04	0.0013	1e-04	4e-04	6e-04	0.0818	0.0022	0.0033	10
2020-09-23	12:00:00	10.1017	4e-04	0	1e-04	2e-04	0.0015	1e-04	4e-04	6e-04	0.115	0.0024	0.0036	10
2020-09-24	12:00:00	10.0834	4e-04	0	1e-04	2e-04	0.0017	1e-04	5e-04	7e-04	0.1325	0.0026	0.0039	10
2020-09-25	12:00:00	10.0653	4e-04	0	1e-04	2e-04	0.0019	4e-04	8e-04	0.0012	0.1398	0.0045	0.0067	10
2020-09-26	12:00:00	10.0472	4e-04	0	1e-04	2e-04	0.0018	1e-04	5e-04	7e-04	0.1322	0.0028	0.0041	10
2020-09-27	12:00:00	10.0292	5e-04	0	1e-04	3e-04	0.002	1e-04	5e-04	8e-04	0.1519	0.0029	0.0044	10
2020-09-28	12:00:00	10.0114	5e-04	0	1e-04	3e-04	0.0021	1e-04	5e-04	8e-04	0.1643	0.0031	0.0046	10
2020-09-29	12:00:00	9.9936	5e-04	0	1e-04	3e-04	0.0022	1e-04	6e-04	8e-04	0.1737	0.0032	0.0048	10
2020-09-30	12:00:00	9.9761	3e-04	0	0	2e-04	0.003	0.0011	0.002	0.0031	0.1543	0.0116	0.0173	10
2020-10-01	12:00:00	9.9586	5e-04	0	1e-04	2e-04	0.0018	2e-04	6e-04	9e-04	0.1121	0.0033	0.005	10
2020-10-02	12:00:00	9.9413	5e-04	0	1e-04	3e-04	0.0021	1e-04	6e-04	8e-04	0.1521	0.0031	0.0047	10
2020-10-03	12:00:00	9.9241	5e-04	0	1e-04	3e-04	0.0023	1e-04	6e-04	9e-04	0.1757	0.0033	0.005	10
2020-10-04	12:00:00	9.907	6e-04	0	1e-04	3e-04	0.0024	1e-04	6e-04	9e-04	0.1903	0.0035	0.0053	10
2020-10-05	12:00:00	9.8901	6e-04	0	1e-04	3e-04	0.0025	1e-04	6e-04	0.001	0.2014	0.0037	0.0055	10
2020-10-06	12:00:00	9.8733	6e-04	0	1e-04	4e-04	0.0027	1e-04	7e-04	0.001	0.2123	0.0038	0.0057	10
2020-10-07	12:00:00	9.8567	7e-04	0	1e-04	4e-04	0.0028	1e-04	7e-04	0.0011	0.2229	0.004	0.006	10
2020-10-08	12:00:00	9.8403	7e-04	0	1e-04	4e-04	0.003	1e-04	7e-04	0.0011	0.2344	0.0042	0.0063	10
2020-10-09	12:00:00	9.824	8e-04	0	1e-04	4e-04	0.0031	2e-04	8e-04	0.0012	0.246	0.0044	0.0066	10
2020-10-10	12:00:00	9.8079	8e-04	0	1e-04	5e-04	0.0033	2e-04	8e-04	0.0012	0.2581	0.0046	0.0069	10
2020-10-11	12:00:00	9.792	8e-04	0	1e-04	5e-04	0.0033	2e-04	8e-04	0.0012	0.2634	0.0047	0.007	10
2020-10-12	12:00:00	9.7762	9e-04	0	1e-04	5e-04	0.0036	2e-04	9e-04	0.0013	0.2849	0.005	0.0075	10
2020-10-13	12:00:00	9.7606	9e-04	0	1e-04	5e-04	0.0038	2e-04	9e-04	0.0014	0.2987	0.0052	0.0079	10
2020-10-14	12:00:00	9.7452	0.001	0	2e-04	6e-04	0.004	2e-04	0.001	0.0014	0.3137	0.0055	0.0082	10
2020-10-15	12:00:00	9.73	0.001	0	2e-04	6e-04	0.0042	2e-04	0.001	0.0015	0.3294	0.0057	0.0086	10
2020-10-16	12:00:00	9.7149	0.0011	0	2e-04	6e-04	0.0044	2e-04	0.0011	0.0016	0.3463	0.006	0.009	10
2020-10-17	12:00:00	9.7	0.0012	0	2e-04	7e-04	0.0046	2e-04	0.0011	0.0017	0.3638	0.0063	0.0094	10
2020-10-18	12:00:00	9.6854	0.0012	0	2e-04	7e-04	0.0048	2e-04	0.0012	0.0017	0.3818	0.0066	0.0099	10
2020-10-19	12:00:00	9.6709	0.0013	0	2e-04	7e-04	0.005	2e-04	0.0012	0.0018	0.3997	0.0068	0.0103	10
2020-10-20	12:00:00	9.6566	0.0014	1e-04	2e-04	8e-04	0.0053	2e-04	0.0013	0.0019	0.422	0.0072	0.0108	10
2020-10-21	12:00:00	9.6426	5e-04	0	1e-04	3e-04	0.0041	0.0012	0.0025	0.0037	0.1666	0.014	0.021	10
2020-10-22	12:00:00	9.6287	0.0012	0	2e-04	7e-04	0.0045	3e-04	0.0012	0.0018	0.3445	0.0068	0.0102	10
2020-10-23	12:00:00	9.615	0.0013	1e-04	2e-04	8e-04	0.0049	2e-04	0.0012	0.0018	0.3926	0.0069	0.0104	10
2020-10-24	12:00:00	9.6016	0.0014	1e-04	2e-04	8e-04	0.0052	2e-04	0.0013	0.0019	0.4171	0.0072	0.0108	10
2020-10-25	12:00:00	9.5883	0.0015	1e-04	2e-04	8e-04	0.0054	2e-04	0.0013	0.002	0.4391	0.0075	0.0113	10
2020-10-26	12:00:00	9.5753	0.0016	1e-04	2e-04	9e-04	0.0057	2e-04	0.0014	0.0021	0.4602	0.0079	0.0118	10
2020-10-27	12:00:00	9.5625	7e-04	0	1e-04	4e-04	0.0033	5e-04	0.0013	0.002	0.2137	0.0076	0.0115	10
2020-10-28	12:00:00	9.5499	0.0014	1e-04	2e-04	8e-04	0.005	2e-04	0.0013	0.0019	0.4113	0.0074	0.0111	10
2020-10-29	12:00:00	9.5375	0.0015	1e-04	2e-04	9e-04	0.0053	2e-04	0.0014	0.002	0.4353	0.0077	0.0116	10
2020-10-30	12:00:00	9.5253	0.0016	1e-04	2e-04	9e-04	0.0055	2e-04	0.0014	0.0021	0.4576	0.008	0.0121	10
2020-10-31	12:00:00	9.5134	0.0017	1e-04	3e-04	0.001	0.0059	2e-04	0.0015	0.0022	0.4818	0.0085	0.0127	10
2020-11-01	12:00:00	9.5017	8e-04	0	1e-04	4e-04	0.0045	9e-04	0.0022	0.0033	0.2245	0.0124	0.0186	10
2020-11-02	12:00:00	9.4902	0.0012	0	2e-04	7e-04	0.0045	5e-04	0.0015	0.0023	0.3239	0.0087	0.0131	10
2020-11-03	12:00:00	9.479	0.0016	1e-04	2e-04	9e-04	0.0055	2e-04	0.0014	0.0022	0.4449	0.0082	0.0122	10
2020-11-04	12:00:00	9.468	0.0017	1e-04	3e-04	0.001	0.0058	2e-04	0.0015	0.0023	0.4722	0.0086	0.0129	10
2020-11-05	12:00:00	9.4572	0.0018	1e-04	3e-04	0.001	0.0062	3e-04	0.0016	0.0024	0.4978	0.009	0.0135	10
2020-11-06	12:00:00	9.4467	0.0019	1e-04	3e-04	0.0011	0.0065	3e-04	0.0017	0.0025	0.5217	0.0094	0.0142	10
2020-11-07	12:00:00	9.4364	0.002	1e-04	3e-04	0.0011	0.0069	3e-04	0.0018	0.0026	0.5501	0.01	0.0149	10
2020-11-08	12:00:00	9.4263	0.0021	1e-04	3e-04	0.0012	0.0073	3e-04	0.0018	0.0028	0.5781	0.0105	0.0157	10
2020-11-09	12:00:00	9.4165	0.0022	1e-04	3e-04	0.0013	0.0078	3e-04	0.0019	0.0029	0.6085	0.011	0.0165	10
2020-11-10	12:00:00	9.407	0.0023	1e-04	4e-04	0.0013	0.0082	3e-04	0.002	0.003	0.6366	0.0115	0.0173	10
2020-11-11	12:00:00	9.3976	0.0025	1e-04	4e-04	0.0014	0.0087	3e-04	0.0021	0.0032	0.6719	0.0122	0.0183	10
2020-11-12	12:00:00	9.3886	0.0026	1e-04	4e-04	0.0015	0.0091	3e-04	0.0022	0.0034	0.7023	0.0127	0.0191	10
2020-11-13	12:00:00	9.3797	3e-04	0	0	2e-04	0.0031	0.0012	0.0023	0.0034	0.0901	0.0129	0.0194	10
2020-11-14	12:00:00	9.3711	9e-04	0	1e-04	5e-04	0.0057	0.0014	0.0032	0.0048	0.2344	0.018	0.027	10
2020-11-15	12:00:00	9.3628	0.0015	1e-04	2e-04	9e-04	0.0052	2e-04	0.0014	0.0021	0.3986	0.0079	0.0118	10
2020-11-16	12:00:00	9.3547	0.0016	1e-04	2e-04	9e-04	0.0055	2e-04	0.0014	0.0022	0.4279	0.0082	0.0123	10
2020-11-17	12:00:00	9.3469	0.0017	1e-04	3e-04	0.001	0.0059	2e-04	0.0015	0.0023	0.4552	0.0087	0.013	10
2020-11-18	12:00:00	9.3393	0.0014	1e-04	2e-04	8e-04	0.0047	4e-04	0.0014	0.002	0.3574	0.0077	0.0115	10
2020-11-19	12:00:00	9.332	0.0012	1e-04	3e-04	0.0012	0.0078	0.0069	0.0093	0.014	2.7998	0.0529	0.0793	10
2020-11-20	12:00:00	9.325	0.0011	0	2e-04	6e-04	0.0032	2e-04	0.001	0.0015	0.1829	0.0056	0.0084	10
2020-11-21	12:00:00	9.3182	0.0013	0	2e-04	7e-04	0.004	2e-04	0.0011	0.0017	0.2778	0.0065	0.0097	10
2020-11-22	12:00:00	9.3116	0.0014	1e-04	2e-04	8e-04	0.0045	2e-04	0.0012	0.0018	0.3355	0.0069	0.0104	10
2020-11-23	12:00:00	9.3054	0.0015	1e-04	2e-04	8e-04	0.0048	2e-04	0.0013	0.0019	0.3683	0.0073	0.011	10
2020-11-24	12:00:00	9.2994	0.0016	1e-04	2e-04	9e-04	0.0052	2e-04	0.0014	0.002	0.3944	0.0077	0.0116	10
2020-11-25	12:00:00	9.2936	5e-04	0	1e-04	4e-04	0.0042	0.0032	0.0045	0.0068	0.6262	0.0256	0.0383	10
2020-11-26	12:00:00	9.2881	0.001	1e-04	2e-04	8e-04	0.0061	0.0042	0.0061	0.0091	1.3098	0.0344	0.0515	10
2020-11-27	12:00:00	9.2829	0.0011	0	2e-04	6e-04	0.0033	1e-04	9e-04	0.0014	0.1807	0.0053	0.0079	10
2020-11-28	12:00:00	9.2779	0.0012	0	2e-04	7e-04	0.004	2e-04	0.0011	0.0016	0.2726	0.0062	0.0092	10
2020-11-29	12:00:00	9.2732	0.0014	1e-04	2e-04	8e-04	0.0045	2e-04	0.0012	0.0018	0.3282	0.0067	0.01	10
2020-11-30	12:00:00	9.2688	0.0015	1e-04	2e-04	8e-04	0.0048	2e-04	0.0012	0.0019	0.3614	0.0071	0.0106	10
2020-12-01	12:00:00	9.2646	0.0016	1e-04	2e-04	9e-04	0.0051	2e-04	0.0013	0.002	0.3855	0.0074	0.0112	10
2020-12-02	12:00:00	9.2607	0.0018	1e-04	3e-04	0.001	0.0054	2e-04	0.0014	0.0021	0.4083	0.0078	0.0118	10
2020-12-03	12:00:00	9.2571	0.0019	1e-04	3e-04	0.0011	0.0057	2e-04	0.0014	0.0022	0.4303	0.0082	0.0123	10
2020-12-04	12:00:00	9.2537	0.0021	1e-04	3e-04	0.0012	0.006	2e-04	0.0015	0.0023	0.4515	0.0086	0.0129	10
2020-12-05	12:00:00	9.2506	0.0022	1e-04	3e-04	0.0013	0.0064	2e-04	0.0016	0.0024	0.4755	0.0091	0.0136	10
2020-12-06	12:00:00	9.2478	0.0024	1e-04	4e-04	0.0014	0.0067	2e-04	0.0017	0.0025	0.4994	0.0095	0.0142	10
2020-12-07	12:00:00	9.2453	0.0026	1e-04	4e-04	0.0015	0.0071	2e-04	0.0018	0.0026	0.5253	0.01	0.015	10
2020-12-08	12:00:00	9.243	0.0028	1e-04	4e-04	0.0016	0.0074	3e-04	0.0018	0.0027	0.5464	0.0103	0.0155	10
2020-12-09	12:00:00	9.241	0.003	1e-04	5e-04	0.0017	0.0078	3e-04	0.0019	0.0029	0.5766	0.0109	0.0163	10
2020-12-10	12:00:00	9.2392	0.002	1e-04	3e-04	0.0011	0.0052	2e-04	0.0013	0.002	0.3808	0.0075	0.0113	10
2020-12-11	12:00:00	9.2378	0.0032	1e-04	5e-04	0.0018	0.0079	3e-04	0.002	0.003	0.588	0.0115	0.0173	10
2020-12-12	12:00:00	9.2366	0.0034	1e-04	5e-04	0.002	0.0083	3e-04	0.0021	0.0032	0.6168	0.012	0.018	10
2020-12-13	12:00:00	9.2356	0.0037	1e-04	6e-04	0.0021	0.0087	3e-04	0.0022	0.0033	0.6496	0.0126	0.0189	10
2020-12-14	12:00:00	9.235	0.0039	2e-04	6e-04	0.0023	0.0092	3e-04	0.0023	0.0035	0.6795	0.0132	0.0197	10
2020-12-15	12:00:00	9.2346	0.0043	2e-04	7e-04	0.0024	0.0097	3e-04	0.0024	0.0037	0.7199	0.0139	0.0209	10
2020-12-16	12:00:00	9.2345	0.0046	2e-04	7e-04	0.0026	0.0102	4e-04	0.0026	0.0038	0.7563	0.0146	0.0218	10
2020-12-17	12:00:00	9.2346	0.0049	2e-04	8e-04	0.0028	0.0108	4e-04	0.0027	0.004	0.7955	0.0153	0.0229	10
2020-12-18	12:00:00	9.235	0.0053	2e-04	8e-04	0.003	0.0113	4e-04	0.0028	0.0042	0.8363	0.016	0.024	10
2020-12-19	12:00:00	9.2357	0.0057	2e-04	9e-04	0.0033	0.012	4e-04	0.003	0.0044	0.8801	0.0168	0.0252	10
2020-12-20	12:00:00	9.2367	0.0061	2e-04	9e-04	0.0035	0.0126	4e-04	0.0031	0.0046	0.9242	0.0176	0.0264	10
2020-12-21	12:00:00	9.238	0.0064	2e-04	0.001	0.0037	0.013	4e-04	0.0032	0.0048	0.9588	0.0182	0.0273	10
2020-12-22	12:00:00	9.2395	0.0022	1e-04	3e-04	0.0013	0.0043	2e-04	0.0012	0.0017	0.3222	0.0066	0.0099	10
2020-12-23	12:00:00	9.2413	0.0061	2e-04	9e-04	0.0035	0.0117	5e-04	0.0031	0.0046	0.8742	0.0175	0.0263	10
2020-12-24	12:00:00	9.2433	0.0065	2e-04	0.001	0.0037	0.0124	5e-04	0.0032	0.0049	0.9212	0.0184	0.0275	10
2020-12-25	12:00:00	9.2456	0.007	3e-04	0.0011	0.004	0.013	5e-04	0.0034	0.0051	0.9691	0.0192	0.0289	10
2020-12-26	12:00:00	9.2482	0.0075	3e-04	0.0011	0.0043	0.0137	5e-04	0.0035	0.0053	1.0188	0.0202	0.0302	10
2020-12-27	12:00:00	9.2511	0.0079	3e-04	0.0012	0.0046	0.0144	6e-04	0.0037	0.0055	1.066	0.021	0.0315	10
2020-12-28	12:00:00	9.2542	0.0085	3e-04	0.0013	0.0049	0.0151	6e-04	0.0039	0.0058	1.1208	0.022	0.033	10
2020-12-29	12:00:00	9.2576	0.0025	1e-04	4e-04	0.0014	0.0043	2e-04	0.0011	0.0017	0.3198	0.0063	0.0095	10
2020-12-30	12:00:00	9.2622	0.001	0	2e-04	6e-04	0.0018	2e-04	6e-04	9e-04	0.1343	0.0035	0.0053	10
2020-12-31	12:00:00	9.2663	7e-04	0	1e-04	4e-04	0.0021	8e-04	0.0015	0.0022	0.0853	0.0084	0.0126	10
2021-01-01	12:00:00	9.2705	0.003	1e-04	4e-04	0.0017	0.0057	3e-04	0.0018	0.0027	0.3874	0.0101	0.0152	10
2021-01-02	12:00:00	9.2751	0.0032	1e-04	5e-04	0.0018	0.0066	3e-04	0.0019	0.0029	0.4183	0.0109	0.0164	10
2021-01-03	12:00:00	9.2799	0.0034	1e-04	5e-04	0.0019	0.0074	4e-04	0.0021	0.0031	0.444	0.0119	0.0179	10
2021-01-04	12:00:00	9.2849	0.0035	1e-04	5e-04	0.002	0.0083	4e-04	0.0023	0.0034	0.4686	0.0131	0.0196	10
2021-01-05	12:00:00	9.2903	7e-04	0	1e-04	4e-04	0.0026	0.0013	0.0018	0.0027	0.1622	0.0102	0.0153	10
2021-01-06	12:00:00	9.2959	0.0011	0	2e-04	6e-04	0.0054	0.0047	0.0054	0.0081	0.5142	0.0305	0.0457	10
2021-01-07	12:00:00	9.3017	0.0027	1e-04	4e-04	0.0015	0.0073	3e-04	0.0021	0.0032	0.2914	0.012	0.018	10
2021-01-08	12:00:00	9.3078	0.003	1e-04	5e-04	0.0017	0.0089	3e-04	0.0024	0.0036	0.3812	0.0135	0.0203	10
2021-01-09	12:00:00	9.3142	0.0032	1e-04	5e-04	0.0018	0.0101	4e-04	0.0026	0.0039	0.4297	0.0147	0.0221	10
2021-01-10	12:00:00	9.3209	0.0022	1e-04	3e-04	0.0012	0.009	0.0011	0.0034	0.0052	0.2934	0.0195	0.0293	10
2021-01-11	12:00:00	9.3278	0.0034	1e-04	5e-04	0.0019	0.0116	4e-04	0.003	0.0045	0.46	0.017	0.0254	10
2021-01-12	12:00:00	9.3349	0.0036	1e-04	5e-04	0.002	0.0129	4e-04	0.0032	0.0048	0.4924	0.0183	0.0275	10
2021-01-13	12:00:00	9.3423	0.0038	1e-04	6e-04	0.0021	0.0143	4e-04	0.0035	0.0053	0.5222	0.0199	0.0299	10
2021-01-14	12:00:00	9.35	0.0039	1e-04	6e-04	0.0022	0.0156	5e-04	0.0038	0.0057	0.5495	0.0216	0.0324	10
2021-01-15	12:00:00	9.3579	0.0041	2e-04	6e-04	0.0023	0.0171	5e-04	0.0041	0.0062	0.5763	0.0233	0.035	10
2021-01-16	12:00:00	9.3661	9e-04	0	1e-04	5e-04	0.0055	0.001	0.0024	0.0036	0.1286	0.0137	0.0206	10
2021-01-17	12:00:00	9.3745	0.0038	1e-04	6e-04	0.0022	0.0168	5e-04	0.0041	0.0061	0.5004	0.0232	0.0348	10
2021-01-18	12:00:00	9.3832	0.0041	2e-04	6e-04	0.0023	0.019	5e-04	0.0045	0.0068	0.5666	0.0257	0.0385	10
2021-01-19	12:00:00	9.3921	0.0043	2e-04	6e-04	0.0024	0.0209	5e-04	0.0049	0.0074	0.6104	0.0279	0.0419	10
2021-01-20	12:00:00	9.4013	0.0045	2e-04	7e-04	0.0026	0.0228	6e-04	0.0053	0.008	0.6484	0.0303	0.0455	10
2021-01-21	12:00:00	9.4107	0.0047	2e-04	7e-04	0.0027	0.0248	6e-04	0.0058	0.0087	0.6836	0.0328	0.0492	10
2021-01-22	12:00:00	9.4204	0.0049	2e-04	8e-04	0.0028	0.0269	6e-04	0.0062	0.0094	0.7191	0.0354	0.0531	10
2021-01-23	12:00:00	9.4303	0.0051	2e-04	8e-04	0.0029	0.0291	7e-04	0.0067	0.0101	0.753	0.0381	0.0571	10
2021-01-24	12:00:00	9.4405	0.0053	2e-04	8e-04	0.003	0.0309	7e-04	0.0071	0.0106	0.7763	0.0402	0.0603	10
2021-01-25	12:00:00	9.4509	8e-04	0	1e-04	5e-04	0.0053	6e-04	0.0017	0.0026	0.1198	0.0098	0.0146	10
2021-01-26	12:00:00	9.4615	0.005	2e-04	8e-04	0.0028	0.0308	7e-04	0.0071	0.0107	0.7296	0.0405	0.0608	10
2021-01-27	12:00:00	9.4723	0.0053	2e-04	8e-04	0.003	0.0337	8e-04	0.0078	0.0116	0.7842	0.0441	0.0661	10
2021-01-28	12:00:00	9.4834	0.0055	2e-04	8e-04	0.0031	0.0365	8e-04	0.0084	0.0125	0.829	0.0475	0.0712	10
2021-01-29	12:00:00	9.4948	0.0058	2e-04	9e-04	0.0033	0.0395	9e-04	0.009	0.0135	0.8735	0.0511	0.0767	10
2021-01-30	12:00:00	9.5063	0.0061	2e-04	9e-04	0.0035	0.0426	9e-04	0.0097	0.0145	0.9182	0.055	0.0825	10
2021-01-31	12:00:00	9.5181	0.0063	2e-04	0.001	0.0036	0.0441	0.001	0.01	0.015	0.9672	0.0568	0.0853	10
2021-02-01	12:00:00	9.5302	0.0066	3e-04	0.001	0.0038	0.0454	0.001	0.0103	0.0155	1.0159	0.0585	0.0878	10
2021-02-02	12:00:00	9.5424	0.0069	3e-04	0.001	0.0039	0.0464	0.001	0.0105	0.0158	1.0614	0.0598	0.0898	10
2021-02-03	12:00:00	9.5549	6e-04	0	1e-04	4e-04	0.0061	9e-04	0.0025	0.0037	0.1012	0.0141	0.0211	10
2021-02-04	12:00:00	9.5675	0.0038	1e-04	6e-04	0.0021	0.0245	0.0015	0.0069	0.0104	0.5627	0.0393	0.059	10
2021-02-05	12:00:00	9.5804	0.0054	2e-04	8e-04	0.003	0.0332	8e-04	0.008	0.0119	0.8268	0.0452	0.0677	10
2021-02-06	12:00:00	9.5936	0.0056	2e-04	8e-04	0.0032	0.0344	9e-04	0.0082	0.0123	0.8842	0.0466	0.07	10
2021-02-07	12:00:00	9.6069	0.0059	2e-04	9e-04	0.0033	0.0354	9e-04	0.0084	0.0127	0.9337	0.0479	0.0719	10
2021-02-08	12:00:00	9.6204	0.0061	2e-04	9e-04	0.0035	0.0364	9e-04	0.0087	0.013	0.9826	0.0492	0.0738	10
2021-02-09	12:00:00	9.6342	0.0064	2e-04	0.001	0.0036	0.0375	0.001	0.0089	0.0134	1.0376	0.0507	0.0761	10
2021-02-10	12:00:00	9.6481	0.0067	3e-04	0.001	0.0038	0.0385	0.001	0.0092	0.0137	1.0917	0.052	0.0781	10
2021-02-11	12:00:00	9.6623	0.007	3e-04	0.0011	0.004	0.0395	0.001	0.0094	0.0141	1.1502	0.0534	0.0801	10
2021-02-12	12:00:00	9.6766	0.0073	3e-04	0.0011	0.0041	0.0401	0.0011	0.0096	0.0143	1.201	0.0543	0.0814	10
2021-02-13	12:00:00	9.6912	0.0077	3e-04	0.0012	0.0044	0.0413	0.0011	0.0098	0.0147	1.2706	0.0558	0.0838	10
2021-02-14	12:00:00	9.7059	0.0056	2e-04	9e-04	0.0032	0.0297	8e-04	0.0071	0.0106	0.9415	0.0402	0.0603	10
2021-02-15	12:00:00	9.7209	2e-04	0	0	1e-04	0.0025	0.001	0.0016	0.0025	0.0525	0.0093	0.014	10
2021-02-16	12:00:00	9.736	0.0043	2e-04	6e-04	0.0024	0.0199	7e-04	0.0055	0.0083	0.6753	0.0314	0.0471	10
2021-02-17	12:00:00	9.7513	0.0045	2e-04	7e-04	0.0025	0.021	7e-04	0.0056	0.0084	0.7573	0.0319	0.0479	10
2021-02-18	12:00:00	9.7668	0.0048	2e-04	7e-04	0.0027	0.0216	8e-04	0.0057	0.0086	0.8143	0.0325	0.0488	10
2021-02-19	12:00:00	9.7824	0.005	2e-04	7e-04	0.0028	0.0221	8e-04	0.0058	0.0087	0.8626	0.0331	0.0496	10
2021-02-20	12:00:00	9.7983	0.0052	2e-04	8e-04	0.0029	0.0225	8e-04	0.0059	0.0089	0.9104	0.0337	0.0505	10
2021-02-21	12:00:00	9.8143	0.0055	2e-04	8e-04	0.0031	0.0228	8e-04	0.006	0.009	0.9586	0.0342	0.0513	10
2021-02-22	12:00:00	9.8305	0.0057	2e-04	9e-04	0.0032	0.0231	9e-04	0.0061	0.0092	1.0093	0.0347	0.0521	10
2021-02-23	12:00:00	9.8468	0.006	2e-04	9e-04	0.0034	0.0233	9e-04	0.0062	0.0093	1.0631	0.0352	0.0528	10
2021-02-24	12:00:00	9.8633	0.0062	2e-04	9e-04	0.0035	0.0234	9e-04	0.0063	0.0094	1.1153	0.0355	0.0532	10
2021-02-25	12:00:00	9.88	8e-04	1e-04	2e-04	8e-04	0.0035	0.006	0.0059	0.0089	1.7677	0.0337	0.0505	10
2021-02-26	12:00:00	9.8968	0.0209	0.0015	0.006	0.0227	0.0256	0.0228	0.0311	0.0466	48.3897	0.1765	0.2647	10
2021-02-27	12:00:00	9.9138	6e-04	0	1e-04	3e-04	0.0023	6e-04	0.0013	0.002	0.7908	0.0076	0.0114	10
2021-02-28	12:00:00	9.9309	0.0012	0	2e-04	7e-04	0.0033	3e-04	0.0012	0.0018	0.097	0.0068	0.0101	10
2021-03-01	12:00:00	9.9481	0.0018	1e-04	3e-04	0.001	0.0052	4e-04	0.0017	0.0026	0.2283	0.0098	0.0147	10
2021-03-02	12:00:00	9.9655	0.0022	1e-04	3e-04	0.0012	0.0064	4e-04	0.002	0.003	0.3501	0.0114	0.0171	10
2021-03-03	12:00:00	9.983	0.0024	1e-04	3e-04	0.0013	0.0071	4e-04	0.0022	0.0033	0.4244	0.0123	0.0185	10
2021-03-04	12:00:00	10.0007	0.0025	1e-04	4e-04	0.0014	0.0076	4e-04	0.0023	0.0034	0.4678	0.013	0.0195	10
2021-03-05	12:00:00	10.0185	0.0026	1e-04	4e-04	0.0015	0.0081	5e-04	0.0024	0.0036	0.4998	0.0136	0.0204	10
2021-03-06	12:00:00	10.0363	0.0028	1e-04	4e-04	0.0016	0.0085	5e-04	0.0025	0.0038	0.5313	0.0143	0.0214	10
2021-03-07	12:00:00	10.0544	0.0029	1e-04	4e-04	0.0016	0.009	5e-04	0.0026	0.0039	0.558	0.0149	0.0223	10
2021-03-08	12:00:00	10.0725	0.0031	1e-04	5e-04	0.0017	0.0095	5e-04	0.0027	0.0041	0.588	0.0156	0.0234	10
2021-03-09	12:00:00	10.0907	0.0032	1e-04	5e-04	0.0018	0.0098	5e-04	0.0028	0.0042	0.6103	0.016	0.0241	10
2021-03-10	12:00:00	10.109	0.0034	1e-04	5e-04	0.0019	0.0105	5e-04	0.003	0.0045	0.6515	0.017	0.0255	10
2021-03-11	12:00:00	10.1275	0.0036	1e-04	5e-04	0.002	0.0111	6e-04	0.0031	0.0047	0.6854	0.0178	0.0267	10
2021-03-12	12:00:00	10.146	0.0037	1e-04	6e-04	0.0021	0.0116	6e-04	0.0033	0.0049	0.7205	0.0186	0.0279	10
2021-03-13	12:00:00	10.1646	0.0039	1e-04	6e-04	0.0022	0.0122	6e-04	0.0034	0.0051	0.7579	0.0194	0.0291	10
2021-03-14	12:00:00	10.1833	0.0038	1e-04	6e-04	0.0022	0.012	6e-04	0.0033	0.005	0.7429	0.0189	0.0284	10
2021-03-15	12:00:00	10.202	0.0043	2e-04	6e-04	0.0024	0.0135	6e-04	0.0038	0.0056	0.8372	0.0213	0.0319	10
2021-03-16	12:00:00	10.2209	0.0045	2e-04	7e-04	0.0025	0.0142	6e-04	0.0039	0.0059	0.8781	0.0222	0.0333	10
2021-03-17	12:00:00	10.2398	0.0048	2e-04	7e-04	0.0027	0.015	7e-04	0.0041	0.0062	0.928	0.0233	0.035	10
2021-03-18	12:00:00	10.2587	0.005	2e-04	8e-04	0.0028	0.0158	7e-04	0.0043	0.0064	0.9769	0.0244	0.0366	10
2021-03-19	12:00:00	10.2778	0.0053	2e-04	8e-04	0.003	0.0166	7e-04	0.0045	0.0067	1.0298	0.0255	0.0383	10
2021-03-20	12:00:00	10.2968	0.0024	1e-04	4e-04	0.0013	0.0084	0.0011	0.0032	0.0048	0.4639	0.018	0.027	10
2021-03-21	12:00:00	10.316	0.0054	2e-04	8e-04	0.0031	0.0172	7e-04	0.0047	0.007	1.0691	0.0264	0.0396	10
2021-03-22	12:00:00	10.3351	4e-04	0	1e-04	2e-04	0.0022	8e-04	0.0014	0.0022	0.0814	0.0082	0.0123	10
2021-03-23	12:00:00	10.3543	0.0037	1e-04	6e-04	0.0021	0.0112	6e-04	0.0036	0.0054	0.7141	0.0206	0.0309	10
2021-03-24	12:00:00	10.3735	0.004	1e-04	6e-04	0.0022	0.012	6e-04	0.0037	0.0056	0.7729	0.0212	0.0317	10
2021-03-25	12:00:00	10.3928	0.0042	2e-04	6e-04	0.0023	0.0127	7e-04	0.0039	0.0058	0.8211	0.022	0.033	10
2021-03-26	12:00:00	10.412	0.0044	2e-04	7e-04	0.0024	0.0134	7e-04	0.004	0.006	0.8651	0.0229	0.0343	10
2021-03-27	12:00:00	10.4313	0.0046	2e-04	7e-04	0.0026	0.0142	7e-04	0.0042	0.0063	0.9135	0.0239	0.0359	10
2021-03-28	12:00:00	10.4506	0.0048	2e-04	7e-04	0.0027	0.0149	7e-04	0.0044	0.0066	0.9623	0.025	0.0375	10
2021-03-29	12:00:00	10.4699	0.0051	2e-04	8e-04	0.0028	0.0157	7e-04	0.0046	0.0069	1.0114	0.0261	0.0391	10
2021-03-30	12:00:00	10.4891	0.0053	2e-04	8e-04	0.003	0.0165	8e-04	0.0048	0.0072	1.0632	0.0272	0.0408	10
2021-03-31	12:00:00	10.5084	0.0055	2e-04	8e-04	0.0031	0.0172	8e-04	0.005	0.0074	1.1088	0.0281	0.0422	10
2021-04-01	12:00:00	10.5276	0.0059	2e-04	9e-04	0.0033	0.0184	9e-04	0.0053	0.0079	1.1755	0.0299	0.0448	10
2021-04-02	12:00:00	10.5468	0.0062	2e-04	9e-04	0.0035	0.0196	9e-04	0.0056	0.0083	1.2386	0.0315	0.0473	10
2021-04-03	12:00:00	10.566	0.0065	2e-04	0.001	0.0037	0.0208	0.001	0.0059	0.0088	1.302	0.0332	0.0498	10
2021-04-04	12:00:00	10.5852	0.0068	3e-04	0.001	0.0039	0.0222	0.0011	0.0062	0.0093	1.3761	0.0352	0.0528	10
2021-04-05	12:00:00	10.6043	0.0072	3e-04	0.0011	0.0041	0.0235	0.0012	0.0065	0.0098	1.4459	0.037	0.0556	10
2021-04-06	12:00:00	10.6233	0.0075	3e-04	0.0011	0.0043	0.0249	0.0013	0.0069	0.0103	1.5195	0.039	0.0585	10
2021-04-07	12:00:00	10.6423	0.0079	3e-04	0.0012	0.0045	0.0263	0.0014	0.0072	0.0108	1.5941	0.041	0.0615	10
2021-04-08	12:00:00	10.6612	0.0083	3e-04	0.0013	0.0047	0.028	0.0015	0.0076	0.0114	1.6804	0.0433	0.0649	10
2021-04-09	12:00:00	10.6801	0.0087	3e-04	0.0013	0.005	0.0296	0.0016	0.008	0.012	1.7656	0.0456	0.0683	10
2021-04-10	12:00:00	10.6989	0.0092	4e-04	0.0014	0.0053	0.0315	0.0017	0.0085	0.0127	1.8615	0.0481	0.0722	10
2021-04-11	12:00:00	10.7176	0.003	1e-04	5e-04	0.0017	0.0108	0.0016	0.0039	0.0059	0.6013	0.0222	0.0333	10
2021-04-12	12:00:00	10.7362	0.0096	4e-04	0.0015	0.0055	0.0331	0.0019	0.0089	0.0134	1.9302	0.0508	0.0762	10
2021-04-13	12:00:00	10.7547	0.0101	4e-04	0.0015	0.0057	0.0351	0.002	0.0094	0.0141	2.0338	0.0534	0.0801	10
2021-04-14	12:00:00	10.7731	0.0106	4e-04	0.0016	0.006	0.0373	0.0021	0.0099	0.0148	2.1399	0.0562	0.0843	10
2021-04-15	12:00:00	10.7914	0.0016	1e-04	2e-04	9e-04	0.0055	7e-04	0.0018	0.0028	0.3142	0.0105	0.0157	10
2021-04-16	12:00:00	10.8096	3e-04	0	0	2e-04	0.0024	0.0027	0.0028	0.0042	0.2432	0.0161	0.0241	10
2021-04-17	12:00:00	10.8276	0.0053	2e-04	8e-04	0.0029	0.0171	0.0019	0.0061	0.0091	0.8788	0.0346	0.0519	10
2021-04-18	12:00:00	10.8455	0.0058	2e-04	9e-04	0.0032	0.0195	0.002	0.0063	0.0095	1.0849	0.036	0.0539	10
2021-04-19	12:00:00	10.8633	0.0061	2e-04	9e-04	0.0034	0.0212	0.002	0.0066	0.0099	1.2063	0.0376	0.0563	10
2021-04-20	12:00:00	10.881	0.0065	2e-04	0.001	0.0036	0.0227	0.0021	0.0069	0.0104	1.2948	0.0394	0.0591	10
2021-04-21	12:00:00	10.8985	0.0068	3e-04	0.001	0.0038	0.0242	0.0023	0.0073	0.0109	1.3699	0.0414	0.0621	10
2021-04-22	12:00:00	10.9158	0.0012	0	2e-04	7e-04	0.0102	0.0041	0.0071	0.0106	0.2519	0.0402	0.0603	10
2021-04-23	12:00:00	10.933	0.0025	1e-04	4e-04	0.0014	0.0125	0.0042	0.0077	0.0115	0.45	0.0437	0.0656	10
2021-04-24	12:00:00	10.95	0.0057	2e-04	8e-04	0.0032	0.0198	0.0025	0.007	0.0106	1.0959	0.04	0.06	10
2021-04-25	12:00:00	10.9668	0.0061	2e-04	9e-04	0.0034	0.0216	0.0025	0.0072	0.0107	1.2032	0.0407	0.061	10
2021-04-26	12:00:00	10.9835	0.0064	2e-04	0.001	0.0036	0.0231	0.0026	0.0074	0.0112	1.2826	0.0422	0.0633	10
2021-04-27	12:00:00	10.9999	0.0067	3e-04	0.001	0.0038	0.0246	0.0027	0.0078	0.0117	1.3566	0.0443	0.0664	10
2021-04-28	12:00:00	11.0162	0.0071	3e-04	0.0011	0.004	0.0261	0.0029	0.0082	0.0123	1.4307	0.0465	0.0697	10
2021-04-29	12:00:00	11.0322	0.0075	3e-04	0.0011	0.0042	0.0277	0.003	0.0086	0.0129	1.5054	0.0488	0.0732	10
2021-04-30	12:00:00	11.0481	0.0078	3e-04	0.0012	0.0044	0.0292	0.0031	0.009	0.0135	1.575	0.051	0.0765	10
2021-05-01	12:00:00	11.0637	0.0082	3e-04	0.0012	0.0047	0.0309	0.0033	0.0094	0.0141	1.6717	0.0535	0.0803	10
2021-05-02	12:00:00	11.0791	0.0086	3e-04	0.0013	0.0049	0.0323	0.0034	0.0098	0.0147	1.7589	0.0556	0.0834	10
2021-05-03	12:00:00	11.0943	0.009	3e-04	0.0014	0.0051	0.0338	0.0035	0.0102	0.0153	1.8505	0.0578	0.0867	10
2021-05-04	12:00:00	11.1092	0.0092	4e-04	0.0014	0.0053	0.0347	0.0035	0.0104	0.0156	1.912	0.059	0.0885	10
2021-05-05	12:00:00	11.1239	0.0099	4e-04	0.0015	0.0056	0.037	0.0037	0.011	0.0165	2.0533	0.0627	0.094	10
2021-05-06	12:00:00	11.1384	0.0103	4e-04	0.0016	0.0059	0.0387	0.0038	0.0115	0.0172	2.1601	0.0651	0.0977	10
2021-05-07	12:00:00	11.1526	0.0108	4e-04	0.0016	0.0062	0.0405	0.004	0.0119	0.0179	2.2774	0.0678	0.1017	10
2021-05-08	12:00:00	11.1665	0.0114	4e-04	0.0017	0.0065	0.0424	0.0041	0.0124	0.0186	2.3987	0.0705	0.1058	10
2021-05-09	12:00:00	11.1802	0.0119	5e-04	0.0018	0.0068	0.0442	0.0042	0.0129	0.0193	2.5199	0.0732	0.1098	10
2021-05-10	12:00:00	11.1936	7e-04	0	1e-04	4e-04	0.0062	0.0028	0.0048	0.0073	0.1356	0.0275	0.0413	10
2021-05-11	12:00:00	11.2067	0.0079	3e-04	0.0012	0.0044	0.0276	0.0043	0.0103	0.0154	1.5831	0.0583	0.0874	10
2021-05-12	12:00:00	11.2195	0.0084	3e-04	0.0013	0.0047	0.03	0.0041	0.0102	0.0152	1.7684	0.0577	0.0865	10
2021-05-13	12:00:00	11.2321	0.0088	3e-04	0.0013	0.005	0.0316	0.0042	0.0103	0.0155	1.8913	0.0586	0.0879	10
2021-05-14	12:00:00	11.2443	0.0093	3e-04	0.0014	0.0052	0.0332	0.0042	0.0107	0.016	2.003	0.0605	0.0908	10
2021-05-15	12:00:00	11.2563	0.0028	1e-04	4e-04	0.0016	0.0138	0.0051	0.009	0.0135	0.6133	0.051	0.0764	10
2021-05-16	12:00:00	11.2679	0.0011	0	2e-04	6e-04	0.0054	0.0026	0.0039	0.0058	0.4479	0.0221	0.0331	10
2021-05-17	12:00:00	11.2793	0.0024	1e-04	4e-04	0.0013	0.0153	0.008	0.0111	0.0166	0.5616	0.063	0.0945	10
2021-05-18	12:00:00	11.2903	0.0061	2e-04	9e-04	0.0034	0.021	0.0053	0.0098	0.0147	1.2042	0.0558	0.0837	10
2021-05-19	12:00:00	11.301	0.0051	4e-04	0.0014	0.0053	0.0113	0.0258	0.0228	0.0342	23.129	0.1294	0.1941	10
2021-05-20	12:00:00	11.3114	0.0011	1e-04	3e-04	0.001	0.0039	0.0055	0.0058	0.0087	2.0243	0.0329	0.0494	10
2021-05-21	12:00:00	11.3214	7e-04	0	1e-04	4e-04	0.0041	0.003	0.0039	0.0058	0.4541	0.0219	0.0328	10
2021-05-22	12:00:00	11.3311	5e-04	0	1e-04	3e-04	0.0032	0.0019	0.0027	0.0041	0.2162	0.0154	0.0231	10
2021-05-23	12:00:00	11.3405	8e-04	0	1e-04	4e-04	0.0034	0.002	0.0027	0.0041	0.3075	0.0154	0.0231	10
2021-05-24	12:00:00	11.3495	0.002	1e-04	5e-04	0.0019	0.0067	0.0069	0.0084	0.0127	5.8592	0.0479	0.0719	10
2021-05-25	12:00:00	11.3582	5e-04	0	1e-04	3e-04	0.0021	0.001	0.0014	0.0022	0.1693	0.0082	0.0123	10
2021-05-26	12:00:00	11.3666	0.0034	2e-04	9e-04	0.0034	0.0095	0.0083	0.0111	0.0167	9.5507	0.0631	0.0946	10
2021-05-27	12:00:00	11.3745	6e-04	0	1e-04	3e-04	0.002	8e-04	0.0012	0.0018	0.6939	0.0067	0.01	10
2021-05-28	12:00:00	11.3822	5e-04	0	1e-04	3e-04	0.0023	0.0014	0.0019	0.0029	0.8212	0.0109	0.0163	10
2021-05-29	12:00:00	11.3894	5e-04	0	1e-04	3e-04	0.0025	0.001	0.0016	0.0024	0.1442	0.009	0.0134	10
2021-05-30	12:00:00	11.3963	5e-04	0	1e-04	3e-04	0.0021	7e-04	0.0012	0.0018	0.1392	0.0069	0.0104	10
2021-05-31	12:00:00	11.4028	7e-04	0	1e-04	4e-04	0.0022	5e-04	9e-04	0.0013	0.1413	0.0051	0.0076	10
2021-06-01	12:00:00	11.409	8e-04	0	1e-04	4e-04	0.0025	5e-04	9e-04	0.0014	0.1842	0.0054	0.008	10
2021-06-02	12:00:00	11.4148	8e-04	0	1e-04	4e-04	0.0027	5e-04	0.001	0.0015	0.2068	0.0055	0.0083	10
2021-06-03	12:00:00	11.4201	9e-04	0	1e-04	5e-04	0.0029	6e-04	0.001	0.0015	0.2204	0.0057	0.0086	10
2021-06-04	12:00:00	11.4252	9e-04	0	1e-04	5e-04	0.003	6e-04	0.001	0.0016	0.2312	0.0059	0.0089	10
2021-06-05	12:00:00	11.4298	9e-04	0	1e-04	5e-04	0.0032	6e-04	0.0011	0.0016	0.2421	0.0062	0.0093	10
2021-06-06	12:00:00	11.434	0.001	0	1e-04	5e-04	0.0034	6e-04	0.0011	0.0017	0.2536	0.0064	0.0097	10
2021-06-07	12:00:00	11.4379	0.001	0	1e-04	5e-04	0.0036	6e-04	0.0012	0.0018	0.2649	0.0067	0.0101	10
2021-06-08	12:00:00	11.4414	5e-04	0	1e-04	3e-04	0.0047	0.0016	0.003	0.0046	0.1423	0.0173	0.0259	10
2021-06-09	12:00:00	11.4445	7e-04	0	1e-04	4e-04	0.004	0.0011	0.0022	0.0033	0.1795	0.0126	0.0188	10
2021-06-10	12:00:00	11.4471	9e-04	0	1e-04	5e-04	0.0034	6e-04	0.0012	0.0017	0.2426	0.0066	0.0099	10
2021-06-11	12:00:00	11.4494	6e-04	0	1e-04	4e-04	0.004	0.0032	0.0037	0.0055	0.9187	0.0208	0.0312	10
2021-06-12	12:00:00	11.4513	9e-04	0	1e-04	5e-04	0.0036	8e-04	0.0015	0.0022	0.2051	0.0084	0.0127	10
2021-06-13	12:00:00	11.4529	6e-04	0	1e-04	3e-04	0.005	0.0017	0.0033	0.0049	0.1554	0.0186	0.0279	10
2021-06-14	12:00:00	11.454	7e-04	0	1e-04	4e-04	0.0038	0.0011	0.0021	0.0031	0.1631	0.0118	0.0177	10
2021-06-15	12:00:00	11.4547	9e-04	0	1e-04	5e-04	0.0035	6e-04	0.0013	0.0019	0.2274	0.0072	0.0108	10
2021-06-16	12:00:00	11.455	9e-04	0	1e-04	5e-04	0.0036	6e-04	0.0012	0.0018	0.251	0.0068	0.0102	10
2021-06-17	12:00:00	11.4549	0.001	0	1e-04	5e-04	0.0039	6e-04	0.0012	0.0018	0.2698	0.0069	0.0104	10
2021-06-18	12:00:00	11.4544	0.001	0	1e-04	5e-04	0.0041	6e-04	0.0013	0.0019	0.2837	0.0072	0.0108	10
2021-06-19	12:00:00	11.4536	0.001	0	2e-04	6e-04	0.0043	6e-04	0.0013	0.002	0.2968	0.0075	0.0113	10
2021-06-20	12:00:00	11.4523	8e-04	0	1e-04	4e-04	0.0045	0.0012	0.0022	0.0033	0.2583	0.0124	0.0185	10
2021-06-21	12:00:00	11.4506	6e-04	0	1e-04	5e-04	0.0041	0.0039	0.0048	0.0072	2.0077	0.0272	0.0409	10
2021-06-22	12:00:00	11.4486	5e-04	0	1e-04	2e-04	0.0019	5e-04	9e-04	0.0013	0.7043	0.0049	0.0073	10
2021-06-23	12:00:00	11.4461	8e-04	0	2e-04	7e-04	0.0041	0.0035	0.0047	0.0071	1.2728	0.0268	0.0402	10
2021-06-24	12:00:00	11.4433	4e-04	0	0	2e-04	0.0024	0.0012	0.0018	0.0026	1.2713	0.01	0.0149	10
2021-06-25	12:00:00	11.44	0.0038	2e-04	9e-04	0.0035	0.0091	0.0051	0.0085	0.0128	16.177	0.0483	0.0725	10
2021-06-26	12:00:00	11.4364	2e-04	0	0	1e-04	0.0013	5e-04	8e-04	0.0012	1.2808	0.0047	0.007	10
2021-06-27	12:00:00	11.4324	0.0031	2e-04	7e-04	0.0027	0.0069	0.0034	0.0061	0.0091	16.4057	0.0345	0.0517	10
2021-06-28	12:00:00	11.428	2e-04	0	0	1e-04	8e-04	3e-04	5e-04	7e-04	1.5943	0.0027	0.0041	10
2021-06-29	12:00:00	11.4232	2e-04	0	0	1e-04	9e-04	1e-04	3e-04	4e-04	0.1965	0.0016	0.0025	10
2021-06-30	12:00:00	11.418	3e-04	0	0	2e-04	0.0014	2e-04	4e-04	6e-04	0.0781	0.0024	0.0036	10
2021-07-01	12:00:00	11.4125	4e-04	0	1e-04	2e-04	0.0017	2e-04	5e-04	7e-04	0.1088	0.0028	0.0041	10
2021-07-02	12:00:00	11.4066	4e-04	0	1e-04	2e-04	0.0018	2e-04	5e-04	8e-04	0.126	0.003	0.0045	10
2021-07-03	12:00:00	11.4003	4e-04	0	1e-04	2e-04	0.0019	2e-04	5e-04	8e-04	0.1321	0.0031	0.0047	10
2021-07-04	12:00:00	11.3936	4e-04	0	1e-04	2e-04	0.002	2e-04	6e-04	9e-04	0.138	0.0033	0.0049	10
2021-07-05	12:00:00	11.3866	4e-04	0	1e-04	2e-04	0.0021	2e-04	6e-04	9e-04	0.1442	0.0034	0.0051	10
2021-07-06	12:00:00	11.3792	0.0018	1e-04	5e-04	0.0017	0.0064	0.0036	0.006	0.009	8.7938	0.0341	0.0511	10
2021-07-07	12:00:00	11.3714	3e-04	0	0	1e-04	0.0011	1e-04	3e-04	5e-04	0.1034	0.0018	0.0027	10
2021-07-08	12:00:00	11.3633	4e-04	0	0	2e-04	0.0016	2e-04	5e-04	7e-04	0.0866	0.0027	0.004	10
2021-07-09	12:00:00	11.3548	4e-04	0	1e-04	2e-04	0.0019	2e-04	5e-04	8e-04	0.1208	0.0031	0.0047	10
2021-07-10	12:00:00	11.346	4e-04	0	1e-04	2e-04	0.0021	2e-04	6e-04	9e-04	0.1377	0.0034	0.005	10
2021-07-11	12:00:00	11.3368	4e-04	0	1e-04	2e-04	0.0023	2e-04	6e-04	9e-04	0.1489	0.0035	0.0053	10
2021-07-12	12:00:00	11.3273	3e-04	0	0	1e-04	0.0028	0.0011	0.0019	0.0028	0.1959	0.0107	0.0161	10
2021-07-13	12:00:00	11.3175	3e-04	0	0	1e-04	0.0015	3e-04	6e-04	9e-04	0.075	0.0036	0.0054	10
2021-07-14	12:00:00	11.3073	3e-04	0	0	1e-04	0.0019	9e-04	0.0015	0.0022	0.2901	0.0083	0.0124	10
2021-07-15	12:00:00	11.2968	5e-04	0	1e-04	4e-04	0.0028	0.0014	0.0023	0.0035	1.2642	0.0131	0.0197	10
2021-07-16	12:00:00	11.286	2e-04	0	0	1e-04	0.0014	6e-04	0.001	0.0016	0.3599	0.0059	0.0088	10
2021-07-17	12:00:00	11.2748	2e-04	0	0	1e-04	0.0012	2e-04	4e-04	7e-04	0.0847	0.0026	0.0038	10
2021-07-18	12:00:00	11.2633	3e-04	0	1e-04	2e-04	0.0024	0.0012	0.002	0.003	0.747	0.0112	0.0168	10
2021-07-19	12:00:00	11.2516	2e-04	0	0	1e-04	0.0012	2e-04	4e-04	6e-04	0.0862	0.0023	0.0035	10
2021-07-20	12:00:00	11.2395	3e-04	0	0	2e-04	0.0015	2e-04	4e-04	6e-04	0.0863	0.0024	0.0036	10
2021-07-21	12:00:00	11.2271	2e-04	0	0	2e-04	0.0019	9e-04	0.0015	0.0023	0.4162	0.0086	0.0128	10
2021-07-22	12:00:00	11.2145	0.0022	1e-04	5e-04	0.002	0.006	0.003	0.0053	0.0079	11.3451	0.0301	0.0451	10
2021-07-23	12:00:00	11.2015	2e-04	0	0	1e-04	0.0013	4e-04	8e-04	0.0012	0.7903	0.0046	0.0069	10
2021-07-24	12:00:00	11.1883	0.0014	1e-04	3e-04	0.0012	0.0047	0.0023	0.0041	0.0062	6.9259	0.0236	0.0353	10
2021-07-25	12:00:00	11.1748	2e-04	0	0	1e-04	8e-04	1e-04	2e-04	3e-04	0.5672	0.0013	0.0019	10
2021-07-26	12:00:00	11.161	0.0053	3e-04	0.0012	0.0046	0.0081	0.0036	0.0068	0.0101	27.6638	0.0384	0.0576	10
2021-07-27	12:00:00	11.1469	0.0035	2e-04	8e-04	0.003	0.0042	0.0018	0.0034	0.0052	20.2265	0.0196	0.0293	10
2021-07-28	12:00:00	11.1326	2e-04	0	0	1e-04	8e-04	1e-04	2e-04	3e-04	0.4999	0.0012	0.0019	10
2021-07-29	12:00:00	11.1181	0.0015	1e-04	3e-04	0.0013	0.0033	0.0014	0.0027	0.0041	7.4947	0.0154	0.0231	10
2021-07-30	12:00:00	11.1033	2e-04	0	0	1e-04	0.0012	4e-04	7e-04	0.001	1.0168	0.004	0.0059	10
2021-07-31	12:00:00	11.0883	0.002	1e-04	4e-04	0.0017	0.0031	0.0013	0.0025	0.0037	11.8138	0.014	0.021	10
2021-08-01	12:00:00	11.073	2e-04	0	0	1e-04	9e-04	1e-04	3e-04	4e-04	0.2187	0.0014	0.0022	10
2021-08-02	12:00:00	11.0575	0.0011	1e-04	3e-04	0.001	0.0031	0.0014	0.0025	0.0038	4.4292	0.0142	0.0213	10
2021-08-03	12:00:00	11.0418	2e-04	0	0	1e-04	9e-04	2e-04	3e-04	5e-04	0.1037	0.002	0.003	10
2021-08-04	12:00:00	11.0259	2e-04	0	0	1e-04	0.0012	3e-04	6e-04	9e-04	0.1183	0.0033	0.005	10
2021-08-05	12:00:00	11.0097	2e-04	0	0	1e-04	0.001	2e-04	4e-04	6e-04	0.0808	0.0021	0.0032	10
2021-08-06	12:00:00	10.9934	2e-04	0	0	1e-04	0.0012	1e-04	3e-04	5e-04	0.0855	0.0019	0.0028	10
2021-08-07	12:00:00	10.9769	3e-04	0	0	1e-04	0.0013	1e-04	4e-04	5e-04	0.0901	0.0021	0.0031	10
2021-08-08	12:00:00	10.9601	2e-04	0	0	1e-04	0.0013	3e-04	6e-04	9e-04	0.0773	0.0034	0.0051	10
2021-08-09	12:00:00	10.9432	2e-04	0	0	1e-04	0.0012	2e-04	4e-04	6e-04	0.0827	0.0021	0.0032	10
2021-08-10	12:00:00	10.9262	3e-04	0	0	1e-04	0.0013	1e-04	4e-04	6e-04	0.0883	0.0021	0.0031	10
2021-08-11	12:00:00	10.9089	3e-04	0	0	1e-04	0.0014	1e-04	4e-04	6e-04	0.1	0.0022	0.0033	10
2021-08-12	12:00:00	10.8915	3e-04	0	0	2e-04	0.0015	1e-04	4e-04	6e-04	0.1072	0.0023	0.0034	10
2021-08-13	12:00:00	10.874	3e-04	0	0	2e-04	0.0016	1e-04	4e-04	6e-04	0.1126	0.0024	0.0035	10
2021-08-14	12:00:00	10.8563	3e-04	0	0	2e-04	0.0016	1e-04	4e-04	6e-04	0.1176	0.0025	0.0037	10
2021-08-15	12:00:00	10.8384	3e-04	0	0	2e-04	0.0017	1e-04	5e-04	7e-04	0.123	0.0026	0.0038	10
2021-08-16	12:00:00	10.8204	4e-04	0	0	2e-04	0.0018	1e-04	5e-04	7e-04	0.1286	0.0027	0.004	10
2021-08-17	12:00:00	10.8023	4e-04	0	1e-04	2e-04	0.0019	2e-04	5e-04	7e-04	0.1339	0.0028	0.0042	10
2021-08-18	12:00:00	10.7841	4e-04	0	1e-04	2e-04	0.002	2e-04	5e-04	8e-04	0.1364	0.0029	0.0044	10
2021-08-19	12:00:00	10.7658	4e-04	0	1e-04	2e-04	0.002	2e-04	5e-04	8e-04	0.143	0.003	0.0045	10
2021-08-20	12:00:00	10.7473	4e-04	0	1e-04	2e-04	0.0021	2e-04	6e-04	8e-04	0.15	0.0032	0.0047	10
2021-08-21	12:00:00	10.7288	4e-04	0	1e-04	2e-04	0.0022	2e-04	6e-04	9e-04	0.1571	0.0033	0.0049	10
2021-08-22	12:00:00	10.7101	4e-04	0	1e-04	2e-04	0.0024	2e-04	6e-04	9e-04	0.1648	0.0034	0.0052	10
2021-08-23	12:00:00	10.6914	5e-04	0	1e-04	5e-04	0.0028	0.0015	0.0026	0.0039	2.9644	0.0147	0.0221	10
2021-08-24	12:00:00	10.6726	4e-04	0	1e-04	3e-04	0.0011	5e-04	9e-04	0.0013	2.2854	0.005	0.0075	10
2021-08-25	12:00:00	10.6537	1e-04	0	0	1e-04	5e-04	1e-04	1e-04	2e-04	0.8161	8e-04	0.0012	10
2021-08-26	12:00:00	10.6348	2e-04	0	0	1e-04	9e-04	1e-04	3e-04	4e-04	0.1541	0.0014	0.0021	10
2021-08-27	12:00:00	10.6157	3e-04	0	0	1e-04	0.0012	1e-04	3e-04	5e-04	0.08	0.0019	0.0029	10
2021-08-28	12:00:00	10.5967	3e-04	0	0	1e-04	0.0014	1e-04	4e-04	6e-04	0.1002	0.0022	0.0032	10
2021-08-29	12:00:00	10.5776	3e-04	0	0	2e-04	0.0015	1e-04	4e-04	6e-04	0.1129	0.0023	0.0034	10
2021-08-30	12:00:00	10.5584	3e-04	0	0	2e-04	0.0015	2e-04	4e-04	6e-04	0.1205	0.0024	0.0036	10
2021-08-31	12:00:00	10.5392	3e-04	0	0	2e-04	0.0016	2e-04	4e-04	7e-04	0.1266	0.0025	0.0037	10
2021-09-01	12:00:00	10.52	4e-04	0	0	2e-04	0.0017	2e-04	5e-04	7e-04	0.1325	0.0026	0.0039	10
2021-09-02	12:00:00	10.5007	4e-04	0	0	2e-04	0.0018	2e-04	5e-04	7e-04	0.135	0.0027	0.004	10
2021-09-03	12:00:00	10.4815	3e-04	0	0	2e-04	0.0023	0.0011	0.0018	0.0026	0.3969	0.01	0.015	10
2021-09-04	12:00:00	10.4622	3e-04	0	0	2e-04	0.0015	2e-04	4e-04	6e-04	0.0913	0.0025	0.0037	10
2021-09-05	12:00:00	10.4429	4e-04	0	1e-04	2e-04	0.0017	2e-04	5e-04	7e-04	0.1236	0.0028	0.0041	10
2021-09-06	12:00:00	10.4237	4e-04	0	1e-04	2e-04	0.0018	2e-04	5e-04	8e-04	0.1348	0.003	0.0045	10
2021-09-07	12:00:00	10.4044	4e-04	0	1e-04	2e-04	0.002	2e-04	6e-04	9e-04	0.1489	0.0033	0.0049	10
2021-09-08	12:00:00	10.3851	4e-04	0	1e-04	2e-04	0.0021	2e-04	6e-04	8e-04	0.1594	0.0032	0.0048	10
2021-09-09	12:00:00	10.3659	4e-04	0	1e-04	2e-04	0.0022	2e-04	6e-04	9e-04	0.1676	0.0033	0.005	10
2021-09-10	12:00:00	10.3467	5e-04	0	1e-04	3e-04	0.0023	2e-04	6e-04	9e-04	0.176	0.0035	0.0052	10
2021-09-11	12:00:00	10.3275	5e-04	0	1e-04	3e-04	0.0025	2e-04	6e-04	0.001	0.1848	0.0036	0.0054	10
2021-09-12	12:00:00	10.3084	5e-04	0	1e-04	3e-04	0.0026	2e-04	7e-04	0.001	0.1938	0.0038	0.0057	10
2021-09-13	12:00:00	10.2893	3e-04	0	1e-04	2e-04	0.0029	7e-04	0.0015	0.0023	0.1226	0.0087	0.013	10
2021-09-14	12:00:00	10.2702	4e-04	0	1e-04	3e-04	0.0028	0.0016	0.0025	0.0038	0.9516	0.0144	0.0216	10
2021-09-15	12:00:00	10.2512	4e-04	0	1e-04	2e-04	0.0015	2e-04	5e-04	7e-04	0.0842	0.0027	0.004	10
2021-09-16	12:00:00	10.2323	3e-04	0	0	2e-04	0.0022	0.0011	0.0018	0.0027	0.3417	0.0102	0.0153	10
2021-09-17	12:00:00	10.2134	3e-04	0	0	2e-04	0.0012	2e-04	4e-04	6e-04	0.0661	0.0023	0.0034	10
2021-09-18	12:00:00	10.1946	4e-04	0	1e-04	2e-04	0.0016	2e-04	5e-04	7e-04	0.1046	0.0027	0.0041	10
2021-09-19	12:00:00	10.1758	0.0013	1e-04	3e-04	0.0011	0.0051	0.0026	0.0046	0.0069	6.9234	0.0262	0.0393	10
2021-09-20	12:00:00	10.1572	2e-04	0	0	1e-04	7e-04	1e-04	3e-04	4e-04	0.4667	0.0014	0.0021	10
2021-09-21	12:00:00	10.1386	3e-04	0	0	1e-04	0.0017	5e-04	0.001	0.0015	0.1316	0.0056	0.0084	10
2021-09-22	12:00:00	10.1201	3e-04	0	0	2e-04	0.0012	1e-04	4e-04	6e-04	0.0701	0.0021	0.0032	10
2021-09-23	12:00:00	10.1017	6e-04	0	1e-04	5e-04	0.0027	0.0014	0.0024	0.0037	2.8728	0.0138	0.0208	10
2021-09-24	12:00:00	10.0834	2e-04	0	0	1e-04	9e-04	4e-04	7e-04	0.001	1.2499	0.0037	0.0056	10
2021-09-25	12:00:00	10.0653	2e-04	0	0	1e-04	7e-04	1e-04	2e-04	3e-04	0.4244	0.0011	0.0016	10
2021-09-26	12:00:00	10.0472	3e-04	0	0	1e-04	0.0011	2e-04	5e-04	7e-04	0.0866	0.0028	0.0042	10
2021-09-27	12:00:00	10.0292	8e-04	0	2e-04	7e-04	0.0032	0.0015	0.0027	0.0041	4.2725	0.0154	0.0231	10
2021-09-28	12:00:00	10.0114	2e-04	0	0	1e-04	7e-04	1e-04	2e-04	3e-04	0.178	0.0012	0.0018	10
2021-09-29	12:00:00	9.9936	3e-04	0	0	1e-04	0.0012	2e-04	5e-04	8e-04	0.0944	0.0029	0.0044	10
2021-09-30	12:00:00	9.9761	3e-04	0	1e-04	2e-04	0.0019	8e-04	0.0014	0.0021	0.4294	0.0079	0.0119	10
2021-10-01	12:00:00	9.9586	0.0017	1e-04	4e-04	0.0014	0.0057	0.0026	0.0048	0.0072	8.1836	0.0272	0.0407	10
2021-10-02	12:00:00	9.9413	0.0012	1e-04	3e-04	0.001	0.0037	0.0016	0.003	0.0045	6.5194	0.0172	0.0258	10
2021-10-03	12:00:00	9.9241	2e-04	0	0	1e-04	0.0012	4e-04	8e-04	0.0012	0.7001	0.0046	0.0068	10
2021-10-04	12:00:00	9.907	2e-04	0	0	1e-04	7e-04	1e-04	2e-04	3e-04	0.1463	0.0013	0.002	10
2021-10-05	12:00:00	9.8901	6e-04	0	1e-04	5e-04	0.0029	0.0014	0.0025	0.0038	2.5727	0.0143	0.0215	10
2021-10-06	12:00:00	9.8733	2e-04	0	0	1e-04	7e-04	1e-04	2e-04	3e-04	0.2686	0.0013	0.0019	10
2021-10-07	12:00:00	9.8567	3e-04	0	0	1e-04	0.001	1e-04	3e-04	4e-04	0.0753	0.0015	0.0023	10
2021-10-08	12:00:00	9.8403	3e-04	0	0	2e-04	0.0011	1e-04	3e-04	5e-04	0.0934	0.0017	0.0026	10
2021-10-09	12:00:00	9.824	3e-04	0	0	2e-04	0.0012	1e-04	3e-04	5e-04	0.1062	0.0018	0.0028	10
2021-10-10	12:00:00	9.8079	4e-04	0	0	2e-04	0.0013	1e-04	3e-04	5e-04	0.1139	0.0019	0.0029	10
2021-10-11	12:00:00	9.792	4e-04	0	1e-04	2e-04	0.0013	1e-04	4e-04	5e-04	0.1202	0.002	0.003	10
2021-10-12	12:00:00	9.7762	4e-04	0	1e-04	2e-04	0.0014	1e-04	4e-04	6e-04	0.126	0.0021	0.0032	10
2021-10-13	12:00:00	9.7606	4e-04	0	1e-04	2e-04	0.0014	2e-04	5e-04	7e-04	0.1188	0.0028	0.0042	10
2021-10-14	12:00:00	9.7452	4e-04	0	1e-04	2e-04	0.0015	1e-04	4e-04	6e-04	0.1258	0.0023	0.0035	10
2021-10-15	12:00:00	9.73	4e-04	0	1e-04	2e-04	0.0016	1e-04	4e-04	6e-04	0.1348	0.0024	0.0036	10
2021-10-16	12:00:00	9.7149	4e-04	0	1e-04	2e-04	0.0017	1e-04	4e-04	7e-04	0.1438	0.0025	0.0037	10
2021-10-17	12:00:00	9.7	5e-04	0	1e-04	3e-04	0.0018	1e-04	5e-04	7e-04	0.1517	0.0026	0.0039	10
2021-10-18	12:00:00	9.6854	5e-04	0	1e-04	3e-04	0.0019	1e-04	5e-04	7e-04	0.1594	0.0027	0.0041	10
2021-10-19	12:00:00	9.6709	5e-04	0	1e-04	3e-04	0.002	1e-04	5e-04	7e-04	0.1671	0.0028	0.0043	10
2021-10-20	12:00:00	9.6566	4e-04	0	1e-04	2e-04	0.0023	3e-04	9e-04	0.0014	0.1437	0.0052	0.0079	10
2021-10-21	12:00:00	9.6426	6e-04	0	1e-04	3e-04	0.0021	1e-04	5e-04	8e-04	0.1709	0.003	0.0045	10
2021-10-22	12:00:00	9.6287	6e-04	0	1e-04	3e-04	0.0022	1e-04	6e-04	8e-04	0.1848	0.0031	0.0047	10
2021-10-23	12:00:00	9.615	6e-04	0	1e-04	3e-04	0.0023	1e-04	6e-04	9e-04	0.1919	0.0032	0.0049	10
2021-10-24	12:00:00	9.6016	5e-04	0	1e-04	3e-04	0.0022	3e-04	9e-04	0.0013	0.1367	0.0051	0.0076	10
2021-10-25	12:00:00	9.5883	7e-04	0	1e-04	4e-04	0.0024	1e-04	6e-04	9e-04	0.2004	0.0035	0.0052	10
2021-10-26	12:00:00	9.5753	7e-04	0	1e-04	4e-04	0.0026	1e-04	6e-04	0.001	0.2161	0.0036	0.0055	10
2021-10-27	12:00:00	9.5625	7e-04	0	1e-04	4e-04	0.0027	1e-04	7e-04	0.001	0.2263	0.0038	0.0057	10
2021-10-28	12:00:00	9.5499	8e-04	0	1e-04	5e-04	0.0028	1e-04	7e-04	0.0011	0.2409	0.004	0.006	10
2021-10-29	12:00:00	9.5375	8e-04	0	1e-04	5e-04	0.003	1e-04	7e-04	0.0011	0.2527	0.0042	0.0063	10
2021-10-30	12:00:00	9.5253	4e-04	0	1e-04	2e-04	0.0024	6e-04	0.0013	0.0019	0.1759	0.0073	0.011	10
2021-10-31	12:00:00	9.5134	9e-04	0	1e-04	5e-04	0.0031	1e-04	8e-04	0.0012	0.2568	0.0044	0.0066	10
2021-11-01	12:00:00	9.5017	0.001	0	1e-04	5e-04	0.0033	1e-04	8e-04	0.0012	0.2794	0.0047	0.007	10
2021-11-02	12:00:00	9.4902	0.001	0	2e-04	6e-04	0.0035	1e-04	9e-04	0.0013	0.2951	0.0049	0.0074	10
2021-11-03	12:00:00	9.479	0.001	0	2e-04	6e-04	0.0036	1e-04	9e-04	0.0013	0.2971	0.005	0.0074	10
2021-11-04	12:00:00	9.468	0.0011	0	2e-04	6e-04	0.0039	1e-04	9e-04	0.0014	0.3184	0.0054	0.0081	10
2021-11-05	12:00:00	9.4572	4e-04	0	1e-04	2e-04	0.0038	0.0013	0.0026	0.0039	0.1043	0.0149	0.0223	10
2021-11-06	12:00:00	9.4467	5e-04	0	1e-04	3e-04	0.0031	0.0015	0.0025	0.0037	0.2378	0.0141	0.0211	10
2021-11-07	12:00:00	9.4364	7e-04	0	1e-04	4e-04	0.0022	1e-04	6e-04	0.001	0.1289	0.0037	0.0055	10
2021-11-08	12:00:00	9.4263	9e-04	0	1e-04	5e-04	0.0029	1e-04	8e-04	0.0012	0.2062	0.0044	0.0066	10
2021-11-09	12:00:00	9.4165	0.001	0	1e-04	5e-04	0.0033	1e-04	8e-04	0.0013	0.255	0.0048	0.0072	10
2021-11-10	12:00:00	9.407	9e-04	0	1e-04	5e-04	0.0031	2e-04	8e-04	0.0013	0.2503	0.0048	0.0072	10
2021-11-11	12:00:00	9.3976	0.0011	0	2e-04	6e-04	0.0038	3e-04	0.0011	0.0017	0.2901	0.0063	0.0095	10
2021-11-12	12:00:00	9.3886	0.0011	0	2e-04	6e-04	0.0039	2e-04	0.001	0.0015	0.314	0.0056	0.0084	10
2021-11-13	12:00:00	9.3797	0.0012	0	2e-04	7e-04	0.0041	2e-04	0.001	0.0015	0.329	0.0059	0.0088	10
2021-11-14	12:00:00	9.3711	6e-04	0	1e-04	3e-04	0.0029	9e-04	0.0018	0.0026	0.1539	0.01	0.015	10
2021-11-15	12:00:00	9.3628	0.0029	2e-04	7e-04	0.0026	0.0125	0.007	0.0119	0.0178	13.3838	0.0675	0.1012	10
2021-11-16	12:00:00	9.3547	4e-04	0	1e-04	2e-04	0.0015	4e-04	8e-04	0.0012	1.0642	0.0046	0.0069	10
2021-11-17	12:00:00	9.3469	6e-04	0	1e-04	3e-04	0.0018	1e-04	5e-04	8e-04	0.5612	0.0029	0.0043	10
2021-11-18	12:00:00	9.3393	8e-04	0	1e-04	4e-04	0.0026	1e-04	7e-04	0.001	0.1638	0.004	0.0059	10
2021-11-19	12:00:00	9.332	9e-04	0	1e-04	5e-04	0.0031	1e-04	8e-04	0.0012	0.2267	0.0046	0.0069	10
2021-11-20	12:00:00	9.325	0.001	0	2e-04	6e-04	0.0034	1e-04	9e-04	0.0013	0.2632	0.005	0.0074	10
2021-11-21	12:00:00	9.3182	0.0011	0	2e-04	6e-04	0.0037	1e-04	9e-04	0.0014	0.2858	0.0053	0.0079	10
2021-11-22	12:00:00	9.3116	0.0011	0	2e-04	6e-04	0.0039	1e-04	0.001	0.0015	0.3035	0.0055	0.0083	10
2021-11-23	12:00:00	9.3054	8e-04	0	1e-04	4e-04	0.0027	2e-04	8e-04	0.0012	0.2064	0.0044	0.0066	10
2021-11-24	12:00:00	9.2994	6e-04	0	1e-04	3e-04	0.0043	0.0012	0.0025	0.0038	0.1409	0.0143	0.0215	10
2021-11-25	12:00:00	9.2936	0.0011	0	2e-04	6e-04	0.0035	1e-04	9e-04	0.0014	0.2629	0.0052	0.0079	10
2021-11-26	12:00:00	9.2881	7e-04	0	1e-04	4e-04	0.0029	4e-04	0.0011	0.0017	0.1756	0.0063	0.0094	10
2021-11-27	12:00:00	9.2829	0.0011	0	2e-04	6e-04	0.0037	1e-04	0.001	0.0014	0.2781	0.0055	0.0082	10
2021-11-28	12:00:00	9.2779	0.0012	0	2e-04	7e-04	0.004	1e-04	0.001	0.0015	0.3045	0.0058	0.0087	10
2021-11-29	12:00:00	9.2732	0.0013	0	2e-04	7e-04	0.0043	1e-04	0.0011	0.0016	0.3243	0.0061	0.0092	10
2021-11-30	12:00:00	9.2688	0.0013	1e-04	2e-04	8e-04	0.0045	1e-04	0.0011	0.0017	0.3424	0.0064	0.0097	10
2021-12-01	12:00:00	9.2646	0.0014	1e-04	2e-04	8e-04	0.0048	2e-04	0.0012	0.0018	0.3609	0.0068	0.0102	10
2021-12-02	12:00:00	9.2607	0.0016	1e-04	2e-04	9e-04	0.0051	2e-04	0.0013	0.0019	0.3796	0.0071	0.0107	10
2021-12-03	12:00:00	9.2571	0.0017	1e-04	3e-04	0.001	0.0053	2e-04	0.0013	0.002	0.3987	0.0075	0.0112	10
2021-12-04	12:00:00	9.2537	0.0018	1e-04	3e-04	0.001	0.0056	2e-04	0.0014	0.0021	0.4186	0.0078	0.0117	10
2021-12-05	12:00:00	9.2506	0.002	1e-04	3e-04	0.0011	0.0059	2e-04	0.0014	0.0022	0.4391	0.0082	0.0123	10
2021-12-06	12:00:00	9.2478	0.0011	0	2e-04	6e-04	0.0033	3e-04	0.001	0.0015	0.2324	0.0057	0.0085	10
2021-12-07	12:00:00	9.2453	0.0016	1e-04	2e-04	9e-04	0.0045	2e-04	0.0012	0.0018	0.3417	0.0067	0.01	10
2021-12-08	12:00:00	9.243	0.002	1e-04	3e-04	0.0011	0.0054	2e-04	0.0014	0.002	0.4047	0.0077	0.0116	10
2021-12-09	12:00:00	9.241	0.0021	1e-04	3e-04	0.0012	0.0055	2e-04	0.0014	0.0021	0.4129	0.0079	0.0118	10
2021-12-10	12:00:00	9.2392	0.002	1e-04	3e-04	0.0011	0.0052	2e-04	0.0013	0.002	0.3903	0.0075	0.0113	10
2021-12-11	12:00:00	9.2378	0.0025	1e-04	4e-04	0.0014	0.0063	2e-04	0.0016	0.0024	0.4734	0.0091	0.0137	10
2021-12-12	12:00:00	9.2366	0.0027	1e-04	4e-04	0.0015	0.0066	2e-04	0.0017	0.0025	0.4959	0.0095	0.0143	10
2021-12-13	12:00:00	9.2356	0.0029	1e-04	4e-04	0.0016	0.007	2e-04	0.0018	0.0026	0.5215	0.01	0.015	10
2021-12-14	12:00:00	9.235	0.0031	1e-04	5e-04	0.0018	0.0073	3e-04	0.0018	0.0028	0.5488	0.0105	0.0157	10
2021-12-15	12:00:00	9.2346	0.0033	1e-04	5e-04	0.0019	0.0078	3e-04	0.0019	0.0029	0.5793	0.011	0.0165	10
2021-12-16	12:00:00	9.2345	0.0036	1e-04	5e-04	0.002	0.0081	3e-04	0.002	0.003	0.6066	0.0115	0.0173	10
2021-12-17	12:00:00	9.2346	0.0038	1e-04	6e-04	0.0022	0.0085	3e-04	0.0021	0.0032	0.6326	0.012	0.0179	10
2021-12-18	12:00:00	9.235	0.004	2e-04	6e-04	0.0023	0.0087	3e-04	0.0022	0.0033	0.6498	0.0123	0.0185	10
2021-12-19	12:00:00	9.2357	0.0044	2e-04	7e-04	0.0025	0.0095	3e-04	0.0024	0.0035	0.7064	0.0134	0.02	10
2021-12-20	12:00:00	9.2367	0.0047	2e-04	7e-04	0.0027	0.01	3e-04	0.0025	0.0037	0.7413	0.014	0.021	10
2021-12-21	12:00:00	9.238	0.0033	1e-04	5e-04	0.0019	0.007	2e-04	0.0017	0.0026	0.5161	0.0098	0.0147	10
2021-12-22	12:00:00	9.2395	0.0039	1e-04	6e-04	0.0022	0.0078	3e-04	0.002	0.003	0.583	0.0113	0.0169	10
2021-12-23	12:00:00	9.2413	0.0051	2e-04	8e-04	0.0029	0.0102	4e-04	0.0026	0.0039	0.7577	0.0147	0.022	10
2021-12-24	12:00:00	9.2433	0.0055	2e-04	8e-04	0.0032	0.0107	4e-04	0.0027	0.0041	0.7981	0.0154	0.0231	10
2021-12-25	12:00:00	9.2456	0.0059	2e-04	9e-04	0.0034	0.0112	4e-04	0.0028	0.0042	0.8362	0.0161	0.0241	10
2021-12-26	12:00:00	9.2482	0.0062	2e-04	0.001	0.0036	0.0117	4e-04	0.0029	0.0044	0.8732	0.0167	0.0251	10
2021-12-27	12:00:00	9.2511	0.0063	2e-04	0.001	0.0036	0.0117	4e-04	0.0029	0.0044	0.8661	0.0167	0.025	10
2021-12-28	12:00:00	9.2542	0.0072	3e-04	0.0011	0.0042	0.0131	5e-04	0.0033	0.0049	0.9742	0.0187	0.0281	10
2021-12-29	12:00:00	9.2576	0.0077	3e-04	0.0012	0.0044	0.0138	5e-04	0.0034	0.0052	1.0222	0.0196	0.0294	10
2021-12-30	12:00:00	9.2613	0.0082	3e-04	0.0013	0.0048	0.0145	5e-04	0.0036	0.0054	1.0757	0.0205	0.0308	10
2021-12-31	12:00:00	9.2622	0.0087	3e-04	0.0014	0.0051	0.0152	5e-04	0.0038	0.0057	1.1263	0.0214	0.0321	10
2022-01-01	12:00:00	9.2663	0.0031	1e-04	5e-04	0.0018	0.0057	2e-04	0.0015	0.0023	0.3987	0.0085	0.0128	10
2022-01-02	12:00:00	9.2705	0.004	2e-04	6e-04	0.0023	0.008	4e-04	0.0021	0.0032	0.5229	0.0122	0.0183	10
2022-01-03	12:00:00	9.2751	0.0069	3e-04	0.0011	0.004	0.0148	6e-04	0.0039	0.0058	0.9	0.0219	0.0329	10
2022-01-04	12:00:00	9.2799	0.0072	3e-04	0.0011	0.0041	0.0166	6e-04	0.0043	0.0064	0.945	0.0241	0.0362	10
2022-01-05	12:00:00	9.2849	0.0076	3e-04	0.0012	0.0043	0.0185	6e-04	0.0047	0.007	0.9948	0.0266	0.0399	10
2022-01-06	12:00:00	9.2903	0.0079	3e-04	0.0012	0.0046	0.0207	7e-04	0.0052	0.0077	1.0459	0.0293	0.0439	10
2022-01-07	12:00:00	9.2959	0.0083	3e-04	0.0013	0.0048	0.023	7e-04	0.0057	0.0085	1.1009	0.0322	0.0482	10
2022-01-08	12:00:00	9.3017	0.0086	3e-04	0.0013	0.005	0.0253	8e-04	0.0062	0.0093	1.1515	0.0351	0.0526	10
2022-01-09	12:00:00	9.3078	0.009	3e-04	0.0014	0.0052	0.0279	8e-04	0.0067	0.0101	1.208	0.0383	0.0574	10
2022-01-10	12:00:00	9.3142	0.0095	4e-04	0.0015	0.0055	0.0311	9e-04	0.0074	0.0111	1.2803	0.0422	0.0633	10
2022-01-11	12:00:00	9.3209	0.0099	4e-04	0.0015	0.0057	0.034	9e-04	0.0081	0.0121	1.3389	0.0458	0.0687	10
2022-01-12	12:00:00	9.3278	0.0104	4e-04	0.0016	0.006	0.0376	0.001	0.0089	0.0133	1.4164	0.0503	0.0754	10
2022-01-13	12:00:00	9.3349	0.0108	4e-04	0.0017	0.0063	0.041	0.0011	0.0096	0.0144	1.4811	0.0544	0.0817	10
2022-01-14	12:00:00	9.3423	0.0096	4e-04	0.0015	0.0055	0.038	0.001	0.0089	0.0133	1.3194	0.0504	0.0756	10
2022-01-15	12:00:00	9.35	0.012	5e-04	0.0018	0.0069	0.0494	0.0012	0.0115	0.0173	1.6493	0.0653	0.098	10
2022-01-16	12:00:00	9.3579	0.0125	5e-04	0.0019	0.0072	0.0537	0.0013	0.0124	0.0187	1.7279	0.0706	0.106	10
2022-01-17	12:00:00	9.3661	0.0074	3e-04	0.0011	0.0043	0.0333	8e-04	0.0077	0.0115	1.0336	0.0436	0.0654	10
2022-01-18	12:00:00	9.3745	0.0066	3e-04	0.001	0.0038	0.0306	8e-04	0.0072	0.0107	0.927	0.0407	0.061	10
2022-01-19	12:00:00	9.3832	0.0128	5e-04	0.002	0.0074	0.0615	0.0015	0.0143	0.0214	1.7969	0.0811	0.1217	10
2022-01-20	12:00:00	9.3921	8e-04	0	1e-04	5e-04	0.0046	8e-04	0.0018	0.0027	0.1159	0.0102	0.0153	10
2022-01-21	12:00:00	9.4013	0.0047	2e-04	7e-04	0.0026	0.0232	9e-04	0.0059	0.0088	0.6553	0.0335	0.0502	10
2022-01-22	12:00:00	9.4107	0.0074	3e-04	0.0011	0.0042	0.0382	0.001	0.0092	0.0138	1.0496	0.0524	0.0786	10
2022-01-23	12:00:00	9.4204	0.0077	3e-04	0.0012	0.0044	0.0413	0.001	0.0099	0.0148	1.1023	0.0562	0.0843	10
2022-01-24	12:00:00	9.4303	0.0049	2e-04	7e-04	0.0028	0.0272	9e-04	0.0067	0.01	0.7084	0.038	0.0571	10
2022-01-25	12:00:00	9.4405	0.0083	3e-04	0.0012	0.0047	0.0472	0.0012	0.0113	0.017	1.1931	0.0643	0.0965	10
2022-01-26	12:00:00	9.4509	0.0087	3e-04	0.0013	0.0049	0.0512	0.0012	0.0122	0.0183	1.2565	0.0693	0.1039	10
2022-01-27	12:00:00	9.4615	0.0091	3e-04	0.0014	0.0051	0.0554	0.0013	0.0131	0.0197	1.3211	0.0744	0.1117	10
2022-01-28	12:00:00	9.4723	0.0095	4e-04	0.0014	0.0054	0.06	0.0014	0.0141	0.0212	1.3922	0.0802	0.1203	10
2022-01-29	12:00:00	9.4834	0.0099	4e-04	0.0015	0.0056	0.0647	0.0015	0.0152	0.0227	1.4617	0.086	0.1291	10
2022-01-30	12:00:00	9.4948	0.0104	4e-04	0.0016	0.0059	0.0699	0.0016	0.0163	0.0244	1.5373	0.0924	0.1387	10
2022-01-31	12:00:00	9.5063	0.0109	4e-04	0.0016	0.0062	0.0755	0.0017	0.0175	0.0262	1.6181	0.0994	0.149	10
2022-02-01	12:00:00	9.5181	8e-04	0	1e-04	4e-04	0.0052	3e-04	0.0014	0.002	0.1156	0.0077	0.0116	10
2022-02-02	12:00:00	9.5302	0.0059	2e-04	9e-04	0.0033	0.0381	0.0011	0.0095	0.0142	0.8867	0.0538	0.0807	10
2022-02-03	12:00:00	9.5424	0.0072	3e-04	0.0011	0.004	0.0456	0.0011	0.0112	0.0168	1.0823	0.0636	0.0953	10
2022-02-04	12:00:00	9.5549	0.0075	3e-04	0.0011	0.0042	0.0471	0.0012	0.0115	0.0173	1.1411	0.0655	0.0982	10
2022-02-05	12:00:00	9.5675	0.0079	3e-04	0.0012	0.0044	0.0485	0.0012	0.0119	0.0178	1.2	0.0673	0.101	10
2022-02-06	12:00:00	9.5804	0.0082	3e-04	0.0012	0.0046	0.0496	0.0013	0.0121	0.0182	1.2573	0.0689	0.1034	10
2022-02-07	12:00:00	9.5936	0.0085	3e-04	0.0013	0.0048	0.051	0.0013	0.0125	0.0187	1.3216	0.0708	0.1061	10
2022-02-08	12:00:00	9.6069	0.0089	3e-04	0.0013	0.005	0.0526	0.0014	0.0129	0.0193	1.3978	0.0731	0.1096	10
2022-02-09	12:00:00	9.6204	0.0094	4e-04	0.0014	0.0053	0.0543	0.0014	0.0133	0.0199	1.4782	0.0754	0.1131	10
2022-02-10	12:00:00	9.6342	0.0097	4e-04	0.0015	0.0055	0.0554	0.0015	0.0136	0.0203	1.5486	0.077	0.1154	10
2022-02-11	12:00:00	9.6481	0.0101	4e-04	0.0015	0.0057	0.0566	0.0015	0.0138	0.0207	1.6231	0.0785	0.1178	10
2022-02-12	12:00:00	9.6623	0.0037	1e-04	6e-04	0.0021	0.0203	6e-04	0.005	0.0075	0.6016	0.0283	0.0425	10
2022-02-13	12:00:00	9.6766	0.0065	2e-04	0.001	0.0036	0.0336	0.001	0.0088	0.0132	1.0482	0.0501	0.0751	10
2022-02-14	12:00:00	9.6912	4e-04	0	1e-04	2e-04	0.0023	6e-04	0.0011	0.0016	0.0714	0.0061	0.0091	10
2022-02-15	12:00:00	9.7059	2e-04	0	0	1e-04	0.0023	0.0016	0.0021	0.0031	0.0981	0.0117	0.0176	10
2022-02-16	12:00:00	9.7209	0.0021	1e-04	3e-04	0.0011	0.009	7e-04	0.0037	0.0056	0.2979	0.0211	0.0317	10
2022-02-17	12:00:00	9.736	0.0025	1e-04	4e-04	0.0014	0.0111	5e-04	0.0035	0.0052	0.4068	0.0198	0.0297	10
2022-02-18	12:00:00	9.7513	0.0027	1e-04	4e-04	0.0015	0.0119	5e-04	0.0034	0.0051	0.4557	0.0194	0.029	10
2022-02-19	12:00:00	9.7668	0.0029	1e-04	4e-04	0.0016	0.0123	5e-04	0.0034	0.0052	0.4929	0.0195	0.0293	10
2022-02-20	12:00:00	9.7824	0.003	1e-04	4e-04	0.0017	0.0126	5e-04	0.0035	0.0052	0.5229	0.0198	0.0297	10
2022-02-21	12:00:00	9.7983	0.0031	1e-04	5e-04	0.0017	0.0128	5e-04	0.0035	0.0053	0.5514	0.0201	0.0302	10
2022-02-22	12:00:00	9.8143	0.0033	1e-04	5e-04	0.0018	0.0129	6e-04	0.0036	0.0054	0.5801	0.0204	0.0306	10
2022-02-23	12:00:00	9.8305	0.0034	1e-04	5e-04	0.0019	0.0131	6e-04	0.0036	0.0055	0.6104	0.0207	0.031	10
2022-02-24	12:00:00	9.8468	0.0036	1e-04	5e-04	0.002	0.0132	6e-04	0.0037	0.0055	0.6438	0.0209	0.0314	10
2022-02-25	12:00:00	9.8633	0.0037	1e-04	6e-04	0.0021	0.0133	6e-04	0.0037	0.0056	0.6784	0.0212	0.0318	10
2022-02-26	12:00:00	9.88	0.0039	1e-04	6e-04	0.0022	0.0133	6e-04	0.0037	0.0056	0.7121	0.0213	0.0319	10
2022-02-27	12:00:00	9.8968	0.004	2e-04	6e-04	0.0023	0.0132	7e-04	0.0038	0.0057	0.7492	0.0214	0.0321	10
2022-02-28	12:00:00	9.9138	0.0042	2e-04	6e-04	0.0024	0.0132	7e-04	0.0038	0.0057	0.7902	0.0215	0.0323	10
2022-03-01	12:00:00	9.9309	0.0045	2e-04	7e-04	0.0025	0.0139	7e-04	0.004	0.0059	0.8333	0.0225	0.0338	10
2022-03-02	12:00:00	9.9481	0.0047	2e-04	7e-04	0.0026	0.0146	7e-04	0.0041	0.0062	0.8762	0.0235	0.0353	10
2022-03-03	12:00:00	9.9655	0.0049	2e-04	7e-04	0.0027	0.0153	7e-04	0.0043	0.0065	0.9177	0.0244	0.0367	10
2022-03-04	12:00:00	9.983	0.0052	2e-04	8e-04	0.0029	0.0162	8e-04	0.0045	0.0068	0.9712	0.0257	0.0386	10
2022-03-05	12:00:00	10.0007	0.0054	2e-04	8e-04	0.003	0.017	8e-04	0.0047	0.0071	1.0153	0.0267	0.04	10
2022-03-06	12:00:00	10.0185	1e-04	0	0	1e-04	0.002	0.0023	0.0024	0.0036	0.2423	0.0137	0.0206	10
2022-03-07	12:00:00	10.0363	0.0024	1e-04	6e-04	0.0022	0.007	0.014	0.0134	0.0202	6.1716	0.0763	0.1144	10
2022-03-08	12:00:00	10.0544	0.0021	1e-04	3e-04	0.0011	0.0056	5e-04	0.0023	0.0035	0.2738	0.0133	0.02	10
2022-03-09	12:00:00	10.0725	0.0021	1e-04	5e-04	0.0018	0.0013	5e-04	0.001	0.0016	12.483	0.006	0.0089	10
2022-03-10	12:00:00	10.0907	0.0033	2e-04	8e-04	0.0028	5e-04	2e-04	4e-04	5e-04	22.9755	0.002	0.003	10
2022-03-11	12:00:00	10.109	2e-04	0	0	1e-04	5e-04	0	1e-04	2e-04	0.8697	8e-04	0.0012	10
2022-03-12	12:00:00	10.1275	5e-04	0	1e-04	2e-04	0.0012	0	3e-04	5e-04	0.0561	0.0018	0.0027	10
2022-03-13	12:00:00	10.146	7e-04	0	1e-04	4e-04	0.0019	1e-04	5e-04	8e-04	0.0903	0.0029	0.0044	10
2022-03-14	12:00:00	10.1646	8e-04	0	1e-04	4e-04	0.0023	1e-04	7e-04	0.001	0.137	0.0037	0.0056	10
2022-03-15	12:00:00	10.1833	9e-04	0	1e-04	5e-04	0.0026	1e-04	7e-04	0.0011	0.1684	0.0041	0.0062	10
2022-03-16	12:00:00	10.202	9e-04	0	1e-04	5e-04	0.0028	1e-04	8e-04	0.0012	0.1866	0.0044	0.0066	10
2022-03-17	12:00:00	10.2209	0.001	0	1e-04	5e-04	0.003	1e-04	8e-04	0.0012	0.1997	0.0047	0.007	10
2022-03-18	12:00:00	10.2398	0.001	0	2e-04	6e-04	0.0031	2e-04	9e-04	0.0013	0.2108	0.0049	0.0073	10
2022-03-19	12:00:00	10.2587	0.0011	0	2e-04	6e-04	0.0033	2e-04	9e-04	0.0014	0.2221	0.0051	0.0077	10
2022-03-20	12:00:00	10.2778	0.0011	0	2e-04	6e-04	0.0035	2e-04	9e-04	0.0014	0.2334	0.0053	0.008	10
2022-03-21	12:00:00	10.2968	0.0012	0	2e-04	7e-04	0.0037	2e-04	0.001	0.0015	0.2445	0.0056	0.0084	10
2022-03-22	12:00:00	10.316	0.0012	0	2e-04	7e-04	0.0039	2e-04	0.001	0.0015	0.2576	0.0058	0.0088	10
2022-03-23	12:00:00	10.3351	0.0013	0	2e-04	7e-04	0.0041	2e-04	0.0011	0.0016	0.2707	0.0061	0.0092	10
2022-03-24	12:00:00	10.3543	8e-04	0	1e-04	4e-04	0.0026	2e-04	8e-04	0.0012	0.1656	0.0045	0.0068	10
2022-03-25	12:00:00	10.3735	8e-04	0	2e-04	7e-04	0.0048	0.0039	0.0052	0.0078	2.2937	0.0295	0.0443	10
2022-03-26	12:00:00	10.3928	0.001	0	1e-04	5e-04	0.0029	1e-04	8e-04	0.0012	0.1392	0.0047	0.007	10
2022-03-27	12:00:00	10.412	6e-04	0	1e-04	4e-04	0.0038	0.0032	0.0042	0.0063	1.5071	0.0238	0.0357	10
2022-03-28	12:00:00	10.4313	6e-04	0	1e-04	3e-04	0.0016	1e-04	6e-04	9e-04	0.1222	0.0032	0.0048	10
2022-03-29	12:00:00	10.4506	8e-04	0	1e-04	5e-04	0.0024	1e-04	7e-04	0.0011	0.1252	0.0042	0.0063	10
2022-03-30	12:00:00	10.4699	0.001	0	1e-04	5e-04	0.0029	1e-04	8e-04	0.0012	0.1803	0.0047	0.007	10
2022-03-31	12:00:00	10.4891	0.001	0	2e-04	6e-04	0.0032	1e-04	9e-04	0.0013	0.2117	0.0049	0.0073	10
2022-04-01	12:00:00	10.5084	7e-04	0	1e-04	4e-04	0.0024	9e-04	0.0013	0.0019	0.2915	0.0072	0.0108	10
2022-04-02	12:00:00	10.5276	0.001	0	2e-04	6e-04	0.0032	2e-04	9e-04	0.0014	0.2012	0.0051	0.0077	10
2022-04-03	12:00:00	10.5468	0.0015	1e-04	3e-04	0.0013	0.0011	5e-04	9e-04	0.0013	9.7708	0.0051	0.0076	10
2022-04-04	12:00:00	10.566	2e-04	0	0	2e-04	5e-04	1e-04	2e-04	3e-04	0.6866	0.0011	0.0017	10
2022-04-05	12:00:00	10.5852	3e-04	0	0	2e-04	9e-04	0	2e-04	4e-04	0.0959	0.0013	0.002	10
2022-04-06	12:00:00	10.6043	5e-04	0	1e-04	3e-04	0.0015	1e-04	4e-04	6e-04	0.0732	0.0023	0.0034	10
2022-04-07	12:00:00	10.6233	6e-04	0	1e-04	3e-04	0.0019	1e-04	5e-04	8e-04	0.1154	0.0029	0.0044	10
2022-04-08	12:00:00	10.6423	7e-04	0	1e-04	4e-04	0.0022	1e-04	6e-04	9e-04	0.141	0.0033	0.005	10
2022-04-09	12:00:00	10.6612	7e-04	0	1e-04	4e-04	0.0024	1e-04	6e-04	9e-04	0.1569	0.0036	0.0054	10
2022-04-10	12:00:00	10.6801	0.0027	2e-04	7e-04	0.0025	0.0079	0.0051	0.0078	0.0117	11.1584	0.0441	0.0662	10
2022-04-11	12:00:00	10.6989	0.0019	1e-04	4e-04	0.0016	0.0017	7e-04	0.0014	0.0021	11.5969	0.0078	0.0117	10
2022-04-12	12:00:00	10.7176	2e-04	0	0	1e-04	5e-04	0	1e-04	2e-04	0.2134	9e-04	0.0013	10
2022-04-13	12:00:00	10.7362	3e-04	0	0	2e-04	9e-04	1e-04	3e-04	4e-04	0.0428	0.0016	0.0025	10
2022-04-14	12:00:00	10.7547	5e-04	0	1e-04	2e-04	0.0013	1e-04	4e-04	6e-04	0.0692	0.0022	0.0033	10
2022-04-15	12:00:00	10.7731	0.0024	1e-04	6e-04	0.0022	0.0041	0.0021	0.0037	0.0055	10.227	0.021	0.0314	10
2022-04-16	12:00:00	10.7914	3e-04	0	0	2e-04	0.0011	1e-04	4e-04	5e-04	0.9541	0.002	0.003	10
2022-04-17	12:00:00	10.8096	5e-04	0	1e-04	2e-04	0.0014	1e-04	4e-04	6e-04	0.0787	0.0022	0.0034	10
2022-04-18	12:00:00	10.8276	5e-04	0	1e-04	3e-04	0.0017	1e-04	5e-04	7e-04	0.107	0.0026	0.0039	10
2022-04-19	12:00:00	10.8455	6e-04	0	1e-04	3e-04	0.0019	1e-04	5e-04	7e-04	0.1229	0.0028	0.0043	10
2022-04-20	12:00:00	10.8633	6e-04	0	1e-04	3e-04	0.002	1e-04	5e-04	8e-04	0.1316	0.003	0.0045	10
2022-04-21	12:00:00	10.881	6e-04	0	1e-04	3e-04	0.0021	2e-04	6e-04	8e-04	0.1345	0.0032	0.0047	10
2022-04-22	12:00:00	10.8985	6e-04	0	1e-04	3e-04	0.0022	2e-04	6e-04	9e-04	0.1412	0.0033	0.005	10
2022-04-23	12:00:00	10.9158	6e-04	0	1e-04	4e-04	0.0024	2e-04	6e-04	9e-04	0.1481	0.0035	0.0053	10
2022-04-24	12:00:00	10.933	7e-04	0	1e-04	4e-04	0.0025	2e-04	7e-04	0.001	0.1553	0.0037	0.0056	10
2022-04-25	12:00:00	10.95	7e-04	0	1e-04	4e-04	0.0027	2e-04	7e-04	0.001	0.1629	0.0039	0.0059	10
2022-04-26	12:00:00	10.9668	7e-04	0	1e-04	4e-04	0.0028	2e-04	7e-04	0.0011	0.1709	0.0041	0.0062	10
2022-04-27	12:00:00	10.9835	7e-04	0	1e-04	4e-04	0.0029	2e-04	8e-04	0.0011	0.1701	0.0043	0.0064	10
2022-04-28	12:00:00	10.9999	5e-04	0	1e-04	3e-04	0.0025	6e-04	0.0012	0.0018	0.1037	0.007	0.0104	10
2022-04-29	12:00:00	11.0162	5e-04	0	1e-04	3e-04	0.0026	8e-04	0.0014	0.0021	0.1992	0.0079	0.0118	10
2022-04-30	12:00:00	11.0322	7e-04	0	1e-04	4e-04	0.0026	2e-04	7e-04	0.0011	0.1358	0.0042	0.0062	10
2022-05-01	12:00:00	11.0481	8e-04	0	1e-04	4e-04	0.0029	2e-04	8e-04	0.0012	0.1663	0.0044	0.0067	10
2022-05-02	12:00:00	11.0637	6e-04	0	1e-04	4e-04	0.0038	0.0024	0.0032	0.0048	0.8226	0.0181	0.0272	10
2022-05-03	12:00:00	11.0791	7e-04	0	1e-04	4e-04	0.0025	3e-04	7e-04	0.0011	0.1222	0.0042	0.0063	10
2022-05-04	12:00:00	11.0943	8e-04	0	1e-04	4e-04	0.003	3e-04	8e-04	0.0012	0.1649	0.0045	0.0068	10
2022-05-05	12:00:00	11.1092	8e-04	0	1e-04	5e-04	0.0032	3e-04	8e-04	0.0013	0.1881	0.0048	0.0071	10
2022-05-06	12:00:00	11.1239	9e-04	0	1e-04	5e-04	0.0033	3e-04	9e-04	0.0013	0.2017	0.0049	0.0074	10
2022-05-07	12:00:00	11.1384	9e-04	0	1e-04	5e-04	0.0035	3e-04	9e-04	0.0013	0.2123	0.0051	0.0077	10
2022-05-08	12:00:00	11.1526	9e-04	0	1e-04	5e-04	0.0036	3e-04	9e-04	0.0014	0.2227	0.0053	0.0079	10
2022-05-09	12:00:00	11.1665	0.001	0	2e-04	6e-04	0.0038	3e-04	0.001	0.0015	0.2332	0.0055	0.0082	10
2022-05-10	12:00:00	11.1802	0.0051	3e-04	0.0012	0.0044	0.0036	0.0016	0.003	0.0045	32.8931	0.0171	0.0257	10
2022-05-11	12:00:00	11.1936	2e-04	0	0	1e-04	5e-04	1e-04	1e-04	2e-04	0.2858	8e-04	0.0012	10
2022-05-12	12:00:00	11.2067	3e-04	0	0	2e-04	0.001	1e-04	3e-04	5e-04	0.0576	0.0017	0.0026	10
2022-05-13	12:00:00	11.2195	5e-04	0	1e-04	3e-04	0.0016	2e-04	5e-04	7e-04	0.0822	0.0027	0.004	10
2022-05-14	12:00:00	11.2321	6e-04	0	1e-04	3e-04	0.002	2e-04	6e-04	8e-04	0.1212	0.0032	0.0048	10
2022-05-15	12:00:00	11.2443	0.0011	1e-04	3e-04	0.001	0.0033	0.0018	0.0031	0.0046	4.8641	0.0173	0.026	10
2022-05-16	12:00:00	11.2563	2e-04	0	0	1e-04	7e-04	1e-04	3e-04	4e-04	0.1633	0.0015	0.0022	10
2022-05-17	12:00:00	11.2679	3e-04	0	0	1e-04	9e-04	1e-04	3e-04	4e-04	0.0622	0.0016	0.0024	10
2022-05-18	12:00:00	11.2793	4e-04	0	1e-04	2e-04	0.0013	2e-04	4e-04	6e-04	0.0749	0.0023	0.0035	10
2022-05-19	12:00:00	11.2903	3e-04	0	0	2e-04	0.0015	6e-04	9e-04	0.0014	0.2145	0.0053	0.0079	10
2022-05-20	12:00:00	11.301	5e-04	0	1e-04	2e-04	0.0014	2e-04	4e-04	6e-04	0.0902	0.0024	0.0037	10
2022-05-21	12:00:00	11.3114	5e-04	0	1e-04	3e-04	0.0016	2e-04	5e-04	7e-04	0.1163	0.0027	0.004	10
2022-05-22	12:00:00	11.3214	5e-04	0	1e-04	3e-04	0.0017	2e-04	5e-04	7e-04	0.1298	0.0028	0.0042	10
2022-05-23	12:00:00	11.3311	5e-04	0	1e-04	3e-04	0.0029	0.0016	0.0024	0.0035	0.9174	0.0134	0.0201	10
2022-05-24	12:00:00	11.3405	5e-04	0	1e-04	3e-04	0.0016	2e-04	5e-04	7e-04	0.1072	0.0027	0.004	10
2022-05-25	12:00:00	11.3495	5e-04	0	1e-04	3e-04	0.0018	2e-04	5e-04	8e-04	0.1288	0.0029	0.0043	10
2022-05-26	12:00:00	11.3582	4e-04	0	1e-04	2e-04	0.0022	5e-04	0.0011	0.0016	0.1191	0.006	0.009	10
2022-05-27	12:00:00	11.3666	5e-04	0	1e-04	3e-04	0.0016	2e-04	5e-04	8e-04	0.1135	0.0029	0.0043	10
2022-05-28	12:00:00	11.3745	5e-04	0	1e-04	3e-04	0.0018	2e-04	5e-04	8e-04	0.1351	0.003	0.0045	10
2022-05-29	12:00:00	11.3822	7e-04	0	2e-04	6e-04	0.005	0.0033	0.0048	0.0072	1.8967	0.0272	0.0408	10
2022-05-30	12:00:00	11.3894	5e-04	0	1e-04	3e-04	0.0015	2e-04	5e-04	7e-04	0.0905	0.0026	0.0039	10
2022-05-31	12:00:00	11.3963	5e-04	0	1e-04	3e-04	0.0018	3e-04	7e-04	0.001	0.1162	0.0039	0.0058	10
2022-06-01	12:00:00	11.4028	2e-04	0	0	1e-04	0.0014	7e-04	0.0011	0.0016	0.1621	0.006	0.009	10
2022-06-02	12:00:00	11.409	3e-04	0	0	2e-04	0.001	2e-04	3e-04	5e-04	0.0515	0.0019	0.0029	10
2022-06-03	12:00:00	11.4148	4e-04	0	1e-04	2e-04	0.0015	2e-04	5e-04	8e-04	0.0897	0.003	0.0045	10
2022-06-04	12:00:00	11.4201	5e-04	0	1e-04	2e-04	0.0017	2e-04	6e-04	8e-04	0.119	0.0032	0.0048	10
2022-06-05	12:00:00	11.4252	3e-04	0	0	2e-04	0.0018	7e-04	0.0012	0.0018	0.1287	0.0068	0.0101	10
2022-06-06	12:00:00	11.4298	3e-04	0	0	2e-04	0.0014	4e-04	7e-04	0.001	0.0782	0.0039	0.0059	10
2022-06-07	12:00:00	11.434	4e-04	0	1e-04	2e-04	0.0014	2e-04	4e-04	7e-04	0.0996	0.0025	0.0038	10
2022-06-08	12:00:00	11.4379	5e-04	0	1e-04	2e-04	0.0017	2e-04	5e-04	7e-04	0.1248	0.0027	0.0041	10
2022-06-09	12:00:00	11.4414	5e-04	0	1e-04	3e-04	0.0018	2e-04	5e-04	8e-04	0.1347	0.0029	0.0043	10
2022-06-10	12:00:00	11.4445	5e-04	0	1e-04	3e-04	0.0019	2e-04	5e-04	8e-04	0.1431	0.003	0.0045	10
2022-06-11	12:00:00	11.4471	4e-04	0	1e-04	2e-04	0.0018	3e-04	6e-04	9e-04	0.1376	0.0035	0.0053	10
2022-06-12	12:00:00	11.4494	4e-04	0	1e-04	2e-04	0.0021	6e-04	0.0011	0.0016	0.1151	0.006	0.009	10
2022-06-13	12:00:00	11.4513	5e-04	0	1e-04	3e-04	0.0019	3e-04	6e-04	0.001	0.1242	0.0036	0.0054	10
2022-06-14	12:00:00	11.4529	5e-04	0	1e-04	3e-04	0.0021	2e-04	6e-04	9e-04	0.1469	0.0033	0.005	10
2022-06-15	12:00:00	11.454	5e-04	0	1e-04	3e-04	0.0023	5e-04	0.001	0.0015	0.1508	0.0057	0.0086	10
2022-06-16	12:00:00	11.4547	5e-04	0	1e-04	3e-04	0.0022	2e-04	6e-04	9e-04	0.1504	0.0035	0.0053	10
2022-06-17	12:00:00	11.455	6e-04	0	1e-04	3e-04	0.0024	2e-04	7e-04	0.001	0.1675	0.0037	0.0056	10
2022-06-18	12:00:00	11.4549	6e-04	0	1e-04	3e-04	0.0025	3e-04	7e-04	0.001	0.1785	0.0039	0.0058	10
2022-06-19	12:00:00	11.4544	6e-04	0	1e-04	3e-04	0.0027	3e-04	7e-04	0.0011	0.1873	0.0041	0.0061	10
2022-06-20	12:00:00	11.4536	3e-04	0	0	2e-04	0.0029	0.0011	0.0019	0.0029	0.1249	0.011	0.0165	10
2022-06-21	12:00:00	11.4523	4e-04	0	1e-04	2e-04	0.0021	5e-04	0.0011	0.0016	0.0804	0.006	0.009	10
2022-06-22	12:00:00	11.4506	6e-04	0	1e-04	4e-04	0.0046	0.003	0.0044	0.0066	0.9138	0.0249	0.0374	10
2022-06-23	12:00:00	11.4486	3e-04	0	0	2e-04	0.0022	9e-04	0.0014	0.0021	0.318	0.0081	0.0122	10
2022-06-24	12:00:00	11.4461	4e-04	0	1e-04	2e-04	0.0018	3e-04	7e-04	0.001	0.086	0.0037	0.0056	10
2022-06-25	12:00:00	11.4433	5e-04	0	1e-04	3e-04	0.0021	2e-04	6e-04	9e-04	0.1272	0.0034	0.0051	10
2022-06-26	12:00:00	11.44	5e-04	0	1e-04	3e-04	0.0023	3e-04	6e-04	0.001	0.1531	0.0037	0.0055	10
2022-06-27	12:00:00	11.4364	5e-04	0	1e-04	3e-04	0.0025	3e-04	7e-04	0.001	0.167	0.0038	0.0058	10
2022-06-28	12:00:00	11.4324	5e-04	0	1e-04	3e-04	0.0026	3e-04	7e-04	0.0011	0.1763	0.004	0.006	10
2022-06-29	12:00:00	11.428	6e-04	0	1e-04	3e-04	0.0027	3e-04	7e-04	0.0011	0.1839	0.0042	0.0063	10
2022-06-30	12:00:00	11.4232	0.005	3e-04	0.0011	0.0043	0.0085	0.004	0.0073	0.0109	28.0297	0.0414	0.0621	10
2022-07-01	12:00:00	11.418	0.0016	1e-04	4e-04	0.0014	0.0037	0.0016	0.0031	0.0046	8.8793	0.0174	0.0261	10
2022-07-02	12:00:00	11.4125	1e-04	0	0	1e-04	7e-04	1e-04	2e-04	3e-04	0.2318	0.0012	0.0018	10
2022-07-03	12:00:00	11.4066	3e-04	0	0	1e-04	0.0012	1e-04	3e-04	5e-04	0.0524	0.0019	0.0029	10
2022-07-04	12:00:00	11.4003	3e-04	0	1e-04	2e-04	0.0018	8e-04	0.0014	0.0022	0.8296	0.0082	0.0123	10
2022-07-05	12:00:00	11.3936	7e-04	0	2e-04	6e-04	0.0017	8e-04	0.0014	0.0021	3.4181	0.008	0.012	10
2022-07-06	12:00:00	11.3866	1e-04	0	0	1e-04	6e-04	1e-04	2e-04	3e-04	0.1756	0.0011	0.0016	10
2022-07-07	12:00:00	11.3792	2e-04	0	0	1e-04	9e-04	2e-04	4e-04	6e-04	0.097	0.0025	0.0037	10
2022-07-08	12:00:00	11.3714	4e-04	0	1e-04	4e-04	0.0019	8e-04	0.0015	0.0022	1.4556	0.0085	0.0127	10
2022-07-09	12:00:00	11.3633	2e-04	0	0	1e-04	0.0011	1e-04	4e-04	5e-04	0.0543	0.002	0.003	10
2022-07-10	12:00:00	11.3548	3e-04	0	1e-04	2e-04	0.0017	7e-04	0.0012	0.0018	0.4897	0.0068	0.0102	10
2022-07-11	12:00:00	11.346	2e-04	0	0	1e-04	0.001	1e-04	3e-04	5e-04	0.0536	0.0018	0.0027	10
2022-07-12	12:00:00	11.3368	3e-04	0	1e-04	3e-04	0.0016	7e-04	0.0013	0.002	1.2309	0.0074	0.0112	10
2022-07-13	12:00:00	11.3273	2e-04	0	0	1e-04	8e-04	1e-04	3e-04	4e-04	0.0938	0.0014	0.0022	10
2022-07-14	12:00:00	11.3175	3e-04	0	0	1e-04	0.0011	1e-04	3e-04	5e-04	0.0673	0.0018	0.0027	10
2022-07-15	12:00:00	11.3073	3e-04	0	0	1e-04	0.0013	1e-04	4e-04	5e-04	0.0874	0.002	0.0031	10
2022-07-16	12:00:00	11.2968	3e-04	0	0	2e-04	0.0014	1e-04	4e-04	6e-04	0.0988	0.0022	0.0033	10
2022-07-17	12:00:00	11.286	3e-04	0	0	2e-04	0.0015	1e-04	4e-04	6e-04	0.1055	0.0023	0.0034	10
2022-07-18	12:00:00	11.2748	3e-04	0	0	2e-04	0.0016	1e-04	4e-04	6e-04	0.1107	0.0024	0.0036	10
2022-07-19	12:00:00	11.2633	0.0015	1e-04	3e-04	0.0013	0.0037	0.0017	0.0031	0.0047	8.0516	0.0177	0.0265	10
2022-07-20	12:00:00	11.2516	3e-04	0	1e-04	3e-04	0.0012	5e-04	9e-04	0.0014	1.4796	0.0051	0.0077	10
2022-07-21	12:00:00	11.2395	1e-04	0	0	1e-04	5e-04	1e-04	1e-04	2e-04	0.2249	8e-04	0.0012	10
2022-07-22	12:00:00	11.2271	2e-04	0	0	1e-04	9e-04	2e-04	4e-04	7e-04	0.1976	0.0025	0.0037	10
2022-07-23	12:00:00	11.2145	7e-04	0	2e-04	6e-04	0.0029	0.0013	0.0023	0.0035	2.901	0.0131	0.0196	10
2022-07-24	12:00:00	11.2015	2e-04	0	0	1e-04	9e-04	1e-04	3e-04	4e-04	0.0737	0.0015	0.0023	10
2022-07-25	12:00:00	11.1883	2e-04	0	0	1e-04	0.0011	1e-04	3e-04	5e-04	0.0682	0.0018	0.0027	10
2022-07-26	12:00:00	11.1748	2e-04	0	0	1e-04	0.0013	5e-04	0.001	0.0014	0.3397	0.0054	0.0082	10
2022-07-27	12:00:00	11.161	2e-04	0	0	1e-04	8e-04	1e-04	2e-04	4e-04	0.0884	0.0014	0.002	10
2022-07-28	12:00:00	11.1469	2e-04	0	0	1e-04	0.0011	1e-04	3e-04	5e-04	0.0674	0.0018	0.0027	10
2022-07-29	12:00:00	11.1326	3e-04	0	0	1e-04	0.0013	1e-04	4e-04	5e-04	0.0853	0.002	0.003	10
2022-07-30	12:00:00	11.1181	3e-04	0	0	1e-04	0.0014	1e-04	4e-04	6e-04	0.0955	0.0021	0.0032	10
2022-07-31	12:00:00	11.1033	3e-04	0	0	1e-04	0.0014	2e-04	5e-04	7e-04	0.0918	0.0026	0.0038	10
2022-08-01	12:00:00	11.0883	3e-04	0	0	1e-04	0.0015	2e-04	6e-04	8e-04	0.0795	0.0032	0.0048	10
2022-08-02	12:00:00	11.073	3e-04	0	0	2e-04	0.0015	1e-04	4e-04	6e-04	0.0963	0.0023	0.0034	10
2022-08-03	12:00:00	11.0575	3e-04	0	0	2e-04	0.0016	1e-04	4e-04	6e-04	0.1076	0.0024	0.0036	10
2022-08-04	12:00:00	11.0418	3e-04	0	0	2e-04	0.0017	1e-04	4e-04	7e-04	0.1147	0.0025	0.0038	10
2022-08-05	12:00:00	11.0259	3e-04	0	0	2e-04	0.0018	4e-04	7e-04	0.0011	0.1231	0.0042	0.0062	10
2022-08-06	12:00:00	11.0097	3e-04	0	0	2e-04	0.0018	2e-04	5e-04	8e-04	0.1089	0.003	0.0046	10
2022-08-07	12:00:00	10.9934	4e-04	0	1e-04	3e-04	0.0029	0.0015	0.0025	0.0038	0.7068	0.0143	0.0215	10
2022-08-08	12:00:00	10.9769	3e-04	0	0	2e-04	0.0018	8e-04	0.0014	0.002	0.7812	0.0077	0.0116	10
2022-08-09	12:00:00	10.9601	0.002	1e-04	5e-04	0.0017	0.0055	0.0025	0.0047	0.0071	10.9636	0.0267	0.04	10
2022-08-10	12:00:00	10.9432	2e-04	0	0	1e-04	7e-04	1e-04	2e-04	3e-04	0.1299	0.0012	0.0019	10
2022-08-11	12:00:00	10.9262	2e-04	0	0	1e-04	0.0012	1e-04	3e-04	5e-04	0.0627	0.0018	0.0027	10
2022-08-12	12:00:00	10.9089	0.0011	1e-04	2e-04	9e-04	0.0054	0.0027	0.0047	0.007	4.4008	0.0265	0.0398	10
2022-08-13	12:00:00	10.8915	2e-04	0	0	1e-04	0.0014	5e-04	9e-04	0.0014	0.3021	0.0052	0.0078	10
2022-08-14	12:00:00	10.874	2e-04	0	0	1e-04	9e-04	1e-04	3e-04	4e-04	0.0648	0.0016	0.0025	10
2022-08-15	12:00:00	10.8563	3e-04	0	0	1e-04	0.0012	1e-04	3e-04	5e-04	0.0743	0.002	0.003	10
2022-08-16	12:00:00	10.8384	3e-04	0	0	2e-04	0.0014	1e-04	4e-04	6e-04	0.0988	0.0023	0.0034	10
2022-08-17	12:00:00	10.8204	3e-04	0	0	2e-04	0.0016	1e-04	4e-04	6e-04	0.1123	0.0024	0.0036	10
2022-08-18	12:00:00	10.8023	3e-04	0	1e-04	2e-04	0.002	0.001	0.0017	0.0025	0.7476	0.0096	0.0144	10
2022-08-19	12:00:00	10.7841	2e-04	0	0	1e-04	9e-04	1e-04	3e-04	4e-04	0.0601	0.0015	0.0022	10
2022-08-20	12:00:00	10.7658	3e-04	0	0	1e-04	0.0013	1e-04	4e-04	5e-04	0.0754	0.002	0.0031	10
2022-08-21	12:00:00	10.7473	3e-04	0	0	2e-04	0.0015	1e-04	4e-04	6e-04	0.102	0.0023	0.0035	10
2022-08-22	12:00:00	10.7288	3e-04	0	0	2e-04	0.0016	1e-04	4e-04	6e-04	0.1168	0.0025	0.0037	10
2022-08-23	12:00:00	10.7101	4e-04	0	0	2e-04	0.0017	2e-04	5e-04	7e-04	0.1257	0.0026	0.0039	10
2022-08-24	12:00:00	10.6914	4e-04	0	0	2e-04	0.0018	2e-04	5e-04	7e-04	0.1327	0.0027	0.004	10
2022-08-25	12:00:00	10.6726	4e-04	0	1e-04	2e-04	0.0018	2e-04	5e-04	7e-04	0.1355	0.0028	0.0042	10
2022-08-26	12:00:00	10.6537	2e-04	0	0	1e-04	0.0019	7e-04	0.0012	0.0018	0.1381	0.0066	0.01	10
2022-08-27	12:00:00	10.6348	3e-04	0	0	1e-04	0.0015	3e-04	7e-04	0.001	0.0828	0.0038	0.0056	10
2022-08-28	12:00:00	10.6157	0.0027	2e-04	6e-04	0.0024	0.0092	0.0043	0.008	0.012	14.9181	0.0453	0.068	10
2022-08-29	12:00:00	10.5967	1e-04	0	0	1e-04	6e-04	1e-04	2e-04	2e-04	0.1702	9e-04	0.0014	10
2022-08-30	12:00:00	10.5776	2e-04	0	0	1e-04	0.0011	1e-04	3e-04	5e-04	0.0529	0.0017	0.0026	10
2022-08-31	12:00:00	10.5584	0.0029	2e-04	7e-04	0.0024	0.0026	0.0011	0.0021	0.0032	17.2651	0.0122	0.0183	10
2022-09-01	12:00:00	10.5392	1e-04	0	0	0	4e-04	1e-04	1e-04	2e-04	0.3079	8e-04	0.0011	10
2022-09-02	12:00:00	10.52	2e-04	0	0	1e-04	7e-04	1e-04	2e-04	3e-04	0.1	0.0012	0.0018	10
2022-09-03	12:00:00	10.5007	3e-04	0	0	1e-04	0.0011	1e-04	3e-04	5e-04	0.0684	0.0018	0.0027	10
2022-09-04	12:00:00	10.4815	0.0054	3e-04	0.0013	0.0047	0.0055	0.0024	0.0047	0.007	30.3415	0.0265	0.0397	10
2022-09-05	12:00:00	10.4622	2e-04	0	0	1e-04	7e-04	1e-04	2e-04	3e-04	0.1172	0.0011	0.0016	10
2022-09-06	12:00:00	10.4429	0.0014	1e-04	3e-04	0.0011	0.0034	0.0015	0.0028	0.0042	6.7022	0.0159	0.0238	10
2022-09-07	12:00:00	10.4237	0.0018	1e-04	4e-04	0.0016	0.0038	0.0017	0.0032	0.0048	9.5629	0.0181	0.0272	10
2022-09-08	12:00:00	10.4044	1e-04	0	0	1e-04	6e-04	2e-04	3e-04	5e-04	0.3051	0.0019	0.0028	10
2022-09-09	12:00:00	10.3851	1e-04	0	0	1e-04	6e-04	1e-04	3e-04	4e-04	0.169	0.0015	0.0023	10
2022-09-10	12:00:00	10.3659	2e-04	0	0	2e-04	0.0012	4e-04	8e-04	0.0011	0.4482	0.0043	0.0065	10
2022-09-11	12:00:00	10.3467	2e-04	0	0	1e-04	9e-04	1e-04	3e-04	4e-04	0.0581	0.0016	0.0023	10
2022-09-12	12:00:00	10.3275	3e-04	0	0	1e-04	0.0012	1e-04	3e-04	5e-04	0.0837	0.0018	0.0028	10
2022-09-13	12:00:00	10.3084	3e-04	0	0	2e-04	0.0013	1e-04	4e-04	5e-04	0.103	0.002	0.0031	10
2022-09-14	12:00:00	10.2893	3e-04	0	0	2e-04	0.0014	1e-04	4e-04	6e-04	0.1134	0.0021	0.0032	10
2022-09-15	12:00:00	10.2702	3e-04	0	0	2e-04	0.0015	1e-04	4e-04	6e-04	0.1206	0.0022	0.0034	10
2022-09-16	12:00:00	10.2512	4e-04	0	0	2e-04	0.0015	1e-04	4e-04	6e-04	0.1271	0.0023	0.0035	10
2022-09-17	12:00:00	10.2323	4e-04	0	1e-04	2e-04	0.0016	1e-04	4e-04	6e-04	0.1333	0.0024	0.0037	10
2022-09-18	12:00:00	10.2134	4e-04	0	1e-04	2e-04	0.0017	1e-04	5e-04	7e-04	0.1354	0.0026	0.0038	10
2022-09-19	12:00:00	10.1946	4e-04	0	1e-04	2e-04	0.0018	1e-04	5e-04	7e-04	0.1416	0.0027	0.004	10
2022-09-20	12:00:00	10.1758	3e-04	0	0	2e-04	0.002	3e-04	8e-04	0.0012	0.1361	0.0046	0.0069	10
2022-09-21	12:00:00	10.1572	4e-04	0	1e-04	2e-04	0.0019	2e-04	5e-04	8e-04	0.1362	0.0031	0.0046	10
2022-09-22	12:00:00	10.1386	4e-04	0	1e-04	2e-04	0.002	1e-04	5e-04	8e-04	0.1534	0.0029	0.0044	10
2022-09-23	12:00:00	10.1201	5e-04	0	1e-04	3e-04	0.0021	1e-04	5e-04	8e-04	0.1643	0.0031	0.0046	10
2022-09-24	12:00:00	10.1017	5e-04	0	1e-04	3e-04	0.0022	1e-04	6e-04	9e-04	0.1735	0.0032	0.0048	10
2022-09-25	12:00:00	10.0834	3e-04	0	0	2e-04	0.0019	6e-04	0.0011	0.0016	0.1365	0.006	0.0091	10
2022-09-26	12:00:00	10.0653	5e-04	0	1e-04	3e-04	0.002	1e-04	5e-04	8e-04	0.1361	0.0031	0.0046	10
2022-09-27	12:00:00	10.0472	5e-04	0	1e-04	3e-04	0.0023	1e-04	6e-04	9e-04	0.1711	0.0034	0.0051	10
2022-09-28	12:00:00	10.0292	6e-04	0	1e-04	3e-04	0.0025	1e-04	6e-04	0.001	0.1912	0.0036	0.0054	10
2022-09-29	12:00:00	10.0114	4e-04	0	1e-04	2e-04	0.0031	0.001	0.0019	0.0028	0.2084	0.0106	0.016	10
2022-09-30	12:00:00	9.9936	4e-04	0	1e-04	2e-04	0.0031	7e-04	0.0016	0.0025	0.0984	0.0093	0.014	10
2022-10-01	12:00:00	9.9761	5e-04	0	1e-04	3e-04	0.0024	3e-04	8e-04	0.0012	0.1448	0.0046	0.0068	10
2022-10-02	12:00:00	9.9586	6e-04	0	1e-04	3e-04	0.0025	2e-04	7e-04	0.001	0.1855	0.0037	0.0056	10
2022-10-03	12:00:00	9.9413	6e-04	0	1e-04	4e-04	0.0027	2e-04	7e-04	0.001	0.207	0.0039	0.0059	10
2022-10-04	12:00:00	9.9241	7e-04	0	1e-04	4e-04	0.0028	2e-04	7e-04	0.0011	0.2217	0.0041	0.0061	10
2022-10-05	12:00:00	9.907	7e-04	0	1e-04	4e-04	0.003	2e-04	8e-04	0.0011	0.2342	0.0043	0.0064	10
2022-10-06	12:00:00	9.8901	4e-04	0	1e-04	2e-04	0.0027	7e-04	0.0015	0.0022	0.1254	0.0085	0.0127	10
2022-10-07	12:00:00	9.8733	6e-04	0	1e-04	3e-04	0.0024	2e-04	7e-04	0.001	0.1454	0.0037	0.0056	10
2022-10-08	12:00:00	9.8567	0.0015	1e-04	4e-04	0.0013	0.0099	0.0055	0.0093	0.0139	5.8069	0.0525	0.0788	10
2022-10-09	12:00:00	9.8403	6e-04	0	1e-04	3e-04	0.0021	1e-04	6e-04	9e-04	0.1185	0.0034	0.0051	10
2022-10-10	12:00:00	9.824	7e-04	0	1e-04	4e-04	0.0027	2e-04	7e-04	0.0011	0.1873	0.0041	0.0061	10
2022-10-11	12:00:00	9.8079	8e-04	0	1e-04	4e-04	0.003	2e-04	8e-04	0.0012	0.2302	0.0044	0.0067	10
2022-10-12	12:00:00	9.792	5e-04	0	1e-04	3e-04	0.0053	0.0014	0.0032	0.0048	0.1504	0.0182	0.0272	10
2022-10-13	12:00:00	9.7762	8e-04	0	1e-04	4e-04	0.0028	2e-04	8e-04	0.0012	0.1997	0.0044	0.0066	10
2022-10-14	12:00:00	9.7606	8e-04	0	1e-04	5e-04	0.0031	2e-04	8e-04	0.0012	0.2428	0.0047	0.0071	10
2022-10-15	12:00:00	9.7452	9e-04	0	1e-04	5e-04	0.0034	2e-04	9e-04	0.0013	0.2681	0.005	0.0074	10
2022-10-16	12:00:00	9.73	9e-04	0	1e-04	5e-04	0.0036	2e-04	9e-04	0.0014	0.2851	0.0052	0.0077	10
2022-10-17	12:00:00	9.7149	0.001	0	1e-04	6e-04	0.0038	2e-04	0.001	0.0014	0.3022	0.0054	0.0081	10
2022-10-18	12:00:00	9.7	0.001	0	2e-04	6e-04	0.0039	2e-04	0.001	0.0015	0.3173	0.0057	0.0085	10
2022-10-19	12:00:00	9.6854	0.0011	0	2e-04	6e-04	0.0041	2e-04	0.001	0.0016	0.3333	0.0059	0.0089	10
2022-10-20	12:00:00	9.6709	0.0011	0	2e-04	6e-04	0.0043	2e-04	0.0011	0.0016	0.3492	0.0062	0.0092	10
2022-10-21	12:00:00	9.6566	6e-04	0	1e-04	3e-04	0.0045	0.001	0.0024	0.0036	0.1873	0.0138	0.0207	10
2022-10-22	12:00:00	9.6426	0.001	0	1e-04	5e-04	0.0051	8e-04	0.0022	0.0033	0.2505	0.0126	0.0189	10
2022-10-23	12:00:00	9.6287	0.0012	0	2e-04	6e-04	0.0042	2e-04	0.0011	0.0016	0.325	0.0062	0.0092	10
2022-10-24	12:00:00	9.615	0.0012	0	2e-04	7e-04	0.0045	2e-04	0.0011	0.0017	0.3582	0.0065	0.0097	10
2022-10-25	12:00:00	9.6016	8e-04	0	1e-04	5e-04	0.0031	3e-04	0.001	0.0015	0.2439	0.0055	0.0083	10
2022-10-26	12:00:00	9.5883	4e-04	0	1e-04	3e-04	0.0047	0.0027	0.0043	0.0065	0.4548	0.0247	0.037	10
2022-10-27	12:00:00	9.5753	5e-04	0	1e-04	2e-04	0.0021	5e-04	0.0011	0.0017	0.4298	0.0064	0.0096	10
2022-10-28	12:00:00	9.5625	8e-04	0	1e-04	4e-04	0.0024	2e-04	7e-04	0.0011	0.1347	0.0041	0.0061	10
2022-10-29	12:00:00	9.5499	0.001	0	1e-04	5e-04	0.0032	2e-04	9e-04	0.0013	0.2266	0.005	0.0075	10
2022-10-30	12:00:00	9.5375	0.0011	0	2e-04	6e-04	0.0036	2e-04	0.001	0.0014	0.2875	0.0055	0.0082	10
2022-10-31	12:00:00	9.5253	0.0011	0	2e-04	6e-04	0.0039	2e-04	0.001	0.0015	0.3225	0.0058	0.0087	10
2022-11-01	12:00:00	9.5134	0.0012	0	2e-04	7e-04	0.0041	2e-04	0.0011	0.0016	0.3435	0.0061	0.0091	10
2022-11-02	12:00:00	9.5017	7e-04	0	1e-04	4e-04	0.0055	0.0013	0.0031	0.0047	0.205	0.0178	0.0266	10
2022-11-03	12:00:00	9.4902	9e-04	0	1e-04	5e-04	0.005	0.001	0.0024	0.0036	0.2179	0.0136	0.0204	10
2022-11-04	12:00:00	9.479	0.0012	0	2e-04	7e-04	0.004	2e-04	0.0011	0.0016	0.3121	0.0061	0.0091	10
2022-11-05	12:00:00	9.468	0.0013	0	2e-04	7e-04	0.0043	2e-04	0.0011	0.0017	0.3509	0.0064	0.0097	10
2022-11-06	12:00:00	9.4572	6e-04	0	1e-04	3e-04	0.0056	0.0015	0.0034	0.0051	0.1688	0.0193	0.0289	10
2022-11-07	12:00:00	9.4467	0.0012	0	2e-04	7e-04	0.0039	2e-04	0.0011	0.0016	0.2819	0.006	0.009	10
2022-11-08	12:00:00	9.4364	0.0013	0	2e-04	7e-04	0.0043	2e-04	0.0011	0.0017	0.3367	0.0064	0.0096	10
2022-11-09	12:00:00	9.4263	0.0014	1e-04	2e-04	8e-04	0.0046	2e-04	0.0012	0.0018	0.37	0.0068	0.0102	10
2022-11-10	12:00:00	9.4165	0.0014	1e-04	2e-04	8e-04	0.0049	2e-04	0.0013	0.0019	0.3951	0.0072	0.0108	10
2022-11-11	12:00:00	9.407	0.0015	1e-04	2e-04	9e-04	0.0052	2e-04	0.0013	0.002	0.4163	0.0075	0.0113	10
2022-11-12	12:00:00	9.3976	0.0016	1e-04	2e-04	9e-04	0.0055	2e-04	0.0014	0.0021	0.4383	0.0079	0.0119	10
2022-11-13	12:00:00	9.3886	0.0017	1e-04	3e-04	0.001	0.0059	2e-04	0.0015	0.0022	0.4605	0.0083	0.0125	10
2022-11-14	12:00:00	9.3797	0.0018	1e-04	3e-04	0.001	0.0062	2e-04	0.0015	0.0023	0.4848	0.0088	0.0132	10
2022-11-15	12:00:00	9.3711	0.0019	1e-04	3e-04	0.0011	0.0066	2e-04	0.0016	0.0024	0.5105	0.0093	0.0139	10
2022-11-16	12:00:00	9.3628	0.002	1e-04	3e-04	0.0011	0.0069	2e-04	0.0017	0.0026	0.5351	0.0097	0.0146	10
2022-11-17	12:00:00	9.3547	0.0017	1e-04	3e-04	0.001	0.006	3e-04	0.0016	0.0023	0.4629	0.0088	0.0132	10
2022-11-18	12:00:00	9.3469	0.0022	1e-04	3e-04	0.0013	0.0078	3e-04	0.0019	0.0029	0.5923	0.0109	0.0163	10
2022-11-19	12:00:00	9.3393	0.0024	1e-04	4e-04	0.0013	0.0082	3e-04	0.002	0.003	0.6227	0.0114	0.0171	10
2022-11-20	12:00:00	9.332	0.0025	1e-04	4e-04	0.0014	0.0087	3e-04	0.0021	0.0032	0.6528	0.012	0.018	10
2022-11-21	12:00:00	9.325	0.0026	1e-04	4e-04	0.0015	0.0092	3e-04	0.0022	0.0033	0.6876	0.0126	0.019	10
2022-11-22	12:00:00	9.3182	0.0028	1e-04	4e-04	0.0016	0.0097	3e-04	0.0023	0.0035	0.7213	0.0133	0.0199	10
2022-11-23	12:00:00	9.3116	0.0029	1e-04	4e-04	0.0017	0.0102	3e-04	0.0025	0.0037	0.7559	0.0139	0.0209	10
2022-11-24	12:00:00	9.3054	0.0031	1e-04	5e-04	0.0018	0.0108	3e-04	0.0026	0.0039	0.7961	0.0147	0.0221	10
2022-11-25	12:00:00	9.2994	0.0032	1e-04	5e-04	0.0019	0.0115	3e-04	0.0027	0.0041	0.8383	0.0155	0.0233	10
2022-11-26	12:00:00	9.2936	0.0034	1e-04	5e-04	0.002	0.0121	3e-04	0.0029	0.0043	0.879	0.0163	0.0244	10
2022-11-27	12:00:00	9.2881	0.0036	1e-04	6e-04	0.0021	0.0128	4e-04	0.003	0.0045	0.9256	0.0172	0.0258	10
2022-11-28	12:00:00	9.2829	0.0038	1e-04	6e-04	0.0022	0.0134	4e-04	0.0032	0.0047	0.9672	0.018	0.027	10
2022-11-29	12:00:00	9.2779	0.0012	0	2e-04	7e-04	0.0055	8e-04	0.0022	0.0033	0.3119	0.0125	0.0188	10
2022-11-30	12:00:00	9.2732	0.0038	1e-04	6e-04	0.0022	0.0135	4e-04	0.0032	0.0048	0.9634	0.0183	0.0275	10
2022-12-01	12:00:00	9.2688	0.0042	2e-04	6e-04	0.0024	0.0142	4e-04	0.0034	0.0051	1.0159	0.0192	0.0289	10
2022-12-02	12:00:00	9.2646	0.0045	2e-04	7e-04	0.0026	0.015	4e-04	0.0036	0.0053	1.0696	0.0202	0.0303	10
2022-12-03	12:00:00	9.2607	0.0049	2e-04	7e-04	0.0028	0.0157	4e-04	0.0037	0.0056	1.1219	0.0212	0.0317	10
2022-12-04	12:00:00	9.2571	0.0053	2e-04	8e-04	0.003	0.0166	5e-04	0.0039	0.0059	1.1824	0.0223	0.0334	10
2022-12-05	12:00:00	9.2537	0.0057	2e-04	9e-04	0.0033	0.0174	5e-04	0.0041	0.0062	1.2441	0.0234	0.0351	10
2022-12-06	12:00:00	9.2506	0.0062	2e-04	9e-04	0.0036	0.0183	5e-04	0.0043	0.0065	1.3045	0.0245	0.0367	10
2022-12-07	12:00:00	9.2478	0.0067	3e-04	0.001	0.0039	0.0193	5e-04	0.0045	0.0068	1.3746	0.0257	0.0386	10
2022-12-08	12:00:00	9.2453	0.0071	3e-04	0.0011	0.0041	0.0202	6e-04	0.0047	0.0071	1.438	0.0268	0.0403	10
2022-12-09	12:00:00	9.243	0.0077	3e-04	0.0012	0.0045	0.0213	6e-04	0.005	0.0075	1.5184	0.0283	0.0424	10
2022-12-10	12:00:00	9.241	0.0083	3e-04	0.0013	0.0048	0.0225	6e-04	0.0052	0.0078	1.598	0.0297	0.0446	10
2022-12-11	12:00:00	9.2392	0.009	3e-04	0.0014	0.0052	0.0236	6e-04	0.0055	0.0082	1.6772	0.0311	0.0467	10
2022-12-12	12:00:00	9.2378	0.0096	4e-04	0.0015	0.0056	0.0247	7e-04	0.0057	0.0086	1.756	0.0325	0.0488	10
2022-12-13	12:00:00	9.2366	0.0103	4e-04	0.0016	0.006	0.0259	7e-04	0.006	0.009	1.8449	0.0341	0.0511	10
2022-12-14	12:00:00	9.2356	0.0111	4e-04	0.0017	0.0065	0.0274	7e-04	0.0063	0.0095	1.9459	0.0359	0.0538	10
2022-12-15	12:00:00	9.235	0.012	5e-04	0.0019	0.007	0.0289	8e-04	0.0066	0.01	2.051	0.0378	0.0566	10
2022-12-16	12:00:00	9.2346	0.0127	5e-04	0.002	0.0074	0.03	8e-04	0.0069	0.0103	2.1318	0.0391	0.0587	10
2022-12-17	12:00:00	9.2345	0.0138	5e-04	0.0021	0.0081	0.0319	8e-04	0.0073	0.011	2.2665	0.0416	0.0623	10
2022-12-18	12:00:00	9.2346	0.0138	5e-04	0.0021	0.008	0.0311	8e-04	0.0072	0.0107	2.2146	0.0406	0.0609	10
2022-12-19	12:00:00	9.235	0.0159	6e-04	0.0025	0.0093	0.0353	9e-04	0.0082	0.0122	2.5092	0.0463	0.0695	10
2022-12-20	12:00:00	9.2357	0.0169	7e-04	0.0026	0.0099	0.0368	0.001	0.0085	0.0127	2.619	0.0482	0.0723	10
2022-12-21	12:00:00	9.2367	0.0182	7e-04	0.0028	0.0107	0.0389	0.001	0.009	0.0134	2.7666	0.0508	0.0762	10
2022-12-22	12:00:00	9.238	0.0196	8e-04	0.0031	0.0115	0.0409	0.0011	0.0094	0.0141	2.9131	0.0534	0.0801	10
2022-12-23	12:00:00	9.2395	0.021	8e-04	0.0033	0.0123	0.043	0.0011	0.0099	0.0148	3.0619	0.056	0.084	10
2022-12-24	12:00:00	9.2413	0.0222	9e-04	0.0035	0.013	0.0447	0.0012	0.0102	0.0153	3.1859	0.0581	0.0872	10
2022-12-25	12:00:00	9.2433	0.024	9e-04	0.0038	0.0141	0.0475	0.0012	0.0108	0.0163	3.384	0.0616	0.0924	10
2022-12-26	12:00:00	9.2456	0.0259	0.001	0.004	0.0152	0.0502	0.0013	0.0114	0.0172	3.5788	0.065	0.0975	10
2022-12-27	12:00:00	9.2482	0.0276	0.0011	0.0043	0.0162	0.0526	0.0013	0.012	0.0179	3.7494	0.0679	0.1019	10
2022-12-28	12:00:00	9.2511	0.0294	0.0012	0.0046	0.0173	0.0551	0.0014	0.0125	0.0188	3.9361	0.0712	0.1067	10
2022-12-29	12:00:00	9.2542	0.0313	0.0012	0.0049	0.0184	0.0577	0.0015	0.0131	0.0196	4.1205	0.0743	0.1115	10
2022-12-30	12:00:00	9.2576	0.0334	0.0013	0.0052	0.0196	0.0605	0.0015	0.0137	0.0205	4.3236	0.0778	0.1167	10
