2019-01-01	12:00:00	      3.1950	      4.2160	 100667.0000	     19.5260	     16.9130	      0.5390	 5.12731e-09
2019-01-02	12:00:00	      4.5950	      2.6270	 100714.0000	     19.5020	     15.7140	      0.5060	 1.10532e-08
2019-01-03	12:00:00	      6.1780	      3.9990	 100706.0000	     20.1360	     18.0480	      0.4790	 1.10532e-08
2019-01-04	12:00:00	      2.5600	      5.6650	 100998.0000	     19.1300	     15.2160	      0.3240	 8.10185e-11
2019-01-05	12:00:00	      3.7770	      2.7600	 101124.0000	     19.1870	     15.3680	      0.3270	 3.47222e-11
2019-01-06	12:00:00	      4.8310	      3.0600	 101016.0000	     20.2100	     16.6470	      0.2250	 1.08796e-09
2019-01-07	12:00:00	      3.1730	      3.7930	 101073.0000	     20.5640	     17.2610	      0.2580	 1.08796e-09
2019-01-08	12:00:00	      1.2150	      4.1640	 101152.0000	     19.7020	     14.9110	      0.4120	 1.08796e-09
2019-01-09	12:00:00	     -0.6830	     -2.1260	 101147.0000	     21.3080	     17.2700	      0.4010	 1.42361e-09
2019-01-10	12:00:00	      3.2530	      0.9460	 101225.0000	     21.4450	     17.5520	      0.4350	 8.56481e-10
2019-01-11	12:00:00	      2.6800	      4.5100	 101332.0000	     20.4140	     16.1510	      0.4370	 1.58912e-08
2019-01-12	12:00:00	     -2.0180	     -0.7310	 101222.0000	     20.6860	     16.2910	      0.3510	 1.45833e-07
2019-01-13	12:00:00	      4.3180	     -0.4760	 100464.0000	     20.0640	     15.5930	      0.6930	 1.52998e-07
2019-01-14	12:00:00	      3.0610	      3.4900	  99914.8000	     16.9280	     12.7110	      0.5740	 6.14120e-08
2019-01-15	12:00:00	      0.9420	      6.9400	  99996.5000	     19.0990	     15.0620	      0.5180	 3.08796e-08
2019-01-16	12:00:00	      3.9660	      7.5810	 100096.0000	     19.8100	     16.3160	      0.4710	 3.69213e-09
2019-01-17	12:00:00	      5.4050	      4.9440	 100378.0000	     19.8260	     15.0550	      0.4970	 7.60417e-09
2019-01-18	12:00:00	      3.9610	      2.9840	 100675.0000	     20.3720	     17.3790	      0.6640	 1.51852e-08
2019-01-19	12:00:00	      6.2500	      1.0950	 100598.0000	     20.7590	     17.5740	      0.5170	 1.51852e-08
2019-01-20	12:00:00	      5.9180	      4.7800	 100595.0000	     19.5360	     12.2550	      0.4070	 2.82407e-09
2019-01-21	12:00:00	      6.6990	      6.3630	 100584.0000	     19.9210	     13.7170	      0.6120	 2.83565e-09
2019-01-22	12:00:00	      4.5110	      5.7050	 100751.0000	     19.9420	     14.5880	      0.5840	 2.47917e-08
2019-01-23	12:00:00	      6.4790	      0.9870	 100444.0000	     20.6180	     17.0870	      0.5860	 2.49074e-08
2019-01-24	12:00:00	      1.5430	      5.3510	 100733.0000	     18.8230	     13.4490	      0.4670	 1.62037e-09
2019-01-25	12:00:00	      1.4050	      3.2540	 101024.0000	     18.8890	     13.2320	      0.4800	 1.62037e-09
2019-01-26	12:00:00	      3.8180	      2.0010	 101009.0000	     19.2250	     13.4050	      0.4570	 6.13426e-09
2019-01-27	12:00:00	      4.8230	      3.5900	 101016.0000	     20.8400	     18.0330	      0.5840	 6.27315e-09
2019-01-28	12:00:00	      3.3460	      5.2070	 101077.0000	     21.1970	     18.4290	      0.4390	 3.34491e-09
2019-01-29	12:00:00	     -3.2490	     -0.3690	 101374.0000	     22.3340	     18.8260	      0.4920	 3.41435e-09
2019-01-30	12:00:00	     -2.8480	     -1.1990	 101549.0000	     21.9490	     18.1100	      0.4420	 5.78704e-10
2019-01-31	12:00:00	     -1.7670	     -2.3590	 101204.0000	     21.2540	     15.9790	      0.3990	 2.98611e-09
2019-02-01	12:00:00	      2.6680	      3.1240	 100815.0000	     21.2320	     16.0110	      0.5100	 2.27546e-08
2019-02-02	12:00:00	     -3.0610	      1.1640	 101169.0000	     21.0960	     15.8120	      0.6250	 2.27546e-08
2019-02-03	12:00:00	     -5.1800	     -1.1920	 101507.0000	     20.7260	     15.1840	      0.4660	 9.25926e-11
2019-02-04	12:00:00	     -1.4600	     -1.1330	 101300.0000	     21.0400	     15.9340	      0.3330	 1.04167e-10
2019-02-05	12:00:00	      1.4180	      2.9430	 101049.0000	     21.2270	     15.9960	      0.3880	 1.42708e-08
2019-02-06	12:00:00	     -3.5640	      2.0190	 101293.0000	     20.8410	     15.5170	      0.5580	 1.42708e-08
2019-02-07	12:00:00	     -6.5110	     -0.0170	 101532.0000	     19.3970	     12.0660	      0.5720	 9.24769e-09
2019-02-08	12:00:00	     -6.4010	     -0.7790	 101142.0000	     19.9330	     13.5910	      0.6180	 7.87037e-09
2019-02-09	12:00:00	     -5.3730	     -0.5920	 100703.0000	     20.3330	     15.1920	      0.4840	 2.59259e-09
2019-02-10	12:00:00	      0.5990	      3.2380	 100066.0000	     21.2610	     15.7680	      0.3090	 1.63079e-08
2019-02-11	12:00:00	      4.6430	      1.0580	  99920.6000	     21.1620	     17.0730	      0.4630	 1.63079e-08
2019-02-12	12:00:00	      3.2130	      3.3070	 100296.0000	     21.1470	     16.7660	      0.3260	 2.54630e-10
2019-02-13	12:00:00	      1.0120	      3.2730	 100488.0000	     20.7690	     17.0120	      0.2960	 2.31481e-11
2019-02-14	12:00:00	      1.1110	      3.2240	 100606.0000	     21.6230	     16.9660	      0.2530	 1.04167e-10
2019-02-15	12:00:00	      2.6690	      7.4000	 100515.0000	     20.5690	     14.3050	      0.4800	 1.42361e-09
2019-02-16	12:00:00	      0.5550	      3.1390	 100535.0000	     20.4600	     15.2410	      0.4870	 8.42593e-09
2019-02-17	12:00:00	     -0.8090	     -0.7780	 100750.0000	     20.5170	     15.8170	      0.6840	 8.65741e-09
2019-02-18	12:00:00	      1.6140	      3.1900	 100830.0000	     19.3900	     12.9510	      0.5480	 2.31481e-10
2019-02-19	12:00:00	      0.4170	      0.4760	 100770.0000	     20.6480	     15.3290	      0.3800	 5.21991e-09
2019-02-20	12:00:00	     -1.7620	     -2.7480	 100892.0000	     22.1730	     18.4210	      0.7210	 2.45023e-08
2019-02-21	12:00:00	     -1.6880	     -5.0780	 100889.0000	     22.0670	     17.8090	      0.9580	 2.28553e-07
2019-02-22	12:00:00	     -1.3450	     -1.1780	 100205.0000	     20.0940	     17.8850	      0.9510	 2.28819e-07
2019-02-23	12:00:00	      5.6880	      2.9260	  99582.2000	     18.5900	     13.1200	      0.7010	 2.78241e-08
2019-02-24	12:00:00	      0.3400	      4.8080	  99832.4000	     16.5520	     10.6380	      0.5680	 2.78241e-08
2019-02-25	12:00:00	     -3.7650	      4.3620	 101141.0000	     17.5310	      9.3110	      0.4410	 2.52315e-09
2019-02-26	12:00:00	     -0.1410	      3.3230	 101326.0000	     17.4560	     11.1420	      0.2470	 1.48148e-09
2019-02-27	12:00:00	      2.9290	      5.8290	 100980.0000	     18.8280	     11.8240	      0.3470	 4.24769e-09
2019-02-28	12:00:00	     -2.0490	      2.9410	 101431.0000	     18.4770	     10.7070	      0.5820	 4.30556e-09
2019-03-01	12:00:00	     -1.5580	      2.1310	 101753.0000	     18.1550	     12.5730	      0.5110	 3.55324e-09
2019-03-02	12:00:00	      0.3500	      1.5440	 102032.0000	     19.2210	     12.5830	      0.2600	 0.00000e+00
2019-03-03	12:00:00	      2.4470	      3.5770	 102071.0000	     19.2150	     14.8300	      0.2080	 6.94444e-11
2019-03-04	12:00:00	      2.6810	      4.8650	 101895.0000	     18.3900	     13.6550	      0.4580	 3.35648e-10
2019-03-05	12:00:00	      1.1180	      3.2400	 101680.0000	     18.3080	     13.4040	      0.3740	 1.42361e-09
2019-03-06	12:00:00	     -0.0130	     -0.3520	 101505.0000	     19.1250	     14.9430	      0.3980	 8.03241e-08
2019-03-07	12:00:00	      0.2270	     -4.6840	 101146.0000	     20.6680	     17.3530	      0.7500	 1.35324e-07
2019-03-08	12:00:00	      3.3850	     -1.1770	 101107.0000	     16.9450	     13.6280	      0.6870	 1.31470e-07
2019-03-09	12:00:00	      2.4040	      4.1660	 100983.0000	     17.8960	     14.1420	      0.5360	 7.67361e-09
2019-03-10	12:00:00	      2.4630	      0.9480	 101019.0000	     17.8530	     14.9320	      0.3660	 2.31481e-09
2019-03-11	12:00:00	      1.6350	     -0.5000	 101156.0000	     18.9400	     14.6470	      0.5180	 2.31481e-09
2019-03-12	12:00:00	      2.2870	     -2.3300	 101182.0000	     20.1370	     16.0960	      0.5230	 0.00000e+00
2019-03-13	12:00:00	      2.7320	     -0.3010	 101273.0000	     19.9950	     17.4120	      0.4050	 8.56481e-10
2019-03-14	12:00:00	     -0.5440	     -0.5470	 101422.0000	     20.3920	     17.1740	      0.5970	 1.19213e-09
2019-03-15	12:00:00	     -1.8760	     -2.1280	 101512.0000	     20.4720	     16.8260	      0.4900	 1.67824e-09
2019-03-16	12:00:00	     -0.8580	      0.2730	 101621.0000	     21.0880	     17.7720	      0.5530	 3.66898e-09
2019-03-17	12:00:00	     -3.3490	     -1.7370	 101742.0000	     20.9800	     17.5200	      0.6280	 3.62500e-08
2019-03-18	12:00:00	     -1.2790	     -1.3950	 101597.0000	     20.3190	     16.5980	      0.8400	 3.89120e-08
2019-03-19	12:00:00	     -1.7160	     -1.0780	 101601.0000	     19.2650	     15.7570	      0.7730	 2.63773e-08
2019-03-20	12:00:00	     -1.5010	      1.0420	 101668.0000	     19.4420	     15.9130	      0.6350	 1.02894e-08
2019-03-21	12:00:00	     -2.1500	     -0.9980	 101855.0000	     19.6920	     15.9290	      0.5600	 9.61806e-09
2019-03-22	12:00:00	      0.0170	      1.5570	 101686.0000	     20.0620	     16.3910	      0.5360	 1.12616e-08
2019-03-23	12:00:00	     -0.3360	      0.9700	 101530.0000	     19.3170	     16.0460	      0.5590	 1.13310e-08
2019-03-24	12:00:00	     -1.8880	     -2.8060	 101717.0000	     20.0720	     15.7390	      0.5400	 5.98380e-09
2019-03-25	12:00:00	     -1.7590	     -4.3860	 101867.0000	     20.1220	     14.9110	      0.4960	 2.19907e-10
2019-03-26	12:00:00	     -0.4110	     -5.8510	 101495.0000	     20.4710	     13.9820	      0.5480	 1.90556e-07
2019-03-27	12:00:00	      1.2440	     -4.0870	 101167.0000	     20.3250	     16.3460	      0.8800	 1.92454e-07
2019-03-28	12:00:00	     -3.4710	     -1.5830	 101515.0000	     19.3100	     16.3800	      0.7940	 4.15625e-08
2019-03-29	12:00:00	     -5.8710	     -1.4420	 101707.0000	     19.5870	     16.8950	      0.7370	 3.46412e-08
2019-03-30	12:00:00	     -6.6520	     -2.3670	 101530.0000	     19.9090	     16.6850	      0.6120	 4.08565e-08
2019-03-31	12:00:00	     -3.9390	     -6.1810	 101011.0000	     20.4330	     17.6500	      0.7890	 9.43403e-08
2019-04-01	12:00:00	      1.6940	      1.8120	 100839.0000	     19.1130	     16.3670	      0.6750	 9.43403e-08
2019-04-02	12:00:00	     -0.9880	      4.7830	 101283.0000	     16.9980	     11.0680	      0.5870	 3.20833e-08
2019-04-03	12:00:00	     -3.4720	      0.8710	 101506.0000	     17.1430	     12.8900	      0.8420	 3.22454e-08
2019-04-04	12:00:00	      0.8470	      3.7050	 101270.0000	     17.0120	     11.7120	      0.7420	 7.70023e-08
2019-04-05	12:00:00	     -1.5450	      1.8400	 101067.0000	     16.5420	     12.0600	      0.6550	 1.57847e-07
2019-04-06	12:00:00	     -0.9060	      3.3020	 101023.0000	     15.2610	     12.0650	      0.6150	 1.57870e-07
2019-04-07	12:00:00	      2.5060	      3.9390	 100965.0000	     14.5680	      9.3950	      0.5670	 2.96644e-08
2019-04-08	12:00:00	      2.3350	      6.1790	 101101.0000	     16.9200	     11.3470	      0.6320	 1.31944e-09
2019-04-09	12:00:00	      3.1630	      1.0100	 101242.0000	     16.6910	     11.9880	      0.5690	 2.41088e-08
2019-04-10	12:00:00	      2.2520	     -4.0020	 100718.0000	     17.2990	     12.9930	      0.7940	 9.00463e-08
2019-04-11	12:00:00	      8.6570	      2.4790	 100131.0000	     16.0360	     11.4380	      0.6940	 9.25231e-08
2019-04-12	12:00:00	      1.6610	      5.2530	 100593.0000	     15.2170	     10.5970	      0.5110	 1.22569e-08
2019-04-13	12:00:00	      1.0890	      6.0680	 100959.0000	     14.6520	      7.5520	      0.5310	 3.57639e-09
2019-04-14	12:00:00	      0.6130	      3.2510	 101123.0000	     14.9590	     11.3060	      0.6160	 3.19444e-09
2019-04-15	12:00:00	     -0.9170	      2.0400	 101588.0000	     15.5380	     10.7400	      0.4640	 3.19444e-09
2019-04-16	12:00:00	     -2.0490	      1.3030	 102117.0000	     15.4060	     10.6680	      0.3740	 4.62963e-11
2019-04-17	12:00:00	     -2.2440	      1.4410	 102508.0000	     15.4290	     10.7420	      0.3970	 1.15741e-11
2019-04-18	12:00:00	     -2.1110	      0.6740	 102608.0000	     15.3000	     10.5540	      0.3430	 4.62963e-11
2019-04-19	12:00:00	     -1.1850	      1.1450	 102372.0000	     15.3220	     11.2350	      0.3570	 2.59259e-09
2019-04-20	12:00:00	      0.2750	     -0.9950	 101913.0000	     16.2840	     12.5100	      0.4940	 6.09838e-08
2019-04-21	12:00:00	      0.9790	     -5.0910	 101441.0000	     17.0690	     13.1480	      0.7380	 6.84375e-08
2019-04-22	12:00:00	      1.9520	     -1.9940	 101166.0000	     14.7870	     12.8840	      0.7100	 7.13194e-08
2019-04-23	12:00:00	      0.9060	      4.1820	 100974.0000	     15.8520	     13.0540	      0.5550	 3.04167e-08
2019-04-24	12:00:00	      2.8820	      6.2350	 100808.0000	     17.0090	     13.8430	      0.5980	 5.54398e-09
2019-04-25	12:00:00	      4.5010	      4.9600	 100824.0000	     16.9960	     12.8200	      0.6760	 3.37963e-09
2019-04-26	12:00:00	      3.8250	      1.0760	 100980.0000	     17.5090	     15.0690	      0.6450	 8.68519e-08
2019-04-27	12:00:00	      3.1390	     -3.8530	 100752.0000	     17.0290	     14.9210	      0.8580	 9.98727e-08
2019-04-28	12:00:00	      4.6180	     -2.0830	 100326.0000	     16.3260	     12.7970	      0.8590	 8.41782e-08
2019-04-29	12:00:00	      5.1560	      4.8520	 100294.0000	     15.0690	      9.7020	      0.5530	 1.37384e-08
2019-04-30	12:00:00	     -0.9930	      5.7630	 101416.0000	     13.4090	      7.2250	      0.2970	 1.85185e-10
2019-05-01	12:00:00	      0.5250	      4.8800	 101731.0000	     14.0660	      8.9710	      0.4060	 4.03935e-09
2019-05-02	12:00:00	      2.3510	      4.9720	 101587.0000	     15.9560	     12.2680	      0.6470	 4.03935e-09
2019-05-03	12:00:00	     -0.3980	      0.9660	 101821.0000	     15.1190	     13.3940	      0.5140	 7.29167e-10
2019-05-04	12:00:00	     -0.7450	     -2.4770	 101846.0000	     15.5460	     12.6630	      0.4990	 7.52315e-10
2019-05-05	12:00:00	     -2.0200	     -0.8410	 101881.0000	     15.4330	     12.4630	      0.6110	 7.52315e-10
2019-05-06	12:00:00	     -3.7550	     -1.4680	 101997.0000	     16.1770	     12.8310	      0.6580	 1.04167e-10
2019-05-07	12:00:00	     -3.3370	     -2.2820	 101787.0000	     16.0100	     11.9550	      0.6320	 2.31481e-10
2019-05-08	12:00:00	     -2.5380	     -3.5690	 101652.0000	     16.4830	     12.2490	      0.5640	 1.08032e-07
2019-05-09	12:00:00	     -0.2400	     -5.0490	 101559.0000	     17.1620	     14.0010	      0.6820	 1.08449e-07
2019-05-10	12:00:00	      1.4130	      0.3400	 101755.0000	     15.9840	     14.3780	      0.5100	 5.20833e-10
2019-05-11	12:00:00	     -1.7820	     -4.6970	 101309.0000	     17.0200	     14.4620	      0.6100	 1.15498e-07
2019-05-12	12:00:00	      5.5240	     -3.8660	 100169.0000	     17.2490	     13.7290	      0.7750	 1.15498e-07
2019-05-13	12:00:00	      2.4560	      5.6140	 101528.0000	     14.8920	      9.4110	      0.6660	 6.36574e-09
2019-05-14	12:00:00	      5.5190	      1.0160	 101534.0000	     15.5290	      8.9200	      0.7120	 1.76273e-08
2019-05-15	12:00:00	      8.2340	      2.8870	 100875.0000	     16.2120	     12.5780	      0.5820	 1.82176e-08
2019-05-16	12:00:00	      7.2090	      6.6090	 100834.0000	     15.7310	     10.6800	      0.6360	 1.36111e-08
2019-05-17	12:00:00	      1.6800	      1.7770	 101464.0000	     13.5020	      9.1870	      0.7030	 1.69097e-08
2019-05-18	12:00:00	      6.5830	      1.5360	 101151.0000	     15.2590	     11.0320	      0.7500	 1.74306e-08
2019-05-19	12:00:00	      5.2720	      5.0200	 101143.0000	     15.2560	      9.7930	      0.7830	 9.42130e-09
2019-05-20	12:00:00	      2.9850	      4.0690	 101536.0000	     14.7890	      9.3460	      0.8510	 2.22222e-09
2019-05-21	12:00:00	      2.1900	      2.2050	 101811.0000	     14.3350	      9.8720	      0.8380	 3.56481e-09
2019-05-22	12:00:00	      3.0280	      2.7050	 101768.0000	     14.6380	     10.5470	      0.7310	 3.56481e-09
2019-05-23	12:00:00	     -0.5540	      2.2720	 101862.0000	     14.2540	     11.4810	      0.6700	 3.93519e-10
2019-05-24	12:00:00	     -2.2090	      0.0720	 101852.0000	     13.7330	     11.4880	      0.4980	 2.54630e-09
2019-05-25	12:00:00	     -1.2150	      1.1630	 101553.0000	     13.6470	     11.3610	      0.5050	 2.92824e-09
2019-05-26	12:00:00	     -1.8650	     -1.2220	 101174.0000	     14.8610	     12.2690	      0.5110	 3.01852e-08
2019-05-27	12:00:00	     -0.7210	     -3.7740	 100534.0000	     15.8390	     14.4820	      0.7070	 3.30093e-08
2019-05-28	12:00:00	      7.4320	     -3.3810	  99950.6000	     16.3920	     12.3680	      0.6750	 2.65972e-08
2019-05-29	12:00:00	      2.5190	     -3.5310	 100824.0000	     15.2300	     11.5660	      0.5180	 1.40255e-07
2019-05-30	12:00:00	      4.2920	     -6.6500	 100106.0000	     16.1930	     12.8590	      0.7950	 1.42488e-07
2019-05-31	12:00:00	     10.4500	     -2.1960	  99151.2000	     13.8320	      9.1730	      0.6800	 1.83171e-07
2019-06-01	12:00:00	      6.2710	      3.3140	  98954.6000	     11.2650	      7.5120	      0.6590	 1.83426e-07
2019-06-02	12:00:00	      0.7840	      4.2160	 100244.0000	     10.9670	      6.2220	      0.4910	 7.34954e-09
2019-06-03	12:00:00	      2.8520	     -0.6870	 100687.0000	     12.3900	      6.3540	      0.6320	 6.61921e-08
2019-06-04	12:00:00	     -0.0750	     -5.3870	  99977.0000	     14.0810	      9.6650	      0.8890	 1.12442e-07
2019-06-05	12:00:00	      5.0310	      1.5760	  98751.8000	     13.4110	     11.0790	      0.7920	 1.45509e-07
2019-06-06	12:00:00	      8.4450	      2.3620	  99662.5000	     13.1980	      8.5110	      0.7410	 1.52569e-07
2019-06-07	12:00:00	      7.8600	      8.7260	 100081.0000	     13.6990	      7.5030	      0.7130	 4.62963e-08
2019-06-08	12:00:00	      4.6240	      7.2380	 100546.0000	     13.8610	      8.8840	      0.6840	 5.25463e-09
2019-06-09	12:00:00	      3.2800	      0.9310	 101292.0000	     13.9250	      8.4980	      0.6350	 1.95602e-09
2019-06-10	12:00:00	      2.0350	     -0.8640	 101332.0000	     12.5500	      9.9030	      0.6500	 5.79861e-09
2019-06-11	12:00:00	      0.4390	     -2.7510	 100746.0000	     13.4370	     10.9140	      0.8100	 1.52083e-08
2019-06-12	12:00:00	      1.0200	     -0.1580	 100157.0000	     12.6850	     10.9360	      0.7050	 1.54167e-08
2019-06-13	12:00:00	      1.4150	      2.0100	 100010.0000	     12.4060	     10.3980	      0.6140	 8.39120e-09
2019-06-14	12:00:00	      4.6350	      3.3900	  99994.8000	     14.5580	     12.3870	      0.7230	 1.61111e-08
2019-06-15	12:00:00	      6.3990	      4.2070	 100331.0000	     14.2030	     10.4970	      0.7570	 1.69444e-08
2019-06-16	12:00:00	      6.7440	      3.3760	 100863.0000	     13.6110	      8.4840	      0.6360	 1.41898e-08
2019-06-17	12:00:00	      4.6910	      3.8670	 101087.0000	     12.7980	      7.3690	      0.6560	 8.14815e-09
2019-06-18	12:00:00	     -2.1660	      2.0910	 101492.0000	     10.2320	      5.7880	      0.4830	 2.89352e-10
2019-06-19	12:00:00	     -5.2540	     -1.7110	 101655.0000	     12.5530	      7.7090	      0.6850	 5.66088e-08
2019-06-20	12:00:00	     -3.2780	     -5.3520	 101025.0000	     14.1230	     11.6400	      0.8040	 5.81713e-08
2019-06-21	12:00:00	      1.2770	      2.6730	 100685.0000	     12.7340	      9.6100	      0.7640	 6.55787e-08
2019-06-22	12:00:00	     -1.2280	     -1.9140	 100122.0000	     12.0450	      9.2870	      0.7680	 7.89005e-08
2019-06-23	12:00:00	      6.0700	     -1.3350	 100071.0000	     12.6860	      9.2990	      0.6180	 7.89583e-08
2019-06-24	12:00:00	     -3.4130	      4.0430	 101285.0000	     11.9140	      8.1170	      0.6500	 7.53472e-09
2019-06-25	12:00:00	     -2.1220	      1.8580	 102180.0000	     10.3890	      8.1690	      0.5180	 3.70370e-10
2019-06-26	12:00:00	     -1.3310	      1.4440	 102532.0000	      9.7520	      7.4160	      0.4840	 8.10185e-11
2019-06-27	12:00:00	     -3.1450	      1.2080	 102756.0000	     11.4540	      9.0500	      0.5180	 4.97685e-10
2019-06-28	12:00:00	     -3.5100	      0.8390	 102918.0000	     11.6970	      8.0320	      0.5120	 3.58796e-10
2019-06-29	12:00:00	     -3.7680	      1.7930	 102642.0000	     11.6880	      8.6430	      0.4650	 7.29167e-10
2019-06-30	12:00:00	     -4.5590	      0.5480	 102321.0000	     12.4570	      8.9570	      0.5760	 2.76620e-09
2019-07-01	12:00:00	     -4.7310	     -2.9660	 102220.0000	     14.2690	     11.2520	      0.6410	 2.93981e-09
2019-07-02	12:00:00	     -5.1110	     -5.3470	 102002.0000	     15.3680	     12.9310	      0.7810	 3.67199e-07
2019-07-03	12:00:00	     -1.7200	     -3.9250	 101515.0000	     15.9970	     14.8140	      0.9530	 4.59398e-07
2019-07-04	12:00:00	      1.1060	      6.3960	 100798.0000	     12.0570	      9.6080	      0.7430	 2.27627e-07
2019-07-05	12:00:00	      1.0250	      5.6050	 101346.0000	     10.8930	      5.3390	      0.5910	 4.97685e-10
2019-07-06	12:00:00	      0.2720	      4.2200	 101776.0000	     10.7860	      6.4310	      0.5130	 7.04861e-09
2019-07-07	12:00:00	      4.7710	      2.4120	 101018.0000	     12.0270	      6.7250	      0.6700	 7.16435e-09
2019-07-08	12:00:00	      4.2200	      3.6580	 100681.0000	     12.4980	      7.7040	      0.8190	 7.41898e-09
2019-07-09	12:00:00	      3.4480	      0.1230	 100768.0000	     12.1870	      8.6360	      0.7380	 1.21759e-08
2019-07-10	12:00:00	      3.3430	     -2.5650	 101011.0000	     13.1140	     10.1960	      0.6100	 6.04861e-08
2019-07-11	12:00:00	      1.0690	     -2.9970	 101046.0000	     12.5330	     10.8950	      0.8120	 7.62500e-08
2019-07-12	12:00:00	      5.7420	     -1.7540	 100810.0000	     13.7350	     11.4600	      0.8040	 5.84375e-08
2019-07-13	12:00:00	      2.8160	     -6.1410	 100420.0000	     14.4340	     11.9280	      0.7880	 8.30556e-08
2019-07-14	12:00:00	      8.2550	     -1.7420	  99601.7000	     12.4430	      8.8060	      0.8460	 1.15556e-07
2019-07-15	12:00:00	      2.0510	     -6.5940	  99391.7000	     13.3580	      8.9590	      0.7210	 1.16169e-07
2019-07-16	12:00:00	      8.9830	      0.1400	  98989.4000	     12.9970	      9.1060	      0.5770	 4.53125e-08
2019-07-17	12:00:00	      7.9700	      1.3210	  99763.7000	     12.8460	      7.4590	      0.7430	 2.97222e-08
2019-07-18	12:00:00	     -0.1450	     -5.0380	  99947.2000	     13.1310	      9.8950	      0.9080	 1.23345e-07
2019-07-19	12:00:00	      5.2610	     -0.4710	  99463.5000	     11.9150	     10.4550	      0.7070	 1.31644e-07
2019-07-20	12:00:00	      3.7120	     -0.0830	  99817.8000	     11.1880	      9.1090	      0.5640	 5.39236e-08
2019-07-21	12:00:00	      1.2060	     -0.3020	 100350.0000	     11.7780	      9.0440	      0.6350	 9.09722e-09
2019-07-22	12:00:00	      0.5490	      2.8490	 100781.0000	     12.0730	     10.2160	      0.6100	 9.13194e-09
2019-07-23	12:00:00	      0.7300	      2.7730	 100826.0000	     10.9710	      8.9280	      0.5530	 4.00463e-09
2019-07-24	12:00:00	     -0.4630	      0.8240	 100895.0000	     11.1280	      9.3950	      0.5580	 1.26736e-08
2019-07-25	12:00:00	     -4.0460	     -1.2470	 101042.0000	     12.1600	     10.8850	      0.7680	 1.35069e-08
2019-07-26	12:00:00	     -6.3500	     -0.9770	 101470.0000	     12.8520	     11.0800	      0.6820	 2.92824e-09
2019-07-27	12:00:00	     -5.4120	     -1.1700	 101746.0000	     13.1000	     10.0250	      0.5470	 4.28241e-10
2019-07-28	12:00:00	     -4.6870	     -1.9630	 101275.0000	     13.4480	     10.0440	      0.6830	 5.82639e-08
2019-07-29	12:00:00	      0.4200	     -2.2020	 100214.0000	     13.0600	     11.4190	      0.7570	 6.22685e-08
2019-07-30	12:00:00	      7.5180	      0.0420	  99659.5000	     12.0800	      8.1780	      0.7020	 4.35532e-08
2019-07-31	12:00:00	      5.0200	      2.3800	  99480.7000	      9.9470	      6.0860	      0.6690	 4.13657e-08
2019-08-01	12:00:00	      7.1790	      5.2700	 100182.0000	     12.0850	      5.0490	      0.6410	 5.07755e-08
2019-08-02	12:00:00	     11.2040	      5.3600	 100234.0000	     11.5840	      5.6460	      0.8350	 6.21759e-08
2019-08-03	12:00:00	      9.7520	      2.1960	 100310.0000	     12.7740	      7.7890	      0.7560	 6.52199e-08
2019-08-04	12:00:00	     10.8560	      4.2510	 100086.0000	     10.3540	      6.1350	      0.6350	 5.32176e-08
2019-08-05	12:00:00	      8.3010	      5.2830	 100938.0000	     11.3840	      4.7220	      0.6530	 1.27199e-08
2019-08-06	12:00:00	      6.3230	      1.8360	 101174.0000	     11.7630	      6.4780	      0.7070	 5.14815e-08
2019-08-07	12:00:00	      6.3060	     -2.3860	 100879.0000	     12.7830	      9.1710	      0.6570	 1.47326e-07
2019-08-08	12:00:00	      2.1920	     -3.6190	  99921.6000	     12.5950	     10.9610	      0.8830	 1.50613e-07
2019-08-09	12:00:00	      5.2940	      0.2180	  99041.5000	     13.1140	     10.8040	      0.7970	 1.47118e-07
2019-08-10	12:00:00	      6.0690	     -5.4780	  99441.8000	     13.8820	     11.9300	      0.7140	 1.53032e-07
2019-08-11	12:00:00	      8.2800	     -5.2400	  99009.7000	     13.2260	     10.8860	      0.7220	 1.65984e-07
2019-08-12	12:00:00	      9.3390	     -0.7490	  99254.6000	     12.4190	      9.8930	      0.5890	 1.73160e-07
2019-08-13	12:00:00	      9.6280	      3.0590	 100193.0000	     12.3430	      8.1720	      0.6560	 4.28241e-08
2019-08-14	12:00:00	      4.3400	      4.2210	 100914.0000	     12.1380	      7.5160	      0.7880	 8.37963e-09
2019-08-15	12:00:00	      3.2730	      2.5960	 101090.0000	     11.7800	      7.3930	      0.7550	 6.90972e-09
2019-08-16	12:00:00	      5.8470	     -0.0450	 100755.0000	     12.3460	      7.8380	      0.7340	 1.00405e-07
2019-08-17	12:00:00	      2.2800	     -0.0340	 100520.0000	     11.9180	      9.7270	      0.7910	 1.03218e-07
2019-08-18	12:00:00	     -6.4150	      2.6340	 101472.0000	      9.3630	      4.7850	      0.6750	 9.21296e-09
2019-08-19	12:00:00	     -5.0840	     -3.4260	 101235.0000	     11.5380	      4.8000	      0.6060	 1.46701e-07
2019-08-20	12:00:00	      0.4990	     -2.7790	  99391.3000	     12.2630	      9.0530	      0.7030	 1.50394e-07
2019-08-21	12:00:00	      7.0940	     -2.9690	  99004.9000	     12.2660	      9.3040	      0.5710	 1.60683e-07
2019-08-22	12:00:00	      6.6940	     -5.2440	  98840.1000	     12.2730	      9.0820	      0.8500	 1.74988e-07
2019-08-23	12:00:00	      3.7000	      4.7100	  99014.7000	     11.0940	      7.4520	      0.7810	 6.64468e-08
2019-08-24	12:00:00	      7.4370	      6.5770	 100314.0000	     12.7470	      7.3210	      0.6920	 1.91782e-08
2019-08-25	12:00:00	      8.6440	      0.3330	 100640.0000	     13.2650	      9.0970	      0.6780	 2.01157e-08
2019-08-26	12:00:00	      6.9210	      3.7500	 100821.0000	     12.4600	      7.0310	      0.5350	 3.47222e-09
2019-08-27	12:00:00	      3.7190	      4.3940	 101345.0000	     11.7460	      5.5960	      0.6020	 1.88657e-08
2019-08-28	12:00:00	      3.4560	      1.9190	 101516.0000	     11.4600	      7.7270	      0.5570	 1.93519e-08
2019-08-29	12:00:00	      4.6620	      1.6570	 101469.0000	     12.5400	      7.8300	      0.5520	 2.38426e-08
2019-08-30	12:00:00	      4.8760	      1.5770	 101528.0000	     12.7180	      9.3640	      0.6440	 2.38426e-08
2019-08-31	12:00:00	      1.2630	      2.6150	 101926.0000	     11.6930	      7.8380	      0.6780	 8.10185e-11
2019-09-01	12:00:00	     -0.0970	     -0.0930	 101779.0000	     11.9890	      8.5560	      0.5120	 2.88889e-08
2019-09-02	12:00:00	     -4.7020	     -0.6680	 100949.0000	     13.2130	     10.0460	      0.8450	 1.69340e-07
2019-09-03	12:00:00	     -7.1580	     -3.4750	  99561.6000	     14.4500	     13.4390	      0.8730	 1.70023e-07
2019-09-04	12:00:00	     -4.6340	     -4.6340	  98512.0000	     14.8250	     12.9950	      0.7660	 2.60370e-07
2019-09-05	12:00:00	      6.3180	      3.7630	  98357.0000	     13.1520	     10.5260	      0.6540	 2.61748e-07
2019-09-06	12:00:00	      6.5800	      3.5170	  99210.5000	     11.1340	      7.5250	      0.5890	 1.00810e-07
2019-09-07	12:00:00	      5.0830	     -1.1610	  99806.2000	     12.5900	      8.8090	      0.5450	 1.00868e-07
2019-09-08	12:00:00	      3.9130	     -2.9540	  99295.4000	     12.9110	     10.9810	      0.6470	 2.01505e-07
2019-09-09	12:00:00	     -3.0960	     -1.7370	  98846.0000	     12.8370	     11.3430	      0.8580	 2.10451e-07
2019-09-10	12:00:00	     -3.2240	      2.7470	  99473.5000	     11.8210	      9.3910	      0.7940	 8.92940e-08
2019-09-11	12:00:00	      4.8010	      6.2510	 100719.0000	     12.4450	      6.1960	      0.7260	 4.74537e-09
2019-09-12	12:00:00	      5.6480	      3.0990	 101090.0000	     12.9810	      7.9120	      0.7080	 5.37037e-09
2019-09-13	12:00:00	      4.2300	     -3.2800	 100882.0000	     13.0340	      9.7330	      0.6760	 3.75347e-08
2019-09-14	12:00:00	      3.8170	     -3.9290	 100361.0000	     12.8610	      8.2340	      0.7400	 3.81250e-08
2019-09-15	12:00:00	      2.4320	      1.0920	 100681.0000	     12.5280	      8.8220	      0.6020	 2.73148e-09
2019-09-16	12:00:00	      6.3920	     -0.7460	 101170.0000	     13.7130	      9.2800	      0.5010	 1.00810e-08
2019-09-17	12:00:00	      2.7790	      3.3940	 101738.0000	     13.2950	      9.3130	      0.6320	 1.00810e-08
2019-09-18	12:00:00	     -1.7900	      2.4690	 102400.0000	     12.4230	      8.2370	      0.6050	 8.94676e-09
2019-09-19	12:00:00	     -0.2490	      1.8770	 102523.0000	     12.7560	      8.3350	      0.6670	 1.26157e-09
2019-09-20	12:00:00	     -0.8730	      2.0920	 102649.0000	     12.2790	      8.1880	      0.5570	 3.47222e-10
2019-09-21	12:00:00	      2.3370	      4.2200	 102578.0000	     12.7880	      9.4160	      0.4780	 1.64352e-09
2019-09-22	12:00:00	      4.4680	      2.7720	 102081.0000	     12.8220	      7.9490	      0.6250	 1.04167e-07
2019-09-23	12:00:00	      5.1840	     -5.7340	 100722.0000	     13.6210	     10.2140	      0.8230	 1.13565e-07
2019-09-24	12:00:00	     10.7230	      2.9340	  99941.6000	     11.7820	      7.9100	      0.7230	 9.57523e-08
2019-09-25	12:00:00	     12.4520	      4.4770	 100022.0000	     11.1250	      6.3030	      0.6440	 8.77315e-08
2019-09-26	12:00:00	      9.7340	      4.9430	 100628.0000	     12.5790	      6.5200	      0.7140	 1.48495e-08
2019-09-27	12:00:00	      6.7440	      2.9260	 101072.0000	     12.8660	      9.2340	      0.6640	 1.28819e-08
2019-09-28	12:00:00	      5.7560	      0.0200	 101304.0000	     13.3620	     10.1390	      0.6460	 1.03553e-07
2019-09-29	12:00:00	      2.2070	     -4.7320	 100750.0000	     14.1330	     11.4810	      0.6430	 1.06875e-07
2019-09-30	12:00:00	      8.2540	     -1.3560	 100264.0000	     13.2500	     10.3220	      0.6150	 4.60301e-08
2019-10-01	12:00:00	      8.2630	      5.3180	 100409.0000	     11.0020	      5.6820	      0.7250	 4.18403e-08
2019-10-02	12:00:00	      8.5930	      6.4230	 100656.0000	     11.9180	      6.7640	      0.8400	 3.51852e-08
2019-10-03	12:00:00	      4.7250	      4.4900	 100909.0000	     11.7370	      6.8900	      0.7280	 9.97685e-09
2019-10-04	12:00:00	      4.9960	      0.7650	 101037.0000	     12.7880	      7.9270	      0.6330	 9.28241e-09
2019-10-05	12:00:00	      4.8170	     -0.7660	 100900.0000	     13.7100	     10.9160	      0.8080	 9.28241e-09
2019-10-06	12:00:00	     -2.5900	     -1.5070	 101327.0000	     13.4590	      9.8560	      0.8210	 2.30208e-08
2019-10-07	12:00:00	      0.6480	     -2.3450	 101497.0000	     13.9410	     12.3170	      0.7030	 2.36458e-08
2019-10-08	12:00:00	      0.8620	     -1.3210	 101558.0000	     13.4830	     12.2860	      0.5640	 3.20602e-09
2019-10-09	12:00:00	     -1.5280	     -4.9290	 101178.0000	     16.0780	     13.6980	      0.5750	 8.79514e-08
2019-10-10	12:00:00	      0.1360	     -5.5810	 100720.0000	     15.7870	     13.9030	      0.7250	 8.90741e-08
2019-10-11	12:00:00	      0.8260	      2.5660	 100724.0000	     14.6580	     11.6900	      0.5840	 1.70602e-08
2019-10-12	12:00:00	      2.2930	      4.1060	 101060.0000	     14.1020	     10.0150	      0.4240	 1.97454e-08
2019-10-13	12:00:00	     -3.6110	      0.4960	 100858.0000	     14.1550	     10.5450	      0.8570	 2.95822e-07
2019-10-14	12:00:00	    -11.8060	      0.9260	  98981.7000	     13.6780	     11.6220	      0.8070	 3.00995e-07
2019-10-15	12:00:00	      0.5010	      5.7800	  98667.4000	     14.6860	     12.7350	      0.7080	 3.82060e-08
2019-10-16	12:00:00	      8.1470	      6.3230	 100251.0000	     13.9140	      9.9400	      0.6610	 1.43981e-08
2019-10-17	12:00:00	      4.7780	     -1.4700	 101026.0000	     14.4410	     11.5930	      0.6530	 5.79861e-08
2019-10-18	12:00:00	      4.7610	     -5.5690	 100577.0000	     15.7270	     12.3200	      0.6990	 5.89815e-08
2019-10-19	12:00:00	      5.7340	      0.8230	 100875.0000	     14.3190	     10.8390	      0.7410	 9.53704e-09
2019-10-20	12:00:00	      5.0050	     -0.5170	 100842.0000	     13.6380	      9.5350	      0.6480	 2.82176e-08
2019-10-21	12:00:00	      8.7460	      2.2520	 100371.0000	     13.9030	      9.8460	      0.5180	 4.13426e-08
2019-10-22	12:00:00	     11.2520	      2.0820	  99767.2000	     13.1410	      8.7790	      0.5900	 4.60648e-08
2019-10-23	12:00:00	      7.4260	      6.5210	 100288.0000	     12.5720	      5.4740	      0.8270	 1.45139e-08
2019-10-24	12:00:00	      9.3820	      5.0730	 100368.0000	     12.9870	      8.1930	      0.7750	 1.27083e-08
2019-10-25	12:00:00	      6.3300	      6.0070	 100633.0000	     13.2470	      6.9240	      0.5670	 4.32870e-09
2019-10-26	12:00:00	      5.1840	      2.2520	 100958.0000	     14.0570	     10.8780	      0.3590	 4.28241e-10
2019-10-27	12:00:00	      4.2830	     -1.9460	 100952.0000	     15.0910	     12.9710	      0.4780	 1.19063e-07
2019-10-28	12:00:00	      3.2320	      1.7160	 100750.0000	     14.0180	     11.1400	      0.7250	 1.19502e-07
2019-10-29	12:00:00	      4.2390	      6.9070	 100585.0000	     13.0230	      6.9370	      0.6360	 1.47685e-08
2019-10-30	12:00:00	      5.8980	      5.3930	 100542.0000	     14.1850	     10.3340	      0.6130	 1.47685e-08
2019-10-31	12:00:00	      5.3010	      6.4350	 100793.0000	     13.4830	      8.4360	      0.5990	 4.08565e-09
2019-11-01	12:00:00	      4.9820	      6.0990	 101133.0000	     13.6900	      7.6230	      0.5330	 9.83796e-10
2019-11-02	12:00:00	      3.3750	      4.7390	 101656.0000	     14.3370	     11.2580	      0.3070	 0.00000e+00
2019-11-03	12:00:00	      3.0750	      4.2060	 101603.0000	     15.0240	     12.4860	      0.3180	 0.00000e+00
2019-11-04	12:00:00	      1.3530	      2.9330	 101127.0000	     15.1640	     12.5110	      0.2870	 1.38889e-10
2019-11-05	12:00:00	      0.9720	      0.9520	 100665.0000	     16.4470	     13.3550	      0.4940	 1.38889e-10
2019-11-06	12:00:00	     -1.3250	     -2.3620	 100721.0000	     17.7940	     13.9820	      0.5820	 2.30324e-09
2019-11-07	12:00:00	     -0.4630	     -3.8810	 100844.0000	     18.3850	     14.8870	      0.4200	 1.49306e-08
2019-11-08	12:00:00	     -1.8700	     -4.7500	 100819.0000	     18.5020	     15.8830	      0.7360	 7.48843e-08
2019-11-09	12:00:00	     -3.6040	     -7.1890	  99982.2000	     18.3510	     15.8700	      0.7340	 1.25208e-07
2019-11-10	12:00:00	      5.1050	     -3.0270	  99017.9000	     16.1270	     12.9450	      0.7300	 1.28356e-07
2019-11-11	12:00:00	      4.6120	      4.9840	  99633.1000	     13.5830	      8.4430	      0.6670	 5.69097e-08
2019-11-12	12:00:00	      4.6160	      2.9200	 100478.0000	     13.9710	      7.7630	      0.5570	 4.42014e-08
2019-11-13	12:00:00	      4.3080	     -4.5660	 100203.0000	     15.7240	     10.6450	      0.6150	 4.42245e-08
2019-11-14	12:00:00	      8.8090	     -0.4360	 100143.0000	     15.4430	     10.4460	      0.4860	 1.71065e-08
2019-11-15	12:00:00	      5.6840	     -0.9960	 100943.0000	     15.5600	     10.9490	      0.5710	 4.16667e-09
2019-11-16	12:00:00	      4.1700	     -3.5400	 101185.0000	     16.7960	     14.5320	      0.5030	 1.45961e-07
2019-11-17	12:00:00	      4.3530	     -5.0260	 100620.0000	     18.2060	     15.0550	      0.7360	 1.53588e-07
2019-11-18	12:00:00	      2.5900	      2.8220	 100560.0000	     14.2870	      9.6840	      0.6820	 1.75116e-08
2019-11-19	12:00:00	      4.9400	     -0.4930	 100489.0000	     15.0160	      8.9140	      0.5840	 5.49769e-09
2019-11-20	12:00:00	      2.9680	      6.0990	 100797.0000	     14.9040	      9.9510	      0.4030	 1.27315e-09
2019-11-21	12:00:00	      1.9820	      5.8980	 101368.0000	     14.6950	      9.7410	      0.2640	 2.31481e-11
2019-11-22	12:00:00	      3.1700	      6.4460	 101222.0000	     15.3090	     11.2550	      0.3130	 8.68056e-10
2019-11-23	12:00:00	      3.0150	      5.2720	 100850.0000	     15.9090	     13.2810	      0.5390	 2.84722e-09
2019-11-24	12:00:00	      4.1020	      5.9250	 100748.0000	     16.3070	     13.5670	      0.4500	 2.84722e-09
2019-11-25	12:00:00	      1.7700	      1.4070	 100921.0000	     16.9660	     14.4490	      0.4770	 1.58565e-09
2019-11-26	12:00:00	      1.3760	      0.3480	 101080.0000	     17.7110	     14.5370	      0.5420	 2.28009e-09
2019-11-27	12:00:00	      1.7140	     -0.3990	 101014.0000	     18.3830	     15.1780	      0.5680	 8.17130e-09
2019-11-28	12:00:00	      1.4060	     -1.2100	 100913.0000	     18.5810	     14.6890	      0.5760	 8.87731e-09
2019-11-29	12:00:00	     -1.8080	     -1.5250	 100978.0000	     18.8040	     15.7150	      0.4930	 8.88889e-09
2019-11-30	12:00:00	     -2.1730	     -4.4110	 100861.0000	     19.1350	     14.7650	      0.4500	 1.79167e-08
2019-12-01	12:00:00	      0.2440	     -4.5060	 100642.0000	     19.3130	     15.8210	      0.6510	 2.61921e-08
2019-12-02	12:00:00	      0.0090	     -7.7930	 100246.0000	     20.0840	     16.1920	      0.7520	 5.81250e-08
2019-12-03	12:00:00	      4.5730	     -3.3790	 100296.0000	     18.4630	     15.6470	      0.4890	 2.76736e-08
2019-12-04	12:00:00	      3.4840	     -1.4420	 100396.0000	     18.3880	     14.9990	      0.2870	 2.89352e-10
2019-12-05	12:00:00	      3.1330	     -0.9910	 100602.0000	     18.5950	     15.5830	      0.3570	 5.78704e-09
2019-12-06	12:00:00	      2.3990	     -2.5850	 100882.0000	     20.0250	     16.5630	      0.4460	 8.24074e-09
2019-12-07	12:00:00	      1.7500	     -4.9210	 100996.0000	     20.7520	     17.4300	      0.5200	 8.26273e-08
2019-12-08	12:00:00	      4.4040	     -0.3140	 100664.0000	     19.2270	     15.0500	      0.5900	 8.29514e-08
2019-12-09	12:00:00	      1.1010	      6.2260	 100708.0000	     16.5550	      9.8700	      0.4900	 5.33565e-09
2019-12-10	12:00:00	     -1.2460	      4.6290	 100627.0000	     17.5140	     10.6070	      0.4910	 4.84954e-09
2019-12-11	12:00:00	      1.5230	      4.4900	 100321.0000	     18.2310	     12.2900	      0.3250	 5.47454e-09
2019-12-12	12:00:00	      3.4240	      0.3750	 100220.0000	     18.9050	     14.8560	      0.4630	 1.24653e-08
2019-12-13	12:00:00	      5.1320	     -0.0230	 100231.0000	     18.8030	     14.7010	      0.5850	 1.24653e-08
2019-12-14	12:00:00	      3.3550	      0.3350	 100591.0000	     17.8300	     11.4290	      0.5130	 1.07604e-07
2019-12-15	12:00:00	      1.6940	     -2.2970	 100601.0000	     18.8140	     15.6790	      0.9290	 1.19896e-07
2019-12-16	12:00:00	     -1.6500	     -6.8580	 100003.0000	     19.7800	     17.5910	      0.9070	 1.51192e-07
2019-12-17	12:00:00	      7.5540	     -3.2200	  99159.9000	     16.7930	     13.8230	      0.6120	 1.51400e-07
2019-12-18	12:00:00	      7.5960	      3.8160	 100640.0000	     16.5020	     10.0990	      0.4920	 1.10995e-08
2019-12-19	12:00:00	      6.1600	     -2.5620	 100807.0000	     17.2550	     11.2660	      0.4820	 6.32639e-08
2019-12-20	12:00:00	      4.8570	      2.9320	 100189.0000	     16.0750	     10.4650	      0.5260	 6.41667e-08
2019-12-21	12:00:00	     -0.3740	      7.1180	 100508.0000	     16.1950	      8.8140	      0.3380	 2.33796e-09
2019-12-22	12:00:00	      3.0520	      7.5810	 100183.0000	     17.0850	     12.1440	      0.3650	 5.19676e-09
2019-12-23	12:00:00	      3.0200	      5.8110	  99970.8000	     18.3810	     15.2460	      0.6730	 6.62037e-09
2019-12-24	12:00:00	      2.8110	      4.3960	 100307.0000	     18.1180	     14.8600	      0.5870	 4.34028e-09
2019-12-25	12:00:00	      3.0900	      2.8640	 100818.0000	     17.9240	     13.2940	      0.5250	 1.77083e-09
2019-12-26	12:00:00	      2.6630	      4.2970	 101131.0000	     17.9440	     14.0700	      0.4850	 5.84491e-09
2019-12-27	12:00:00	      4.8800	      3.7940	 101075.0000	     17.2670	     11.2420	      0.3410	 5.84491e-09
2019-12-28	12:00:00	      3.6420	      6.4030	 101173.0000	     16.2190	      8.7120	      0.5230	 3.62269e-09
2019-12-29	12:00:00	      5.8600	      3.5340	 101058.0000	     17.3750	     11.0540	      0.7200	 8.99306e-09
2019-12-30	12:00:00	      4.5120	      4.0430	 100745.0000	     18.0420	     13.9770	      0.5450	 8.99306e-09
2019-12-31	12:00:00	      1.9530	      1.6760	 101008.0000	     18.8800	     14.4750	      0.3580	 4.39815e-10
2020-01-01	12:00:00	      4.4160	      3.9690	 100889.0000	     17.5910	     13.5620	      0.5030	 8.09028e-09
2020-01-02	12:00:00	      6.3640	      3.1600	 100307.0000	     18.8290	     15.0090	      0.6080	 8.76157e-09
2020-01-03	12:00:00	      6.9670	      6.6790	 100085.0000	     17.5100	     10.8920	      0.5050	 7.75463e-10
2020-01-04	12:00:00	      6.9190	      5.6100	 100419.0000	     17.1580	      9.1840	      0.6320	 1.98958e-08
2020-01-05	12:00:00	      8.6090	      1.6020	 100207.0000	     18.5510	     13.7090	      0.5990	 1.98958e-08
2020-01-06	12:00:00	      8.6840	      7.4570	 100217.0000	     16.7440	      8.6010	      0.7240	 2.02199e-08
2020-01-07	12:00:00	      4.6790	      5.7610	 100618.0000	     16.2340	      9.5210	      0.7550	 2.10995e-08
2020-01-08	12:00:00	      3.7400	      4.5760	 100989.0000	     16.4770	      9.8670	      0.6920	 3.20602e-09
2020-01-09	12:00:00	      3.9280	      5.3600	 101277.0000	     17.0700	     10.6740	      0.5410	 1.06481e-09
2020-01-10	12:00:00	      3.3780	      4.1070	 101381.0000	     17.0750	     11.2610	      0.3450	 0.00000e+00
2020-01-11	12:00:00	      1.2080	      1.7580	 101143.0000	     17.4470	     12.4480	      0.1840	 0.00000e+00
2020-01-12	12:00:00	      2.1740	      1.0450	 101036.0000	     18.7890	     13.2720	      0.3360	 6.22685e-09
2020-01-13	12:00:00	      1.8690	      3.0920	 101019.0000	     18.3900	     14.0120	      0.6920	 2.73495e-08
2020-01-14	12:00:00	     -4.6790	      1.3100	 101062.0000	     18.0790	     14.1420	      0.6420	 2.74074e-08
2020-01-15	12:00:00	     -1.8180	      0.5040	 101050.0000	     18.7820	     13.0670	      0.5170	 1.14815e-08
2020-01-16	12:00:00	     -1.5540	      0.9910	 101038.0000	     18.8630	     12.4400	      0.5710	 7.40741e-10
2020-01-17	12:00:00	      1.4230	      3.3260	 100904.0000	     18.5160	     12.8320	      0.4250	 5.78704e-10
2020-01-18	12:00:00	      0.7200	      3.4150	 100617.0000	     19.2710	     13.7720	      0.3870	 2.31481e-11
2020-01-19	12:00:00	      0.7430	      2.8650	 100560.0000	     20.0720	     15.3180	      0.3810	 1.50463e-10
2020-01-20	12:00:00	      2.5420	      2.2220	 100683.0000	     20.5140	     16.2790	      0.4440	 1.62037e-10
2020-01-21	12:00:00	      2.5570	      2.1880	 100875.0000	     18.6490	     13.9790	      0.4720	 5.09259e-10
2020-01-22	12:00:00	      2.9040	      2.4490	 101031.0000	     19.0400	     13.5210	      0.5910	 6.78241e-09
2020-01-23	12:00:00	      3.7880	      1.6670	 101023.0000	     20.5000	     16.4620	      0.5590	 6.87500e-09
2020-01-24	12:00:00	      2.5150	      2.3770	 101029.0000	     19.9500	     15.7880	      0.4780	 1.14583e-09
2020-01-25	12:00:00	      2.4410	      4.6370	 101132.0000	     20.6860	     15.8150	      0.4300	 1.14583e-09
2020-01-26	12:00:00	      1.5720	      3.6870	 101171.0000	     20.5950	     16.5560	      0.4230	 6.71296e-10
2020-01-27	12:00:00	      2.2730	      2.1540	 101097.0000	     20.7760	     16.3690	      0.6240	 2.10995e-08
2020-01-28	12:00:00	      3.7130	      1.3840	 100844.0000	     21.1410	     18.7640	      0.6920	 2.20255e-08
2020-01-29	12:00:00	      4.7790	      1.2120	 100623.0000	     21.4780	     18.6920	      0.5660	 3.77315e-09
2020-01-30	12:00:00	      5.0620	      1.5320	 101008.0000	     21.4970	     18.3780	      0.4730	 3.77315e-09
2020-01-31	12:00:00	      4.3620	      3.9030	 101283.0000	     21.1610	     16.3940	      0.2840	 1.50463e-10
2020-02-01	12:00:00	      4.4910	      3.2830	 101157.0000	     20.8630	     16.2980	      0.4580	 1.64352e-09
2020-02-02	12:00:00	      4.0970	      2.3360	 100897.0000	     22.0030	     18.3090	      0.3560	 1.67824e-09
2020-02-03	12:00:00	      2.8080	     -0.2530	 100547.0000	     21.4790	     17.4760	      0.4860	 2.07176e-09
2020-02-04	12:00:00	      5.8690	      1.3880	 100475.0000	     21.7190	     15.2640	      0.5670	 2.07176e-09
2020-02-05	12:00:00	      2.9080	      5.2100	 101167.0000	     18.4470	      9.4820	      0.6910	 4.62963e-10
2020-02-06	12:00:00	      2.6920	      7.1430	 101441.0000	     19.3400	     11.6410	      0.5340	 2.97917e-08
2020-02-07	12:00:00	      0.5470	     -0.1550	 101489.0000	     20.3870	     14.9330	      0.5050	 3.05671e-08
2020-02-08	12:00:00	      2.5570	      5.6570	 101207.0000	     18.4150	     11.9380	      0.5970	 1.40046e-09
2020-02-09	12:00:00	      2.6330	      4.0330	 101289.0000	     17.5390	      9.8120	      0.4550	 0.00000e+00
2020-02-10	12:00:00	      2.0580	      3.0570	 101266.0000	     18.0700	     12.4000	      0.3800	 0.00000e+00
2020-02-11	12:00:00	      1.7600	      2.2690	 101156.0000	     18.5580	     12.8480	      0.3820	 8.10185e-11
2020-02-12	12:00:00	      0.1420	      0.2490	 101188.0000	     20.1220	     15.0960	      0.3120	 8.10185e-11
2020-02-13	12:00:00	      0.6410	      2.6090	 101161.0000	     19.6780	     14.9390	      0.4050	 8.10185e-11
2020-02-14	12:00:00	     -4.2140	     -2.2460	 101197.0000	     21.5250	     16.0980	      0.7140	 7.10648e-09
2020-02-15	12:00:00	     -5.7710	     -4.7000	 101216.0000	     20.8760	     15.1080	      0.8230	 7.41898e-09
2020-02-16	12:00:00	     -2.6270	     -4.5570	 101110.0000	     21.6520	     16.8780	      0.7620	 9.09722e-09
2020-02-17	12:00:00	     -0.7480	     -1.3740	 101010.0000	     21.6410	     17.7640	      0.6700	 9.09722e-09
2020-02-18	12:00:00	      0.3470	      1.7160	 100702.0000	     21.8970	     17.5940	      0.5970	 5.15046e-09
2020-02-19	12:00:00	      2.2670	      3.5720	 100453.0000	     21.1120	     17.4680	      0.4330	 1.96759e-10
2020-02-20	12:00:00	      1.3660	      1.1370	 100470.0000	     21.4820	     16.9380	      0.3990	 4.31829e-08
2020-02-21	12:00:00	      3.2550	     -3.0300	 100549.0000	     22.2210	     17.7010	      0.8290	 4.39931e-08
2020-02-22	12:00:00	      4.0990	      4.4940	 100746.0000	     19.3320	     14.7520	      0.5670	 3.45139e-08
2020-02-23	12:00:00	     -0.5890	      6.6890	 101156.0000	     18.3390	     10.6810	      0.4010	 3.15972e-09
2020-02-24	12:00:00	     -0.0490	      3.7020	 101076.0000	     19.7980	     13.7570	      0.3140	 3.47222e-11
2020-02-25	12:00:00	      0.8880	      3.2690	 100944.0000	     19.6990	     14.2100	      0.2910	 8.19444e-09
2020-02-26	12:00:00	      0.0030	      1.9330	 100821.0000	     20.6110	     15.7930	      0.4620	 9.83796e-09
2020-02-27	12:00:00	     -0.3410	      1.0630	 100733.0000	     21.3510	     17.3960	      0.5360	 5.31250e-09
2020-02-28	12:00:00	      2.4100	      0.8070	 100718.0000	     21.9880	     17.3920	      0.6040	 2.89352e-09
2020-02-29	12:00:00	      1.1630	      2.2990	 101123.0000	     20.6380	     16.7170	      0.5910	 2.68519e-09
2020-03-01	12:00:00	     -5.0990	     -2.4350	 101408.0000	     21.8260	     17.4950	      0.7750	 1.63079e-08
2020-03-02	12:00:00	     -4.6980	     -3.3600	 101078.0000	     20.8930	     15.9330	      0.7370	 1.84954e-08
2020-03-03	12:00:00	      0.2420	     -2.5700	 100477.0000	     22.1240	     19.1930	      0.8740	 2.30556e-08
2020-03-04	12:00:00	     -2.0960	      2.9020	 100825.0000	     19.5200	     15.2980	      0.9160	 2.43750e-08
2020-03-05	12:00:00	     -6.3090	     -0.0110	 101508.0000	     18.6090	     12.9520	      0.6850	 6.95602e-09
2020-03-06	12:00:00	     -5.4880	     -0.2640	 101494.0000	     18.9690	     11.8340	      0.5450	 2.89352e-10
2020-03-07	12:00:00	     -2.8370	     -2.1520	 100993.0000	     19.0910	     12.9840	      0.6240	 2.03819e-08
2020-03-08	12:00:00	     -1.8930	     -4.6200	 100588.0000	     20.0140	     13.7520	      0.5930	 4.51273e-08
2020-03-09	12:00:00	      3.5830	      0.3080	 100109.0000	     19.5920	     15.7300	      0.6790	 4.53819e-08
2020-03-10	12:00:00	      5.5650	      2.4530	 100316.0000	     18.4000	     13.7320	      0.5770	 1.71296e-08
2020-03-11	12:00:00	      1.4190	      1.6320	 100782.0000	     18.0640	     14.6360	      0.5620	 1.59606e-08
2020-03-12	12:00:00	     -4.1580	     -0.2130	 101357.0000	     18.4060	     13.7840	      0.4730	 1.60532e-08
2020-03-13	12:00:00	     -3.6910	      0.5700	 101170.0000	     18.6200	     12.4810	      0.4940	 4.71065e-09
2020-03-14	12:00:00	     -0.4590	      2.6700	 100740.0000	     18.8260	     13.3870	      0.3800	 4.62963e-11
2020-03-15	12:00:00	      1.0920	      3.7510	 100556.0000	     18.6070	     14.0970	      0.6360	 7.47685e-09
2020-03-16	12:00:00	     -1.8790	      5.4470	 100037.0000	     18.6130	     12.9070	      0.5750	 7.47685e-09
2020-03-17	12:00:00	     -2.7820	      5.6730	 100720.0000	     17.0620	      6.9440	      0.4010	 6.59722e-09
2020-03-18	12:00:00	      2.5240	      2.0430	 101311.0000	     16.2010	      9.4040	      0.5440	 1.42824e-08
2020-03-19	12:00:00	      5.3220	      1.3080	 100990.0000	     17.8590	     12.1560	      0.7070	 1.93056e-08
2020-03-20	12:00:00	      2.3930	      1.0990	 100930.0000	     17.6020	     14.9730	      0.6960	 1.96759e-08
2020-03-21	12:00:00	      2.8640	     -2.1850	 101040.0000	     18.4770	     14.6460	      0.7920	 4.61574e-08
2020-03-22	12:00:00	      5.4380	     -4.1160	 100545.0000	     19.5980	     16.5810	      0.8300	 6.75926e-08
2020-03-23	12:00:00	      8.0040	      1.7960	  99907.4000	     17.7540	     12.9080	      0.7980	 6.79977e-08
2020-03-24	12:00:00	      4.6370	      4.7090	 100702.0000	     16.0410	      9.3070	      0.8300	 9.29398e-09
2020-03-25	12:00:00	      2.6480	      1.8580	 101151.0000	     16.3030	     11.8210	      0.7410	 4.32870e-08
2020-03-26	12:00:00	      3.6610	     -0.7420	 101048.0000	     17.0620	     12.2930	      0.6510	 6.04051e-08
2020-03-27	12:00:00	      4.3980	      3.8250	 101000.0000	     16.2510	      9.7100	      0.5940	 4.68750e-09
2020-03-28	12:00:00	     -0.0790	      6.1790	 101227.0000	     15.3870	     10.6400	      0.5840	 9.90741e-09
2020-03-29	12:00:00	     -2.4000	      2.3400	 101228.0000	     16.6330	     12.5480	      0.6580	 7.66204e-08
2020-03-30	12:00:00	     -0.8950	      1.2140	 101053.0000	     16.8160	     14.3680	      0.5240	 7.68519e-08
2020-03-31	12:00:00	      0.3980	      2.2440	 101034.0000	     17.4790	     14.8060	      0.3750	 1.14583e-09
2020-04-01	12:00:00	      0.5630	      3.1720	 100975.0000	     17.7980	     14.7150	      0.3020	 1.96759e-10
2020-04-02	12:00:00	      0.4070	      2.6560	 100936.0000	     17.6020	     13.9240	      0.2770	 1.53935e-09
2020-04-03	12:00:00	     -2.6460	     -0.2570	 101283.0000	     17.8990	     13.5120	      0.4240	 1.87500e-09
2020-04-04	12:00:00	     -4.2920	     -1.6270	 101701.0000	     17.4590	     12.3430	      0.4460	 1.87500e-09
2020-04-05	12:00:00	     -4.2720	     -0.3880	 101690.0000	     16.7950	     10.2130	      0.4530	 2.31481e-11
2020-04-06	12:00:00	     -1.2160	     -1.2500	 101091.0000	     16.9440	     10.4690	      0.5180	 1.08565e-08
2020-04-07	12:00:00	      1.6330	     -1.5890	 100494.0000	     17.2100	     11.9320	      0.5860	 6.12847e-08
2020-04-08	12:00:00	      4.6240	      4.9250	 100325.0000	     16.4170	     11.9910	      0.7160	 6.23611e-08
2020-04-09	12:00:00	      2.6890	      7.5250	 100490.0000	     15.5130	      8.4780	      0.5480	 5.32407e-10
2020-04-10	12:00:00	      0.4480	      3.3570	 100769.0000	     15.6230	     10.7960	      0.3520	 2.31481e-11
2020-04-11	12:00:00	      0.3510	     -2.1200	 100563.0000	     16.7370	     12.0740	      0.5050	 1.09259e-07
2020-04-12	12:00:00	      3.3250	     -5.1160	  99690.4000	     18.6670	     14.3700	      0.6920	 1.10301e-07
2020-04-13	12:00:00	     10.2500	      2.8460	 100069.0000	     16.5250	     10.5680	      0.6690	 1.68981e-08
2020-04-14	12:00:00	      8.7760	      5.8350	 100578.0000	     15.3140	      7.3990	      0.7680	 1.92014e-08
2020-04-15	12:00:00	      7.0330	      4.0170	 100429.0000	     15.4810	     10.1070	      0.8030	 3.78935e-08
2020-04-16	12:00:00	      7.8380	      1.2760	 100110.0000	     17.0030	     13.5440	      0.6690	 1.49178e-07
2020-04-17	12:00:00	      8.6560	     -3.5060	  99754.5000	     18.4350	     16.3820	      0.7060	 1.49780e-07
2020-04-18	12:00:00	      5.6180	     -1.3860	 100242.0000	     17.4910	     14.8350	      0.6140	 1.63889e-08
2020-04-19	12:00:00	      2.7710	     -0.9410	 100837.0000	     17.0440	     15.0510	      0.7560	 1.71065e-08
2020-04-20	12:00:00	     -0.3180	      0.8920	 100932.0000	     16.4470	     14.7730	      0.9260	 5.23148e-09
2020-04-21	12:00:00	     -0.6370	      3.3250	 100907.0000	     15.4480	     12.8970	      0.7070	 3.21759e-09
2020-04-22	12:00:00	     -0.9460	      0.5090	 100994.0000	     15.6190	     12.7600	      0.5840	 9.01157e-08
2020-04-23	12:00:00	     -3.3220	     -0.1400	 100512.0000	     16.7560	     13.4790	      0.5860	 9.02431e-08
2020-04-24	12:00:00	      1.8860	      5.0220	 100791.0000	     16.1510	     12.2730	      0.5450	 7.75463e-10
2020-04-25	12:00:00	      3.1490	      4.4520	 101093.0000	     16.4750	     11.6740	      0.6000	 6.71296e-10
2020-04-26	12:00:00	      1.3150	      1.4680	 101322.0000	     15.1280	     11.8450	      0.5440	 5.43981e-09
2020-04-27	12:00:00	      3.5730	      1.1120	 101423.0000	     17.0760	     13.0740	      0.5470	 5.43981e-09
2020-04-28	12:00:00	     -0.7160	      3.4340	 102073.0000	     15.4670	     11.7680	      0.4030	 5.78704e-11
2020-04-29	12:00:00	     -2.6360	     -2.1260	 102444.0000	     15.2640	     11.6220	      0.5500	 2.43056e-10
2020-04-30	12:00:00	     -0.6880	     -1.8830	 102159.0000	     15.7300	     11.1760	      0.5430	 2.54630e-10
2020-05-01	12:00:00	     -1.1910	     -3.3330	 101581.0000	     16.6720	     10.8420	      0.6730	 8.26273e-08
2020-05-02	12:00:00	     -1.5970	     -8.6850	 100696.0000	     18.1790	     14.9100	      0.9120	 4.95509e-07
2020-05-03	12:00:00	      2.5080	     -5.8190	  99782.9000	     17.0630	     15.5830	      0.7610	 4.98750e-07
2020-05-04	12:00:00	      9.5650	     -1.3620	  99645.2000	     14.8230	     10.4320	      0.6640	 7.59259e-08
2020-05-05	12:00:00	      5.9730	      5.2230	 100078.0000	     12.4150	      7.7560	      0.6680	 7.60880e-08
2020-05-06	12:00:00	      2.3480	      5.2700	 101028.0000	     13.3890	      7.7380	      0.5350	 2.23380e-09
2020-05-07	12:00:00	      4.8230	      4.2380	 101316.0000	     15.5820	     10.0570	      0.6550	 9.60648e-10
2020-05-08	12:00:00	      1.6800	      4.9130	 101548.0000	     15.3970	     10.8110	      0.4900	 8.91204e-10
2020-05-09	12:00:00	     -2.3720	      1.6320	 101691.0000	     15.0860	     12.1840	      0.5620	 8.91204e-10
2020-05-10	12:00:00	     -4.8740	     -2.0580	 101372.0000	     15.6100	     12.2040	      0.6260	 2.89352e-10
2020-05-11	12:00:00	     -5.1910	     -1.2740	 101176.0000	     15.2400	     10.6940	      0.7880	 4.90741e-09
2020-05-12	12:00:00	     -6.9460	      0.3220	 101285.0000	     15.3090	     10.8600	      0.8070	 5.76389e-09
2020-05-13	12:00:00	     -6.5080	      1.5200	 101351.0000	     14.9240	     11.4290	      0.7650	 5.92593e-09
2020-05-14	12:00:00	     -3.1030	      1.8240	 101326.0000	     14.1610	     11.2930	      0.6690	 1.74769e-09
2020-05-15	12:00:00	     -2.2950	      2.7480	 101373.0000	     14.4280	     10.8220	      0.5930	 1.27315e-10
2020-05-16	12:00:00	     -3.9090	      2.6260	 101617.0000	     14.1730	     10.7790	      0.4930	 6.01852e-10
2020-05-17	12:00:00	     -4.1010	      1.8540	 101707.0000	     13.7890	     10.1890	      0.5060	 6.01852e-10
2020-05-18	12:00:00	     -1.7480	      3.3280	 101744.0000	     13.1940	      9.3490	      0.3280	 9.14352e-10
2020-05-19	12:00:00	     -2.8150	      3.3360	 102001.0000	     11.9430	      6.8930	      0.3060	 9.14352e-10
2020-05-20	12:00:00	     -2.8550	      2.0580	 102080.0000	     11.1930	      6.9650	      0.3130	 2.31481e-11
2020-05-21	12:00:00	     -3.4380	      2.3060	 101714.0000	     12.5370	      7.9470	      0.3830	 0.00000e+00
2020-05-22	12:00:00	     -1.9370	      2.7120	 101314.0000	     12.4420	      8.9220	      0.5570	 3.29861e-09
2020-05-23	12:00:00	     -3.8420	     -1.8450	 101100.0000	     14.5420	     10.5410	      0.8930	 1.39919e-07
2020-05-24	12:00:00	     -1.1080	     -6.6650	 100310.0000	     16.8650	     15.4460	      1.0000	 1.44132e-07
2020-05-25	12:00:00	      2.3000	     -0.2930	 100570.0000	     16.1020	     15.4960	      0.9460	 1.93750e-07
2020-05-26	12:00:00	     -4.9610	     -1.3570	 101061.0000	     15.5320	     14.1840	      0.9190	 2.11690e-07
2020-05-27	12:00:00	     -4.8640	      0.3890	 101287.0000	     13.0000	     11.2440	      0.8530	 6.02894e-08
2020-05-28	12:00:00	     -3.1700	     -2.6580	 101205.0000	     14.2510	     11.1920	      0.7740	 8.31481e-08
2020-05-29	12:00:00	     -3.2110	     -2.2210	 101004.0000	     13.9160	     12.4910	      0.8200	 8.35417e-08
2020-05-30	12:00:00	     -5.7560	     -0.3930	 101505.0000	     14.8180	     12.8260	      0.6940	 2.98484e-07
2020-05-31	12:00:00	     -8.8170	      2.9700	 100827.0000	     14.5940	     12.5640	      0.9790	 3.24815e-07
2020-06-01	12:00:00	      3.4920	      4.8200	 100254.0000	     15.4890	     13.6370	      0.6350	 5.51968e-08
2020-06-02	12:00:00	      2.8490	      0.6160	 101039.0000	     14.1220	     11.3660	      0.4430	 4.41435e-08
2020-06-03	12:00:00	      2.0760	     -7.0620	  99945.4000	     15.8590	     13.0920	      0.8060	 5.28472e-08
2020-06-04	12:00:00	      3.5890	     -6.0320	  99710.7000	     13.9550	     11.7310	      0.7880	 4.70255e-08
2020-06-05	12:00:00	      2.2690	      2.4680	  99750.6000	     13.5650	     10.8480	      0.8130	 4.70602e-08
2020-06-06	12:00:00	      5.2540	      3.7590	 100538.0000	     13.6070	      8.3990	      0.6660	 2.23727e-08
2020-06-07	12:00:00	      4.3730	      4.3390	 101219.0000	     12.9730	      5.4190	      0.7330	 2.21644e-08
2020-06-08	12:00:00	      4.3750	      2.5900	 101629.0000	     12.6780	      8.4010	      0.7030	 2.26273e-08
2020-06-09	12:00:00	      2.2480	      4.4290	 101763.0000	     13.1380	      8.2140	      0.7220	 7.16435e-09
2020-06-10	12:00:00	      1.7100	      2.3800	 101985.0000	     13.1120	      9.5170	      0.6640	 3.12500e-09
2020-06-11	12:00:00	      4.8980	      1.2160	 101895.0000	     13.6920	      8.6120	      0.7860	 4.14352e-09
2020-06-12	12:00:00	      2.5000	      0.7250	 102131.0000	     13.3030	     10.8480	      0.8640	 1.21528e-08
2020-06-13	12:00:00	     -4.2050	     -1.7470	 102738.0000	     13.4640	     10.6720	      0.8440	 1.21528e-08
2020-06-14	12:00:00	     -2.8410	     -3.0490	 102670.0000	     12.9250	      9.2800	      0.6990	 6.94444e-11
2020-06-15	12:00:00	     -1.9290	     -3.6150	 102251.0000	     13.1910	      8.8940	      0.6850	 7.52315e-10
2020-06-16	12:00:00	     -1.4820	     -3.8660	 102087.0000	     14.0760	     11.0930	      0.8000	 1.18935e-07
2020-06-17	12:00:00	     -1.0910	     -5.2940	 101585.0000	     14.4940	     11.1550	      0.8560	 1.43056e-07
2020-06-18	12:00:00	      0.7370	     -4.0950	 100969.0000	     12.1900	     10.6250	      0.7100	 5.66435e-08
2020-06-19	12:00:00	     -3.0280	     -2.4900	 100941.0000	     12.4980	      9.4560	      0.5480	 5.44560e-08
2020-06-20	12:00:00	     -3.6450	      2.9630	 100745.0000	     13.5440	     11.3320	      0.7420	 5.51157e-08
2020-06-21	12:00:00	     -5.2920	      4.4200	 100877.0000	     13.8750	     11.4680	      0.6840	 9.54861e-09
2020-06-22	12:00:00	     -5.7370	      0.5830	 101387.0000	     14.1060	     11.4290	      0.5130	 4.25926e-09
2020-06-23	12:00:00	     -7.6420	     -2.8090	 101189.0000	     14.3600	     10.9340	      0.6640	 3.17546e-07
2020-06-24	12:00:00	     -6.6220	     -2.7770	 100245.0000	     13.9650	     12.2270	      0.7850	 3.17581e-07
2020-06-25	12:00:00	     -4.4020	     -1.0050	 100337.0000	     13.7890	     12.3320	      0.6950	 2.88657e-08
2020-06-26	12:00:00	     -6.2360	     -4.4270	 100212.0000	     14.2860	     12.8990	      0.8380	 1.40185e-07
2020-06-27	12:00:00	      4.4970	     -3.0830	  99950.7000	     14.2300	     11.8140	      0.7550	 1.41076e-07
2020-06-28	12:00:00	      5.2970	     -4.8880	 100067.0000	     12.3950	      8.8960	      0.6830	 4.00694e-08
2020-06-29	12:00:00	      2.1500	     -2.3380	  99167.2000	     11.5070	      9.3740	      0.6880	 4.00694e-08
2020-06-30	12:00:00	      0.2530	      6.4040	  99461.3000	     10.9260	      5.8170	      0.5890	 2.51505e-08
2020-07-01	12:00:00	      2.0720	      4.3990	  99976.1000	     10.0710	      5.1480	      0.7290	 2.51852e-08
2020-07-02	12:00:00	      1.1670	      5.7510	 101096.0000	     10.6040	      4.7290	      0.6090	 4.05093e-10
2020-07-03	12:00:00	      2.3210	      1.0590	 101575.0000	     11.2070	      6.3730	      0.7860	 9.25926e-11
2020-07-04	12:00:00	     -1.3390	     -4.7580	 101160.0000	     11.9420	      6.6880	      0.7750	 2.10035e-07
2020-07-05	12:00:00	      0.0830	     -6.3640	  99785.4000	     13.1340	     10.6500	      0.9130	 2.23160e-07
2020-07-06	12:00:00	      7.4290	     -0.9440	  99524.6000	     11.6720	      9.4390	      0.8140	 1.13681e-07
2020-07-07	12:00:00	      9.8760	     -1.4750	  99622.8000	     11.8390	      8.1130	      0.7110	 7.19213e-08
2020-07-08	12:00:00	      8.3020	      4.8820	 100033.0000	     10.2860	      6.7410	      0.6870	 7.33912e-08
2020-07-09	12:00:00	      1.2830	      2.8220	 101312.0000	     10.7970	      5.9640	      0.6120	 1.01042e-08
2020-07-10	12:00:00	      2.4340	      1.9870	 101600.0000	     10.8430	      7.8090	      0.6330	 1.01042e-08
2020-07-11	12:00:00	      4.0120	      0.7510	 101563.0000	     11.6910	      7.6130	      0.7560	 5.08102e-09
2020-07-12	12:00:00	      5.3280	     -3.0030	 101537.0000	     13.2440	      9.3290	      0.6680	 5.08102e-09
2020-07-13	12:00:00	      3.1170	     -2.6150	 101603.0000	     13.5970	     12.1820	      0.6510	 9.45602e-09
2020-07-14	12:00:00	     -0.8210	     -1.9510	 101205.0000	     13.5150	     12.2070	      0.8750	 2.36667e-07
2020-07-15	12:00:00	    -10.7750	     -2.0080	 100308.0000	     13.3360	     11.6540	      0.9530	 2.36956e-07
2020-07-16	12:00:00	     -7.3860	      0.2200	 100109.0000	     13.8480	     12.4620	      0.8520	 2.58681e-08
2020-07-17	12:00:00	     -5.5700	     -0.7150	 100301.0000	     14.0990	     12.2850	      0.7480	 1.08449e-08
2020-07-18	12:00:00	     -6.2370	     -1.4480	 100616.0000	     14.3000	     12.6710	      0.6660	 3.54167e-09
2020-07-19	12:00:00	     -5.6830	      0.9130	 100839.0000	     13.2720	     10.9640	      0.5950	 1.86458e-08
2020-07-20	12:00:00	     -2.1180	     -3.2390	 100182.0000	     13.6270	     12.4200	      0.7320	 2.21794e-07
2020-07-21	12:00:00	      7.5240	      0.3060	  99115.7000	     11.4950	      9.0160	      0.8110	 2.37581e-07
2020-07-22	12:00:00	     10.2900	      5.2050	 100122.0000	     12.6030	      6.9680	      0.6990	 2.98264e-08
2020-07-23	12:00:00	      8.5050	      2.5960	 100885.0000	     13.0700	      8.0340	      0.7010	 1.18981e-08
2020-07-24	12:00:00	      3.6660	      4.1410	 101690.0000	     11.7010	      5.7550	      0.6830	 4.18981e-09
2020-07-25	12:00:00	      2.9570	      4.0460	 102036.0000	     12.1660	      6.4880	      0.7760	 1.90972e-09
2020-07-26	12:00:00	     -0.0650	      2.2880	 102101.0000	     11.2560	      7.2480	      0.7310	 2.89352e-10
2020-07-27	12:00:00	     -4.1420	     -0.6930	 102349.0000	     11.9310	      8.0250	      0.6950	 4.05093e-10
2020-07-28	12:00:00	     -4.3090	     -2.6540	 102695.0000	     12.3250	      8.3910	      0.6230	 3.47222e-11
2020-07-29	12:00:00	     -3.9530	     -1.8990	 102495.0000	     12.4560	      7.9210	      0.6600	 7.40741e-10
2020-07-30	12:00:00	     -4.9470	     -3.6840	 101904.0000	     13.0280	      8.3230	      0.8120	 8.21759e-10
2020-07-31	12:00:00	     -7.1630	     -4.3690	 101703.0000	     13.1830	      8.7440	      0.7870	 4.90741e-09
2020-08-01	12:00:00	     -7.7440	     -3.7020	 101529.0000	     13.5660	      9.7720	      0.9440	 5.03472e-09
2020-08-02	12:00:00	     -6.7060	     -0.3190	 101277.0000	     12.9230	      9.4230	      0.7180	 2.23380e-09
2020-08-03	12:00:00	     -3.8530	      1.1430	 101030.0000	     12.0260	      9.7010	      0.5560	 1.05324e-09
2020-08-04	12:00:00	     -0.9660	      1.4620	 101141.0000	     11.2880	      9.7050	      0.5970	 2.68519e-09
2020-08-05	12:00:00	     -1.9460	     -2.0660	 101241.0000	     12.6390	     11.2970	      0.6700	 1.33600e-07
2020-08-06	12:00:00	      0.8280	     -4.7280	 100532.0000	     13.5340	     11.1360	      0.6980	 1.56829e-07
2020-08-07	12:00:00	      7.3170	     -0.0780	  99677.3000	     11.6810	      9.6000	      0.6950	 1.59896e-07
2020-08-08	12:00:00	      2.4890	      5.2340	 100220.0000	     11.7220	      7.5250	      0.5640	 7.06019e-09
2020-08-09	12:00:00	      4.9620	      2.1250	 100718.0000	     12.4470	      6.8660	      0.6930	 1.58183e-07
2020-08-10	12:00:00	     -2.0280	     -0.6610	 100671.0000	     11.6790	      8.3610	      0.9690	 1.92859e-07
2020-08-11	12:00:00	     -3.0490	     -0.8610	  99237.6000	     13.0030	     11.7700	      0.6510	 7.46644e-08
2020-08-12	12:00:00	      0.1210	      3.0420	 100209.0000	     12.1710	      9.8450	      0.4840	 2.61574e-09
2020-08-13	12:00:00	     -0.8730	      2.5580	 100838.0000	     11.1850	      8.0980	      0.5650	 3.66898e-09
2020-08-14	12:00:00	     -4.7410	      1.2370	 101614.0000	     10.3000	      6.1410	      0.5750	 4.86111e-10
2020-08-15	12:00:00	     -1.4880	      1.6470	 101902.0000	      9.5600	      5.2870	      0.3710	 1.27315e-10
2020-08-16	12:00:00	     -3.9050	     -0.6730	 101999.0000	     10.8850	      6.4790	      0.5850	 1.92130e-09
2020-08-17	12:00:00	     -6.5510	     -3.4930	 101580.0000	     12.6870	      8.4200	      0.8110	 3.23912e-07
2020-08-18	12:00:00	     -8.1550	     -6.9410	 100359.0000	     13.5630	     10.6010	      1.0000	 3.50822e-07
2020-08-19	12:00:00	      2.6730	     -3.1840	  99173.0000	     13.4860	     12.3060	      0.6890	 9.14236e-08
2020-08-20	12:00:00	      7.5300	     -5.9840	  98938.7000	     14.0560	     11.8400	      0.5430	 9.70023e-08
2020-08-21	12:00:00	      6.9400	     -1.5830	  99800.0000	     13.2240	     10.9210	      0.5240	 6.09144e-08
2020-08-22	12:00:00	      0.0770	     -3.5160	 100253.0000	     13.5650	     11.2640	      0.4930	 2.15174e-07
2020-08-23	12:00:00	      3.6200	     -6.5760	  99540.3000	     13.6190	     11.2080	      0.7180	 2.50498e-07
2020-08-24	12:00:00	      8.1440	     -4.8050	  99248.3000	     12.5950	      9.9240	      0.6040	 1.27234e-07
2020-08-25	12:00:00	      8.6770	      4.0830	  99855.6000	     12.1320	      7.6450	      0.5940	 6.06713e-08
2020-08-26	12:00:00	      7.0430	      3.4430	 100444.0000	     11.5730	      5.5660	      0.6540	 8.26389e-08
2020-08-27	12:00:00	      6.0940	      2.0070	 100839.0000	     11.5120	      7.4980	      0.6520	 8.29630e-08
2020-08-28	12:00:00	      3.1840	     -2.8780	 101301.0000	     12.0980	      8.0170	      0.5750	 1.93287e-09
2020-08-29	12:00:00	      3.5060	     -1.0560	 101382.0000	     12.8680	     10.2710	      0.4710	 6.94444e-10
2020-08-30	12:00:00	      5.3510	      3.4190	 101342.0000	     13.4400	      9.6440	      0.7280	 1.56250e-09
2020-08-31	12:00:00	      5.4100	      0.4050	 100753.0000	     13.3550	      9.5420	      0.7730	 3.33102e-08
2020-09-01	12:00:00	      4.8190	      1.1700	 100425.0000	     12.5630	      9.1590	      0.6830	 3.88079e-08
2020-09-02	12:00:00	      1.9320	      6.0740	 100826.0000	     10.3070	      5.2340	      0.5450	 1.69444e-08
2020-09-03	12:00:00	     -0.2170	      5.1080	 101635.0000	      9.8440	      4.5510	      0.3500	 6.13426e-10
2020-09-04	12:00:00	      3.7230	      1.8920	 101736.0000	     11.7020	      5.9760	      0.6230	 6.13426e-10
2020-09-05	12:00:00	      4.9730	     -0.8530	 101605.0000	     12.9000	      8.3300	      0.7930	 6.97569e-08
2020-09-06	12:00:00	      4.7430	     -1.5910	 101292.0000	     13.8300	     10.7030	      0.6860	 7.74306e-08
2020-09-07	12:00:00	     -3.9790	      3.4930	 102172.0000	     11.2000	      6.3470	      0.5520	 2.32639e-09
2020-09-08	12:00:00	      0.6920	      1.4860	 102293.0000	     10.9610	      6.5870	      0.4720	 1.68981e-09
2020-09-09	12:00:00	      4.2740	      0.6640	 101259.0000	     11.4060	      5.6480	      0.7320	 3.44097e-08
2020-09-10	12:00:00	      4.4680	      2.4860	 100539.0000	     12.1510	      7.5670	      0.5580	 3.45255e-08
2020-09-11	12:00:00	     -1.2700	      6.6080	 101486.0000	      9.9710	      3.9660	      0.3700	 6.92130e-09
2020-09-12	12:00:00	      3.0010	      5.0340	 102143.0000	     11.4680	      5.1320	      0.5120	 8.79630e-10
2020-09-13	12:00:00	      6.7130	      3.0230	 101924.0000	     12.9960	      6.4500	      0.6080	 2.06944e-08
2020-09-14	12:00:00	      8.1090	     -1.0840	 101343.0000	     13.7210	      9.5990	      0.7410	 2.63426e-08
2020-09-15	12:00:00	      8.8300	      2.1180	 101232.0000	     13.7180	      9.9100	      0.6570	 1.25116e-08
2020-09-16	12:00:00	      5.2620	      1.9420	 101977.0000	     12.9540	      7.6160	      0.6280	 2.75463e-08
2020-09-17	12:00:00	      6.3800	     -3.6230	 101546.0000	     13.8600	     10.8690	      0.8780	 6.50116e-08
2020-09-18	12:00:00	      6.0810	      6.6450	 101324.0000	     12.4940	      5.9610	      0.7910	 1.21759e-08
2020-09-19	12:00:00	      0.4490	      3.1470	 101703.0000	     11.8560	      8.1300	      0.6980	 5.89120e-09
2020-09-20	12:00:00	     -3.6400	     -1.9530	 102068.0000	     12.6350	      8.7810	      0.5880	 2.43056e-10
2020-09-21	12:00:00	     -0.9800	     -3.4730	 101965.0000	     12.9800	      9.1020	      0.4710	 2.14120e-09
2020-09-22	12:00:00	      1.6960	     -3.5890	 101369.0000	     13.5680	     10.1030	      0.5440	 4.88773e-08
2020-09-23	12:00:00	      4.6250	     -5.6500	 100710.0000	     15.0670	     12.3730	      0.8930	 5.17245e-08
2020-09-24	12:00:00	      5.9220	     -3.8380	 100507.0000	     15.2500	     13.1320	      0.6980	 2.85417e-08
2020-09-25	12:00:00	      2.7110	     -2.1680	 100993.0000	     13.8100	     12.3390	      0.5920	 1.74537e-07
2020-09-26	12:00:00	      2.0090	     -6.7510	 100502.0000	     16.5340	     13.7160	      0.6660	 1.74537e-07
2020-09-27	12:00:00	      9.0320	     -1.3420	 100124.0000	     13.8880	     10.1710	      0.5450	 5.37963e-08
2020-09-28	12:00:00	     10.5480	      0.3610	 100245.0000	     12.8000	      7.5550	      0.6360	 5.38310e-08
2020-09-29	12:00:00	      6.7630	      5.1870	 100688.0000	     11.7150	      4.7110	      0.7220	 1.30440e-08
2020-09-30	12:00:00	      1.3080	      3.7220	 101474.0000	     11.7840	      6.4600	      0.5910	 2.26852e-09
2020-10-01	12:00:00	     -0.1120	      0.9030	 102115.0000	     12.3330	      8.3290	      0.5840	 2.58102e-09
2020-10-02	12:00:00	     -0.6280	     -2.4790	 102352.0000	     12.7020	      8.3370	      0.5550	 2.14120e-09
2020-10-03	12:00:00	      1.7900	      1.1530	 102447.0000	     13.5280	     10.4070	      0.4470	 5.32407e-10
2020-10-04	12:00:00	      2.9040	      3.2590	 102309.0000	     14.5880	     11.7540	      0.4540	 5.32407e-10
2020-10-05	12:00:00	      2.3900	      1.7620	 101769.0000	     13.6360	     11.4280	      0.6180	 1.70139e-09
2020-10-06	12:00:00	      4.1520	      1.5220	 101053.0000	     13.7360	     10.0980	      0.8320	 6.63194e-09
2020-10-07	12:00:00	      2.3110	      5.2270	 100657.0000	     13.5700	      8.6930	      0.8360	 4.03472e-08
2020-10-08	12:00:00	     -7.1040	     -3.0200	 101538.0000	     13.3530	      9.1960	      0.6850	 4.03472e-08
2020-10-09	12:00:00	     -7.5820	     -4.0360	 102287.0000	     13.5600	      6.4240	      0.5890	 4.16667e-10
2020-10-10	12:00:00	     -5.2510	     -6.0560	 102256.0000	     14.5000	      7.6070	      0.6700	 2.18287e-08
2020-10-11	12:00:00	     -2.5260	     -7.2230	 101825.0000	     15.1980	     11.1920	      0.7580	 2.65312e-07
2020-10-12	12:00:00	     -0.5460	     -5.7000	 101424.0000	     15.5670	     13.5570	      0.8350	 2.81956e-07
2020-10-13	12:00:00	      1.9190	      4.2180	 101228.0000	     13.5130	     10.4720	      0.7490	 1.60764e-08
2020-10-14	12:00:00	      1.2160	      4.4000	 100968.0000	     13.2910	      8.1820	      0.6560	 3.38079e-08
2020-10-15	12:00:00	     -5.1290	      4.2900	 101054.0000	     10.8540	      7.0530	      0.6640	 3.38426e-08
2020-10-16	12:00:00	      1.4730	      3.5650	 101039.0000	     11.5400	      6.2880	      0.5560	 1.27315e-10
2020-10-17	12:00:00	      1.2440	      0.2200	 101140.0000	     12.7730	      6.8940	      0.6000	 4.96528e-09
2020-10-18	12:00:00	      2.5880	     -3.4240	 101055.0000	     15.2410	     11.2490	      0.6670	 5.42824e-09
2020-10-19	12:00:00	      5.8230	     -4.3410	 100916.0000	     16.0080	     13.3310	      0.5160	 5.13889e-09
2020-10-20	12:00:00	      4.3180	     -2.5130	 101117.0000	     16.2490	     13.7210	      0.5580	 1.48380e-08
2020-10-21	12:00:00	      0.3310	     -0.6610	 101321.0000	     16.1460	     13.8160	      0.5310	 1.49537e-08
2020-10-22	12:00:00	     -0.7380	     -2.0920	 101512.0000	     16.3610	     13.5100	      0.7210	 3.65741e-09
2020-10-23	12:00:00	     -1.4340	     -2.8140	 101730.0000	     16.6540	     13.8770	      0.6640	 3.57639e-09
2020-10-24	12:00:00	     -1.2600	     -3.2200	 101828.0000	     17.0880	     14.3130	      0.5490	 2.73148e-09
2020-10-25	12:00:00	     -1.3360	     -3.4510	 101743.0000	     16.9940	     13.2750	      0.4450	 2.11806e-09
2020-10-26	12:00:00	      0.6390	     -1.2860	 101603.0000	     16.8220	     13.6870	      0.5310	 5.18519e-09
2020-10-27	12:00:00	      0.7790	      0.5870	 101710.0000	     17.4730	     15.2190	      0.6530	 1.02546e-08
2020-10-28	12:00:00	     -3.2990	     -3.4930	 101761.0000	     16.8200	     14.3220	      0.7580	 1.89583e-08
2020-10-29	12:00:00	     -0.2740	     -3.7820	 101588.0000	     17.3880	     14.7480	      0.8830	 1.91667e-08
2020-10-30	12:00:00	     -0.8220	     -5.6560	 101342.0000	     17.3800	     13.6500	      0.8650	 3.79051e-08
2020-10-31	12:00:00	      5.0870	     -1.6230	 101326.0000	     17.4630	     15.4160	      0.6690	 3.79630e-08
2020-11-01	12:00:00	      1.6240	      0.0470	 101669.0000	     16.5730	     13.7900	      0.5570	 2.76157e-08
2020-11-02	12:00:00	     -1.7430	     -3.6120	 101586.0000	     18.4660	     15.8520	      0.7640	 2.85185e-08
2020-11-03	12:00:00	     -4.4860	     -5.8200	 101601.0000	     18.3550	     15.8090	      0.8990	 1.23935e-07
2020-11-04	12:00:00	     -5.9650	     -5.1790	 101128.0000	     17.9380	     15.6070	      1.0000	 1.83565e-07
2020-11-05	12:00:00	      1.8760	     -4.5580	  99978.8000	     17.5690	     15.9360	      0.6200	 1.38958e-07
2020-11-06	12:00:00	      2.0910	     -1.9290	 100388.0000	     17.6870	     15.9500	      0.4980	 9.86806e-08
2020-11-07	12:00:00	      3.1350	     -5.4890	  99542.6000	     18.2290	     15.3570	      0.6300	 9.88889e-08
2020-11-08	12:00:00	      2.1920	     -3.6190	  99604.2000	     14.9540	     11.7770	      0.6550	 1.75868e-07
2020-11-09	12:00:00	     -1.3200	     -0.0810	  99908.1000	     14.4250	     11.8820	      0.6880	 1.82002e-07
2020-11-10	12:00:00	      2.8930	      4.9810	 100153.0000	     14.8090	     12.1070	      0.6660	 1.82755e-07
2020-11-11	12:00:00	      4.4670	      5.9070	 100859.0000	     15.4600	     10.7570	      0.5730	 2.32639e-09
2020-11-12	12:00:00	      1.8190	      2.1440	 101402.0000	     15.3850	     11.0870	      0.5670	 7.63889e-10
2020-11-13	12:00:00	      0.7680	      1.9090	 101410.0000	     16.3740	     11.3930	      0.5060	 8.79630e-10
2020-11-14	12:00:00	      3.0150	      1.0630	 101187.0000	     16.0840	     11.8880	      0.4070	 9.02778e-10
2020-11-15	12:00:00	      2.6410	      0.2320	 100860.0000	     16.3970	     12.9630	      0.4960	 1.20370e-09
2020-11-16	12:00:00	      3.4310	      3.0040	 100683.0000	     16.7230	     12.4600	      0.6180	 1.37963e-08
2020-11-17	12:00:00	      5.1560	     -0.0830	 100492.0000	     17.5100	     13.2840	      0.6600	 1.69444e-08
2020-11-18	12:00:00	      5.7050	      6.2880	 100450.0000	     15.5850	     10.8710	      0.5280	 6.73611e-09
2020-11-19	12:00:00	      1.6730	      4.7830	 101081.0000	     15.5390	      9.8980	      0.4210	 7.87037e-10
2020-11-20	12:00:00	      3.1480	      3.0530	 101292.0000	     16.1210	     11.5130	      0.4960	 2.56713e-08
2020-11-21	12:00:00	      5.7640	      1.7840	 100732.0000	     16.3050	     11.4440	      0.6320	 2.56713e-08
2020-11-22	12:00:00	      0.8360	      4.1280	 100547.0000	     15.0910	      8.1560	      0.5520	 3.49537e-09
2020-11-23	12:00:00	     -1.3810	     -1.5860	 100450.0000	     15.8380	      7.4430	      0.8550	 3.11157e-07
2020-11-24	12:00:00	     -2.9330	     -6.1350	  99917.2000	     16.4490	     14.3810	      0.7860	 3.39097e-07
2020-11-25	12:00:00	      2.1720	     -6.8200	  99815.1000	     18.5920	     15.0980	      0.6320	 3.84259e-08
2020-11-26	12:00:00	      6.6890	     -0.2940	 100093.0000	     17.4830	     14.9150	      0.4750	 1.40162e-08
2020-11-27	12:00:00	      4.9740	      6.5810	 100334.0000	     15.7750	      9.9810	      0.3420	 3.41319e-08
2020-11-28	12:00:00	      4.7750	      1.3270	 100309.0000	     15.2580	      9.9850	      0.7420	 4.22222e-08
2020-11-29	12:00:00	      5.0180	      0.6020	  99786.0000	     16.2450	     13.0090	      0.9150	 4.14815e-08
2020-11-30	12:00:00	      5.7970	      0.5360	  99233.2000	     17.6310	     15.3300	      0.6090	 4.14931e-08
2020-12-01	12:00:00	     -1.3860	      3.8220	 100753.0000	     16.3720	     11.2400	      0.4870	 1.04861e-08
2020-12-02	12:00:00	      5.1270	     -1.5720	 100992.0000	     17.9270	     13.9500	      0.6440	 1.14005e-08
2020-12-03	12:00:00	      3.6870	      5.5450	 100860.0000	     15.5040	      9.6400	      0.5540	 2.71991e-09
2020-12-04	12:00:00	      4.2080	      1.5530	 100565.0000	     15.4680	      8.6610	      0.7710	 1.24074e-08
2020-12-05	12:00:00	      5.9660	      1.7430	 100366.0000	     16.0770	     11.1440	      0.6950	 1.24074e-08
2020-12-06	12:00:00	      3.2020	     -2.5150	 100834.0000	     17.3030	     12.5230	      0.6830	 1.76736e-08
2020-12-07	12:00:00	      5.5380	     -4.7680	 100807.0000	     19.8040	     17.5090	      0.7500	 1.82523e-08
2020-12-08	12:00:00	      3.5550	     -4.5120	 100701.0000	     19.9800	     17.0970	      0.6630	 1.66308e-07
2020-12-09	12:00:00	      2.0830	     -5.3630	 100269.0000	     20.9900	     18.1630	      0.6500	 1.66782e-07
2020-12-10	12:00:00	      5.1930	      1.2490	 100641.0000	     17.7450	     14.9710	      0.6460	 3.42593e-09
2020-12-11	12:00:00	      6.2290	      4.1950	 101118.0000	     16.1070	      9.7260	      0.7640	 2.40741e-09
2020-12-12	12:00:00	      5.4770	      6.1270	 101303.0000	     15.8140	      8.9660	      0.6690	 2.45370e-09
2020-12-13	12:00:00	      1.6420	      4.5490	 101327.0000	     16.5960	     11.5590	      0.5440	 3.93519e-10
2020-12-14	12:00:00	      0.9180	      3.3120	 101593.0000	     18.1890	     13.6910	      0.3340	 2.31481e-10
2020-12-15	12:00:00	      2.8830	      4.0880	 101529.0000	     17.1450	     13.1770	      0.3290	 2.54630e-10
2020-12-16	12:00:00	      3.7670	      4.4690	 101277.0000	     15.8180	     11.0150	      0.4800	 2.54630e-10
2020-12-17	12:00:00	      0.4790	      2.2680	 101139.0000	     16.7480	     12.6010	      0.5230	 1.29630e-09
2020-12-18	12:00:00	     -2.0420	     -1.9620	 101235.0000	     18.5300	     14.0230	      0.5520	 1.29630e-09
2020-12-19	12:00:00	      0.6840	      1.4600	 101063.0000	     19.1230	     14.6300	      0.5780	 7.63889e-10
2020-12-20	12:00:00	     -0.3050	      0.4780	 100942.0000	     19.5450	     14.8360	      0.4940	 3.28704e-09
2020-12-21	12:00:00	     -1.8060	     -3.4510	 100798.0000	     19.8280	     14.7530	      0.6480	 4.74537e-09
2020-12-22	12:00:00	      1.6800	     -1.5380	 100508.0000	     20.2980	     16.6230	      0.7700	 7.51620e-08
2020-12-23	12:00:00	      2.3450	     -2.8920	  99737.5000	     20.1280	     16.6040	      0.7520	 7.54977e-08
2020-12-24	12:00:00	      6.8870	      5.7930	  99909.7000	     17.7320	     11.8130	      0.6880	 7.04861e-09
2020-12-25	12:00:00	      4.5240	      4.6200	 100269.0000	     17.1040	     11.0270	      0.5760	 6.74769e-09
2020-12-26	12:00:00	      4.8120	      5.3090	 100488.0000	     16.0380	      8.9640	      0.4300	 2.32639e-08
2020-12-27	12:00:00	      1.9930	      6.7350	 100664.0000	     15.0780	      7.8760	      0.4540	 2.34028e-08
2020-12-28	12:00:00	      3.8320	      6.6880	 100918.0000	     15.8570	      7.5200	      0.5200	 1.03009e-09
2020-12-29	12:00:00	      4.1220	      6.3740	 101022.0000	     16.8260	      9.7000	      0.4610	 2.93981e-09
2020-12-30	12:00:00	      1.9440	      3.4310	 101171.0000	     17.7740	     13.2500	      0.4950	 3.61111e-09
2020-12-31	12:00:00	      2.0960	      0.7160	 101121.0000	     18.1490	     13.7910	      0.4340	 8.20255e-08
2021-01-01	12:00:00	      2.7250	     -0.1930	 100763.0000	     19.3330	     15.4710	      0.5950	 1.10278e-07
2021-01-02	12:00:00	      0.7740	     -0.9410	 100831.0000	     18.8950	     16.7890	      0.7130	 1.43808e-07
2021-01-03	12:00:00	     -0.0750	     -1.8110	 101144.0000	     19.1660	     16.3420	      0.5410	 1.44167e-07
2021-01-04	12:00:00	     -0.8270	      0.3430	 101293.0000	     20.2480	     16.9680	      0.3570	 1.21412e-08
2021-01-05	12:00:00	      0.0830	      2.5900	 101112.0000	     20.3780	     16.3530	      0.3620	 8.68056e-10
2021-01-06	12:00:00	      1.9640	      1.7130	 100558.0000	     19.9400	     16.5230	      0.4390	 1.52569e-07
2021-01-07	12:00:00	      4.1510	     -1.4440	 100086.0000	     19.8030	     16.6990	      0.6550	 1.53623e-07
2021-01-08	12:00:00	      3.1240	      0.3510	 100020.0000	     19.2720	     16.0000	      0.5290	 1.81481e-08
2021-01-09	12:00:00	      1.4700	      3.7210	 100479.0000	     19.8360	     16.4430	      0.5380	 5.19676e-09
2021-01-10	12:00:00	      2.7370	      4.8600	 100741.0000	     18.8280	     13.2280	      0.5940	 1.37731e-09
2021-01-11	12:00:00	      0.3200	      3.1730	 101016.0000	     18.7540	     13.3820	      0.6050	 9.91898e-09
2021-01-12	12:00:00	     -5.1090	     -0.3920	 101215.0000	     20.4500	     15.9700	      0.4470	 1.19444e-08
2021-01-13	12:00:00	     -3.0750	      0.9650	 101054.0000	     20.6040	     16.5960	      0.4820	 9.27083e-09
2021-01-14	12:00:00	      2.2630	      4.7420	 100634.0000	     19.8680	     15.8680	      0.4600	 3.87731e-09
2021-01-15	12:00:00	      2.9950	      2.0790	 100442.0000	     19.4820	     14.6460	      0.3420	 5.55556e-10
2021-01-16	12:00:00	      2.8350	     -0.8550	 100185.0000	     19.5340	     14.7670	      0.5100	 4.25810e-08
2021-01-17	12:00:00	      7.3970	     -0.1210	  99910.9000	     19.8440	     14.6500	      0.6930	 4.26505e-08
2021-01-18	12:00:00	      7.1200	     -1.0310	 100173.0000	     19.3050	     12.3460	      0.5970	 6.45486e-08
2021-01-19	12:00:00	      8.9170	     -2.3000	  99729.1000	     19.0260	     13.9790	      0.7260	 6.49884e-08
2021-01-20	12:00:00	      7.7330	      0.6480	  99639.4000	     15.8500	      8.6900	      0.7740	 2.55093e-08
2021-01-21	12:00:00	      5.9720	      2.9850	 100071.0000	     17.0040	      9.6120	      0.7790	 1.45718e-08
2021-01-22	12:00:00	      4.0930	      3.1960	 100657.0000	     17.7520	     11.2390	      0.8270	 4.39815e-09
2021-01-23	12:00:00	      6.5400	      1.9450	 100797.0000	     19.0330	     13.4960	      0.7680	 1.57292e-08
2021-01-24	12:00:00	      6.4940	      3.1340	 100595.0000	     19.1870	     15.7150	      0.6040	 1.57292e-08
2021-01-25	12:00:00	      4.8860	      4.1280	 100614.0000	     20.0730	     16.4320	      0.4450	 3.51852e-09
2021-01-26	12:00:00	      2.2340	      4.1620	 100733.0000	     20.1970	     16.8630	      0.4790	 1.09954e-09
2021-01-27	12:00:00	      3.0420	      2.1200	 100592.0000	     20.0780	     16.1610	      0.6020	 3.54167e-09
2021-01-28	12:00:00	      4.6650	      6.3470	 100282.0000	     18.3590	     12.0320	      0.6590	 3.54167e-09
2021-01-29	12:00:00	     -1.2550	      4.2130	 100584.0000	     17.4390	      9.4920	      0.5510	 3.03241e-09
2021-01-30	12:00:00	     -1.5900	      1.6920	 101255.0000	     18.0210	     10.1160	      0.3590	 9.25926e-11
2021-01-31	12:00:00	      0.4430	      3.4670	 101402.0000	     18.8640	     12.7800	      0.4090	 7.40741e-10
2021-02-01	12:00:00	      0.3630	      1.2700	 101163.0000	     19.3140	     13.6300	      0.5870	 2.39583e-09
2021-02-02	12:00:00	      1.0980	      1.5140	 100943.0000	     19.1100	     13.9990	      0.5870	 2.39583e-09
2021-02-03	12:00:00	      1.1400	      2.8050	 100971.0000	     19.7110	     15.3340	      0.4120	 4.00463e-09
2021-02-04	12:00:00	     -0.0820	     -2.5740	 101095.0000	     20.5140	     14.8190	      0.6400	 8.40278e-09
2021-02-05	12:00:00	     -0.9780	     -0.4190	 101062.0000	     19.7740	     15.4020	      0.5340	 8.40278e-09
2021-02-06	12:00:00	     -1.8810	     -1.7720	 101064.0000	     20.3870	     14.0620	      0.6920	 1.40046e-09
2021-02-07	12:00:00	     -3.1390	     -2.2000	 100879.0000	     19.8690	     13.0390	      0.6330	 2.60417e-09
2021-02-08	12:00:00	     -3.0700	     -4.5310	 100410.0000	     20.3260	     14.5690	      0.7260	 1.35208e-07
2021-02-09	12:00:00	     -0.7270	     -6.4180	  99748.0000	     20.8240	     17.1790	      0.9520	 1.47546e-07
2021-02-10	12:00:00	      0.5370	      4.3330	  99801.6000	     18.1590	     13.9900	      0.7760	 5.21412e-08
2021-02-11	12:00:00	      2.4520	      5.5560	 100244.0000	     17.7300	     10.4220	      0.5650	 2.08333e-10
2021-02-12	12:00:00	      1.7280	      3.3110	 100864.0000	     18.0900	     11.2260	      0.3830	 2.08333e-10
2021-02-13	12:00:00	     -3.3880	     -1.3470	 101075.0000	     19.7890	     14.9870	      0.3800	 4.32986e-07
2021-02-14	12:00:00	     -7.7000	     -1.7200	 100585.0000	     20.3090	     16.6590	      0.8660	 4.54572e-07
2021-02-15	12:00:00	     -2.8360	     -2.6770	  99226.8000	     20.6380	     19.4400	      0.9830	 1.00440e-07
2021-02-16	12:00:00	     -2.6880	      6.7890	 100467.0000	     18.8320	     13.7730	      0.5840	 1.16551e-08
2021-02-17	12:00:00	     -4.2710	      2.0450	 101762.0000	     17.9190	     11.6620	      0.4220	 6.71296e-10
2021-02-18	12:00:00	     -0.8620	      0.2410	 102255.0000	     18.4320	     12.2610	      0.4150	 3.47222e-11
2021-02-19	12:00:00	      2.1470	      3.2360	 101888.0000	     18.1010	     13.9980	      0.4440	 3.47222e-11
2021-02-20	12:00:00	      0.1930	      2.2900	 101651.0000	     18.1200	     14.8510	      0.2440	 1.04167e-10
2021-02-21	12:00:00	     -2.3580	     -2.4440	 101609.0000	     19.9050	     15.8460	      0.3780	 1.12269e-09
2021-02-22	12:00:00	     -5.4140	     -4.2040	 101511.0000	     20.2170	     15.4120	      0.5020	 1.16898e-09
2021-02-23	12:00:00	     -4.8910	     -4.7760	 101329.0000	     20.1810	     14.7000	      0.5280	 3.93519e-10
2021-02-24	12:00:00	     -3.0630	     -2.3160	 101321.0000	     20.0240	     15.6830	      0.5040	 4.68750e-09
2021-02-25	12:00:00	     -2.2670	     -0.6590	 101312.0000	     20.0990	     15.5870	      0.5370	 1.12500e-08
2021-02-26	12:00:00	     -3.3390	     -0.5890	 101123.0000	     19.6820	     15.4660	      0.6550	 1.98611e-08
2021-02-27	12:00:00	     -3.3570	     -2.2350	 100858.0000	     19.6560	     15.6420	      0.6020	 2.01157e-08
2021-02-28	12:00:00	     -3.0760	     -3.3310	 100625.0000	     19.6590	     15.3510	      0.5430	 1.10243e-07
2021-03-01	12:00:00	     -1.1820	     -4.1580	 100329.0000	     19.4150	     16.0910	      0.6570	 1.11146e-07
2021-03-02	12:00:00	      3.3620	     -2.8590	 100086.0000	     20.2880	     17.8290	      0.7210	 1.13808e-07
2021-03-03	12:00:00	      3.6800	     -3.1760	  99752.6000	     19.2230	     17.6980	      0.6630	 1.21863e-07
2021-03-04	12:00:00	      3.2300	     -0.0630	  99486.8000	     18.4900	     15.4950	      0.5290	 2.63773e-08
2021-03-05	12:00:00	      3.1370	     -1.9300	  99386.6000	     19.0580	     14.5280	      0.5910	 5.80324e-08
2021-03-06	12:00:00	      5.6610	     -1.1710	  99212.8000	     18.6700	     13.9690	      0.7530	 5.82060e-08
2021-03-07	12:00:00	      8.2590	      5.0710	  99802.9000	     18.1010	     10.9790	      0.6700	 8.26389e-09
2021-03-08	12:00:00	      4.0930	      4.5540	 100804.0000	     17.7160	     11.7580	      0.6930	 8.31019e-09
2021-03-09	12:00:00	      2.8370	     -0.7770	 101012.0000	     17.6530	     12.4700	      0.7060	 1.07350e-07
2021-03-10	12:00:00	      3.3920	     -2.5570	 100629.0000	     18.9980	     15.3290	      0.6100	 1.07454e-07
2021-03-11	12:00:00	      0.8950	      1.7780	 101133.0000	     18.0520	     15.1830	      0.4390	 5.60185e-09
2021-03-12	12:00:00	     -2.6020	      1.0310	 101630.0000	     18.5810	     14.2090	      0.5200	 5.50926e-09
2021-03-13	12:00:00	     -2.3680	     -0.4780	 101798.0000	     17.9270	     12.9480	      0.2830	 7.33796e-09
2021-03-14	12:00:00	     -2.2140	      1.7140	 101450.0000	     19.4740	     14.9300	      0.4750	 7.77778e-09
2021-03-15	12:00:00	     -1.3990	     -2.5740	 100921.0000	     19.0260	     16.3900	      0.7100	 1.45949e-08
2021-03-16	12:00:00	      2.0480	      3.1040	 100802.0000	     18.3400	     14.4880	      0.8130	 3.85185e-08
2021-03-17	12:00:00	     -3.3500	     -0.3380	 101608.0000	     18.7730	     14.5610	      0.6830	 3.85185e-08
2021-03-18	12:00:00	     -4.4250	     -0.1000	 102273.0000	     17.6950	     10.9220	      0.5590	 5.90278e-10
2021-03-19	12:00:00	     -3.1900	      1.7290	 102115.0000	     17.1020	     10.0060	      0.5520	 5.90278e-10
2021-03-20	12:00:00	     -2.2210	      2.3580	 101840.0000	     16.9660	      9.4020	      0.3990	 5.55556e-10
2021-03-21	12:00:00	     -0.9550	      2.7330	 101826.0000	     17.3090	     11.3300	      0.4810	 1.73611e-10
2021-03-22	12:00:00	     -0.8600	      1.3430	 101648.0000	     17.3930	     11.9060	      0.4250	 4.46759e-09
2021-03-23	12:00:00	     -0.5610	      1.7850	 101123.0000	     17.9300	     12.5320	      0.4790	 4.50231e-09
2021-03-24	12:00:00	      0.0970	      2.7770	 100884.0000	     17.3780	     13.3050	      0.4230	 6.48148e-09
2021-03-25	12:00:00	     -2.8900	     -1.5210	 101430.0000	     18.2870	     13.8200	      0.5730	 6.78241e-09
2021-03-26	12:00:00	     -5.7660	     -4.1430	 101591.0000	     18.4940	     14.3280	      0.6350	 2.03009e-08
2021-03-27	12:00:00	     -4.6680	     -5.3380	 101419.0000	     18.8230	     13.2950	      0.8740	 3.22130e-07
2021-03-28	12:00:00	     -2.3600	     -5.3410	 101059.0000	     18.7540	     16.0390	      1.0000	 3.61609e-07
2021-03-29	12:00:00	     -0.4550	     -4.5500	 100807.0000	     19.1970	     18.0890	      0.9750	 4.46377e-07
2021-03-30	12:00:00	     -2.0740	     -4.9960	 100296.0000	     18.8940	     17.6690	      0.7880	 4.48009e-07
2021-03-31	12:00:00	      1.8410	     -2.3790	  99933.4000	     18.0640	     15.0980	      0.6920	 1.39375e-07
2021-04-01	12:00:00	     -2.3870	      2.3880	 100395.0000	     16.8060	     13.7960	      0.5990	 1.39375e-07
2021-04-02	12:00:00	      2.3070	      4.7060	 100982.0000	     17.5060	     13.2050	      0.4570	 1.59722e-09
2021-04-03	12:00:00	      0.4860	     -0.5850	 101498.0000	     17.5110	     13.6430	      0.4640	 1.67824e-09
2021-04-04	12:00:00	      4.4550	      1.3720	 101420.0000	     17.3180	     12.0220	      0.6910	 2.92824e-09
2021-04-05	12:00:00	      4.1030	      3.6230	 101241.0000	     18.9050	     15.2020	      0.6650	 3.47222e-09
2021-04-06	12:00:00	      2.5450	      5.0340	 101081.0000	     18.0210	     14.8270	      0.5970	 4.21296e-09
2021-04-07	12:00:00	     -0.2300	      0.6390	 101026.0000	     17.8580	     14.2420	      0.6450	 5.82176e-09
2021-04-08	12:00:00	     -3.1170	     -2.5000	 100983.0000	     17.9740	     15.3770	      0.8090	 5.74769e-08
2021-04-09	12:00:00	     -5.0160	     -7.0020	 100343.0000	     18.6410	     15.2940	      0.9200	 1.27176e-07
2021-04-10	12:00:00	      0.0300	     -4.4370	  99925.5000	     18.7650	     17.8500	      0.7210	 1.27199e-07
2021-04-11	12:00:00	     -0.4600	      1.1390	 100356.0000	     18.1820	     16.7830	      0.6070	 1.18287e-08
2021-04-12	12:00:00	      2.2750	     -0.8080	 100272.0000	     19.4390	     17.7480	      0.5870	 3.12153e-08
2021-04-13	12:00:00	      6.3100	     -1.9000	  99974.6000	     17.6210	     13.3200	      0.5330	 5.23611e-08
2021-04-14	12:00:00	      3.8850	      3.0120	  99820.3000	     15.9650	     12.6180	      0.7420	 2.11574e-08
2021-04-15	12:00:00	      6.6840	      1.9920	 100240.0000	     17.4510	     12.7110	      0.7020	 9.58449e-08
2021-04-16	12:00:00	      6.1700	      1.2270	 100192.0000	     16.9520	     13.5040	      0.5540	 9.90972e-08
2021-04-17	12:00:00	      3.6600	      5.3040	 100700.0000	     15.3370	      8.9980	      0.6300	 6.03009e-09
2021-04-18	12:00:00	      2.7270	      1.0160	 101125.0000	     15.1670	     10.0480	      0.8160	 2.85648e-08
2021-04-19	12:00:00	     -1.5550	     -2.0970	 101059.0000	     16.1880	     12.5790	      0.8810	 1.65324e-07
2021-04-20	12:00:00	     -1.4350	     -2.8730	  99783.0000	     17.4750	     16.3250	      0.7530	 1.65880e-07
2021-04-21	12:00:00	      4.1560	      2.9750	  99854.1000	     17.2340	     14.3900	      0.6270	 8.75000e-09
2021-04-22	12:00:00	      1.0400	     -0.0530	 100474.0000	     15.1390	     12.0960	      0.5330	 6.66204e-08
2021-04-23	12:00:00	      1.6880	      0.1130	 100271.0000	     16.8710	     14.0480	      0.5940	 6.66319e-08
2021-04-24	12:00:00	      5.1190	      3.4700	 100493.0000	     16.2180	     11.5110	      0.5590	 2.46875e-08
2021-04-25	12:00:00	      5.2320	      2.3460	 100511.0000	     15.2520	     10.1170	      0.6200	 4.49421e-08
2021-04-26	12:00:00	      5.4080	      0.6600	 100391.0000	     14.8730	     10.7960	      0.6560	 7.71528e-08
2021-04-27	12:00:00	      1.0600	      2.8110	 100517.0000	     13.9820	     10.7980	      0.6520	 4.63194e-08
2021-04-28	12:00:00	     -1.2740	      2.6230	 101108.0000	     13.8340	      8.7980	      0.5330	 4.02778e-09
2021-04-29	12:00:00	      1.4970	      1.8730	 101725.0000	     14.5440	     10.4540	      0.5920	 6.42361e-09
2021-04-30	12:00:00	      2.9250	      4.4180	 101899.0000	     16.1640	     12.2220	      0.6060	 6.43519e-09
2021-05-01	12:00:00	     -1.0770	      3.7880	 102160.0000	     14.0490	      9.4080	      0.3930	 2.31481e-11
2021-05-02	12:00:00	     -0.6240	      2.4100	 102084.0000	     13.0430	      8.8630	      0.3790	 1.04167e-09
2021-05-03	12:00:00	      0.8520	      1.0910	 101842.0000	     14.0150	      9.3140	      0.5890	 1.11111e-09
2021-05-04	12:00:00	      1.5620	      1.8850	 101851.0000	     14.4930	      9.3840	      0.5840	 1.11111e-09
2021-05-05	12:00:00	      1.4230	      2.0380	 102038.0000	     15.5720	     12.1140	      0.5660	 6.82870e-10
2021-05-06	12:00:00	     -1.5780	      1.6240	 102186.0000	     15.6850	     13.1680	      0.6200	 4.45602e-09
2021-05-07	12:00:00	     -5.9910	     -3.6310	 102295.0000	     16.9360	     12.6620	      0.8890	 1.75231e-08
2021-05-08	12:00:00	     -2.0710	     -4.8940	 102058.0000	     16.9550	     14.7690	      0.9890	 8.41435e-08
2021-05-09	12:00:00	      2.0680	     -3.7380	 101793.0000	     17.8380	     16.4010	      0.7830	 8.45833e-08
2021-05-10	12:00:00	      0.2220	     -3.5260	 101653.0000	     17.2090	     15.7550	      0.6330	 1.30069e-07
2021-05-11	12:00:00	      3.4100	     -3.0240	 101217.0000	     17.8460	     15.9510	      0.7410	 1.35995e-07
2021-05-12	12:00:00	     -0.7080	      3.8000	 101450.0000	     14.8530	     12.0620	      0.5850	 1.53009e-08
2021-05-13	12:00:00	     -3.6670	      1.1410	 101359.0000	     11.8280	      6.9320	      0.3920	 9.84375e-08
2021-05-14	12:00:00	      0.2450	     -4.1210	 100038.0000	     16.6170	     13.1070	      0.4500	 9.89468e-08
2021-05-15	12:00:00	      2.9000	      0.3810	 100502.0000	     15.5600	     11.8680	      0.4290	 1.08102e-08
2021-05-16	12:00:00	      0.1290	     -4.6260	 100234.0000	     16.1320	     13.3000	      0.5360	 9.40278e-08
2021-05-17	12:00:00	      8.8130	     -0.2030	  99904.5000	     15.3700	     11.7170	      0.6880	 9.47569e-08
2021-05-18	12:00:00	      9.2390	      4.6470	 100632.0000	     15.1220	      9.3210	      0.7260	 1.35995e-08
2021-05-19	12:00:00	      4.6370	      4.4860	 101355.0000	     15.8430	     11.6750	      0.7180	 8.84259e-09
2021-05-20	12:00:00	     -0.9050	      2.8000	 101683.0000	     14.7830	     12.8960	      0.6550	 3.44907e-09
2021-05-21	12:00:00	     -2.2320	      3.8760	 101323.0000	     14.3490	     11.1800	      0.7400	 8.56481e-10
2021-05-22	12:00:00	     -4.5660	      6.1670	 100641.0000	     14.0970	      9.5470	      0.8730	 9.87269e-09
2021-05-23	12:00:00	     -2.9900	      8.7580	 100263.0000	     14.0240	      8.2400	      0.6960	 9.87269e-09
2021-05-24	12:00:00	     -3.5430	      7.5570	 100824.0000	     13.6350	      7.7670	      0.5240	 0.00000e+00
2021-05-25	12:00:00	     -4.9420	      5.4670	 101450.0000	     12.0890	      6.8500	      0.5420	 2.31481e-11
2021-05-26	12:00:00	     -2.7330	      2.7420	 101129.0000	     11.7070	      7.3750	      0.4170	 1.89005e-08
2021-05-27	12:00:00	     -0.4090	     -1.6680	 100172.0000	     11.6760	      8.0130	      0.6770	 8.84028e-08
2021-05-28	12:00:00	      1.2890	     -5.3500	  99010.0000	     13.6280	     11.4630	      0.8490	 8.96991e-08
2021-05-29	12:00:00	      3.1830	     -4.9330	  98203.3000	     12.4610	      9.7960	      0.8240	 5.11227e-08
2021-05-30	12:00:00	     -0.5460	     -3.3640	  98045.1000	     11.9230	      9.7620	      0.6810	 5.15509e-08
2021-05-31	12:00:00	      2.4190	      5.6170	  98975.9000	     13.2950	      9.6560	      0.4820	 1.83218e-08
2021-06-01	12:00:00	      1.1890	      3.4740	 100496.0000	     12.8690	      9.1950	      0.5170	 2.26852e-09
2021-06-02	12:00:00	      2.1630	      3.5570	 101187.0000	     13.8560	      9.3530	      0.6830	 4.52546e-09
2021-06-03	12:00:00	      0.5030	      1.3800	 101455.0000	     12.9160	     10.6910	      0.7480	 4.52546e-09
2021-06-04	12:00:00	     -2.3480	     -2.3930	 101375.0000	     13.1700	     10.4440	      0.6120	 2.70023e-08
2021-06-05	12:00:00	     -3.7710	     -5.5150	 100858.0000	     14.9540	     11.3590	      0.9300	 1.88241e-07
2021-06-06	12:00:00	     -7.1900	     -3.4400	 100369.0000	     14.5170	     12.7290	      1.0000	 1.93623e-07
2021-06-07	12:00:00	     -8.8520	      2.0980	 100479.0000	     14.0710	     12.1040	      0.7800	 9.42245e-08
2021-06-08	12:00:00	     -6.2550	      4.5520	 101016.0000	     14.3920	     10.8220	      0.6560	 3.98148e-09
2021-06-09	12:00:00	     -5.5600	     -0.9430	 101618.0000	     15.1840	     13.2290	      0.6830	 2.61574e-09
2021-06-10	12:00:00	     -3.6780	     -1.6460	 102138.0000	     14.9590	     13.3730	      0.6700	 5.20833e-10
2021-06-11	12:00:00	     -3.2340	     -1.3280	 102400.0000	     14.3780	     12.4200	      0.6700	 1.85185e-10
2021-06-12	12:00:00	     -3.0030	     -3.2890	 102129.0000	     14.4120	     11.6780	      0.7460	 1.15694e-07
2021-06-13	12:00:00	     -1.6620	     -5.0800	 101099.0000	     15.6780	     13.6740	      0.9770	 1.75336e-07
2021-06-14	12:00:00	      0.5770	     -4.2920	 100649.0000	     15.2010	     14.5810	      0.9740	 6.30671e-08
2021-06-15	12:00:00	      4.3440	     -0.8140	 100471.0000	     14.8440	     13.1560	      0.7400	 2.10417e-08
2021-06-16	12:00:00	      5.1380	      0.1540	 100561.0000	     13.9410	     11.2220	      0.6170	 2.24306e-08
2021-06-17	12:00:00	      2.7940	     -0.7700	 100722.0000	     12.6050	     10.8560	      0.6880	 1.22789e-07
2021-06-18	12:00:00	     -2.5840	     -3.7540	 100562.0000	     14.2910	     11.8900	      0.7600	 1.70312e-07
2021-06-19	12:00:00	     -1.5770	     -2.8360	  99613.5000	     15.0330	     13.5120	      0.6080	 1.72176e-07
2021-06-20	12:00:00	      2.5370	     -0.3000	  98971.4000	     13.2720	     11.4880	      0.6690	 2.14815e-08
2021-06-21	12:00:00	      2.5260	      9.4220	  99711.7000	     13.7900	     10.7530	      0.5570	 2.47685e-09
2021-06-22	12:00:00	     -0.0730	      5.4240	 101033.0000	     11.8040	      7.5750	      0.4530	 2.31481e-11
2021-06-23	12:00:00	     -0.8170	      1.1320	 101837.0000	     10.9620	      6.5720	      0.3800	 5.43981e-10
2021-06-24	12:00:00	      2.4190	     -3.0030	 102051.0000	     11.7630	      8.0170	      0.6210	 5.43981e-10
2021-06-25	12:00:00	      2.9420	     -4.4640	 101874.0000	     13.3720	     10.2260	      0.8320	 4.07523e-08
2021-06-26	12:00:00	      4.7970	     -5.9260	 101414.0000	     15.6660	     13.4710	      0.8130	 1.30694e-07
2021-06-27	12:00:00	      7.5150	     -1.8040	 100776.0000	     14.9810	     12.7390	      0.8260	 1.30741e-07
2021-06-28	12:00:00	      7.2030	      5.0030	 100766.0000	     12.7310	      7.9410	      0.6840	 2.73611e-08
2021-06-29	12:00:00	     -0.8860	      8.1060	 101697.0000	      9.2430	      1.7350	      0.5210	 2.33796e-09
2021-06-30	12:00:00	     -1.1850	      4.6520	 102391.0000	     10.7060	      5.7550	      0.3950	 2.31481e-11
2021-07-01	12:00:00	     -3.1960	      1.6320	 102823.0000	     10.2680	      7.4630	      0.3890	 0.00000e+00
2021-07-02	12:00:00	     -2.4070	      1.9760	 102853.0000	      9.0270	      6.0980	      0.3780	 2.31481e-11
2021-07-03	12:00:00	     -1.6250	      2.0400	 102861.0000	      8.8920	      5.8080	      0.4130	 4.62963e-11
2021-07-04	12:00:00	     -2.2470	      0.3500	 102754.0000	      9.4230	      7.1060	      0.4420	 1.07639e-09
2021-07-05	12:00:00	     -3.0190	     -3.5750	 101900.0000	     12.5090	      8.8090	      0.5970	 1.50289e-07
2021-07-06	12:00:00	     -0.7810	     -6.4750	 100535.0000	     14.2910	     11.2310	      0.8350	 1.50289e-07
2021-07-07	12:00:00	      3.6980	      6.1720	 100196.0000	     12.6210	      7.8180	      0.7500	 1.28356e-08
2021-07-08	12:00:00	      6.3860	      5.6200	 100321.0000	     12.4550	      5.9310	      0.7070	 1.64468e-08
2021-07-09	12:00:00	      6.6890	      3.7230	 100600.0000	     12.0460	      7.3350	      0.6530	 1.67014e-08
2021-07-10	12:00:00	      0.7990	      1.5220	 100606.0000	     11.2570	      7.2560	      0.7660	 5.53704e-08
2021-07-11	12:00:00	     -8.0490	      3.0550	 100415.0000	     10.6810	      6.6550	      0.9480	 5.53704e-08
2021-07-12	12:00:00	     -2.6970	      7.1350	  99851.8000	     10.1330	      5.1290	      0.6930	 1.35880e-08
2021-07-13	12:00:00	      0.8870	      5.0450	 100715.0000	     10.1300	      5.9760	      0.5060	 2.46528e-09
2021-07-14	12:00:00	      3.1680	      1.4010	 101383.0000	     11.1210	      5.5570	      0.5780	 2.46528e-09
2021-07-15	12:00:00	      1.4070	     -4.8060	 101456.0000	     12.0480	      6.6000	      0.6520	 7.56134e-08
2021-07-16	12:00:00	     -0.5140	    -10.3080	 100394.0000	     14.8790	     10.9230	      0.9660	 1.22616e-07
2021-07-17	12:00:00	      7.0750	     -7.0220	  99117.1000	     14.8620	     12.0520	      0.8600	 1.49514e-07
2021-07-18	12:00:00	      6.9500	     -3.2580	  98921.0000	     13.1240	     10.9820	      0.7390	 1.51296e-07
2021-07-19	12:00:00	      6.2670	      2.5700	  99960.1000	     12.7840	      8.7910	      0.6160	 1.80556e-08
2021-07-20	12:00:00	      0.2450	     -2.4910	 100406.0000	     11.6130	      8.5870	      0.7550	 1.23299e-07
2021-07-21	12:00:00	      1.9740	     -4.6140	  99692.1000	     13.0350	     11.6880	      0.7300	 1.24826e-07
2021-07-22	12:00:00	      3.9230	      0.8580	 100252.0000	     12.7970	      9.7700	      0.6020	 7.10648e-09
2021-07-23	12:00:00	      0.4440	      0.8910	 101243.0000	     11.0280	      9.0670	      0.6760	 7.12963e-09
2021-07-24	12:00:00	     -5.1040	     -2.7600	 101384.0000	     12.3490	      9.7380	      0.6600	 1.80752e-07
2021-07-25	12:00:00	     -5.0400	     -6.6550	 100227.0000	     13.5720	     10.5620	      0.8050	 1.80775e-07
2021-07-26	12:00:00	      7.4130	     -1.1680	  99714.5000	     12.5740	      9.5680	      0.6840	 8.38194e-08
2021-07-27	12:00:00	      6.3990	      4.7200	 100642.0000	     12.7260	      7.1200	      0.5990	 9.83796e-09
2021-07-28	12:00:00	      3.2250	      1.0400	 101040.0000	     12.5930	      9.8810	      0.6260	 9.03935e-09
2021-07-29	12:00:00	     -0.2500	     -2.7490	 100972.0000	     12.5480	     11.1160	      0.6120	 8.73843e-09
2021-07-30	12:00:00	     -5.3980	     -3.5340	 100389.0000	     13.8350	     11.4280	      0.6310	 1.52778e-09
2021-07-31	12:00:00	     -5.0310	      1.1000	 100172.0000	     12.5590	     10.2550	      0.6780	 8.53009e-09
2021-08-01	12:00:00	      2.2920	      2.2170	 100112.0000	     12.6130	      9.5520	      0.5420	 4.79167e-08
2021-08-02	12:00:00	      7.5170	      1.7190	  99284.5000	     12.3910	      9.2490	      0.6860	 4.93981e-08
2021-08-03	12:00:00	      3.0140	      6.1250	 100170.0000	     11.1350	      7.7350	      0.6190	 6.64005e-08
2021-08-04	12:00:00	      0.7180	     -3.2010	 100115.0000	     12.0590	      8.8950	      0.8000	 6.72454e-08
2021-08-05	12:00:00	      4.3700	     -5.1080	  98869.2000	     12.8480	     10.8280	      0.7550	 8.89352e-08
2021-08-06	12:00:00	      8.0240	      3.7600	  99015.4000	     12.7510	      9.7500	      0.6460	 8.95023e-08
2021-08-07	12:00:00	      7.1980	      2.6500	 100258.0000	     12.8590	      8.0450	      0.7160	 9.80440e-08
2021-08-08	12:00:00	      6.6960	      1.4590	  99260.9000	     10.5550	      6.5610	      0.6480	 9.80440e-08
2021-08-09	12:00:00	      2.8070	      7.6090	 100811.0000	      9.4030	      1.6130	      0.5090	 1.50463e-08
2021-08-10	12:00:00	      4.5270	      4.3680	 101845.0000	     12.1530	      6.0430	      0.6220	 1.33218e-08
2021-08-11	12:00:00	      3.6470	      3.6960	 102205.0000	     12.3690	      8.7590	      0.5730	 2.29398e-08
2021-08-12	12:00:00	      5.6220	     -2.7830	 101568.0000	     12.5130	      8.3670	      0.7910	 4.80556e-08
2021-08-13	12:00:00	      5.3360	      2.8060	 100919.0000	     12.4320	      8.4970	      0.7820	 3.82986e-08
2021-08-14	12:00:00	      5.1750	      4.6270	 101218.0000	     12.5010	      6.0870	      0.7080	 3.21759e-09
2021-08-15	12:00:00	      2.6930	      0.3430	 101616.0000	     11.3300	      6.4100	      0.8080	 4.65278e-09
2021-08-16	12:00:00	      3.1050	     -6.0530	 100945.0000	     12.3370	      9.2220	      0.6980	 1.18438e-07
2021-08-17	12:00:00	      7.3160	     -4.9080	 100018.0000	     12.2490	      9.8660	      0.6950	 1.19132e-07
2021-08-18	12:00:00	      5.9450	      3.6650	 100586.0000	     11.1390	      6.2150	      0.5820	 2.68056e-08
2021-08-19	12:00:00	      5.5630	      2.7060	 101391.0000	     12.5220	      6.2620	      0.6390	 4.38657e-09
2021-08-20	12:00:00	      0.3540	      2.2080	 101765.0000	     11.4910	      8.5690	      0.5900	 1.75231e-08
2021-08-21	12:00:00	     -6.5010	     -2.4570	 102166.0000	     11.8160	      7.8540	      0.6450	 1.75231e-08
2021-08-22	12:00:00	     -4.6660	     -1.8450	 102380.0000	     11.5950	      6.8540	      0.4940	 1.27315e-10
2021-08-23	12:00:00	     -3.8300	     -1.3620	 102584.0000	     11.5270	      6.6180	      0.5360	 3.35648e-10
2021-08-24	12:00:00	     -3.5940	     -1.8230	 102556.0000	     11.8480	      7.1470	      0.6060	 4.51389e-10
2021-08-25	12:00:00	     -2.4990	     -3.0320	 102336.0000	     11.9760	      7.4290	      0.6600	 6.31829e-08
2021-08-26	12:00:00	     -1.6920	     -5.8390	 101783.0000	     12.5780	      8.4830	      0.9000	 2.34109e-07
2021-08-27	12:00:00	     -0.4070	     -5.9840	 101044.0000	     13.3480	     11.9570	      0.8840	 3.03866e-07
2021-08-28	12:00:00	      2.2770	     -3.0420	 100264.0000	     13.8760	     12.6920	      0.7930	 3.04016e-07
2021-08-29	12:00:00	      0.5270	     -2.6160	 100126.0000	     12.7410	     11.4170	      0.7350	 3.39815e-07
2021-08-30	12:00:00	     -7.9310	     -1.5470	 100691.0000	     12.9460	     11.4650	      0.9170	 3.40613e-07
2021-08-31	12:00:00	    -10.3540	      0.3380	 101630.0000	     11.7860	      8.4120	      0.8530	 3.09606e-08
2021-09-01	12:00:00	     -5.7460	      1.4010	 102231.0000	     11.4020	      7.1510	      0.6570	 3.39120e-09
2021-09-02	12:00:00	     -4.1840	      1.5190	 102646.0000	     11.3880	      7.3310	      0.5110	 3.39120e-09
2021-09-03	12:00:00	     -5.2080	     -0.2980	 102882.0000	     11.8460	      7.1870	      0.4810	 1.43519e-09
2021-09-04	12:00:00	     -3.5410	     -1.2620	 102634.0000	     11.9080	      7.9590	      0.6090	 1.53935e-09
2021-09-05	12:00:00	     -3.4660	     -1.9820	 102149.0000	     12.2060	      7.7380	      0.6220	 3.79514e-08
2021-09-06	12:00:00	     -2.4070	     -6.7000	 100992.0000	     13.3910	      9.7860	      0.9160	 1.35567e-07
2021-09-07	12:00:00	      6.4390	     -1.6810	  99677.3000	     12.3760	      9.7720	      0.7400	 1.38889e-07
2021-09-08	12:00:00	      8.8180	      6.9390	 100298.0000	     11.3000	      5.4820	      0.6490	 4.41551e-08
2021-09-09	12:00:00	      9.1640	     -0.0460	 100867.0000	     13.6040	      9.4830	      0.6790	 7.62500e-08
2021-09-10	12:00:00	      9.2760	      0.2940	 100045.0000	     13.2310	      9.0500	      0.6210	 7.66088e-08
2021-09-11	12:00:00	      4.4940	      2.7280	 100994.0000	     12.2240	      6.5170	      0.6400	 5.62500e-09
2021-09-12	12:00:00	      3.2590	     -3.5660	 101242.0000	     12.5880	      8.0050	      0.6770	 5.75926e-08
2021-09-13	12:00:00	      5.6780	     -5.7640	 100672.0000	     14.4090	     11.1620	      0.8870	 2.08113e-07
2021-09-14	12:00:00	     -2.9830	     -0.3490	 100723.0000	     13.1110	     12.2080	      1.0000	 2.72731e-07
2021-09-15	12:00:00	     -4.1180	     -3.4510	 100036.0000	     14.6140	     13.7540	      0.8250	 2.73229e-07
2021-09-16	12:00:00	     -0.9990	      2.7260	  98985.5000	     14.3580	     11.7630	      0.7900	 1.51169e-07
2021-09-17	12:00:00	     -0.5980	      3.8600	 100684.0000	     11.3810	      7.4710	      0.6240	 1.22106e-08
2021-09-18	12:00:00	      1.6090	      1.7910	 101489.0000	     11.2660	      6.6160	      0.5070	 1.54282e-08
2021-09-19	12:00:00	      5.1710	     -1.7080	 101073.0000	     13.1200	      8.7090	      0.7200	 1.57176e-08
2021-09-20	12:00:00	      4.5030	      0.9720	 100947.0000	     12.9010	      7.7110	      0.6420	 3.68056e-09
2021-09-21	12:00:00	      1.3020	     -4.2380	 100606.0000	     13.4570	     10.4140	      0.8760	 5.47731e-07
2021-09-22	12:00:00	     -2.2510	     -8.2050	  99911.7000	     15.5250	     12.9600	      0.8330	 5.51748e-07
2021-09-23	12:00:00	      7.5010	      1.5430	  99636.0000	     13.8380	     10.9620	      0.7360	 7.11111e-08
2021-09-24	12:00:00	      4.3260	      3.9320	 100691.0000	     13.3850	      9.3370	      0.6940	 1.97106e-08
2021-09-25	12:00:00	      5.4100	     -2.0130	 100445.0000	     13.8450	     10.8820	      0.7730	 2.34606e-08
2021-09-26	12:00:00	      1.5750	      4.2060	 100554.0000	     12.0050	      7.8170	      0.7010	 5.68287e-09
2021-09-27	12:00:00	      3.4410	      3.3680	 100690.0000	     11.3330	      5.4120	      0.6940	 8.36806e-09
2021-09-28	12:00:00	      4.6990	      5.1300	 101199.0000	     11.7840	      5.5350	      0.5820	 1.35185e-08
2021-09-29	12:00:00	      7.7640	      2.6270	 101479.0000	     13.2890	      7.3590	      0.6350	 1.77778e-08
2021-09-30	12:00:00	      5.8950	      3.6610	 101517.0000	     12.9860	      7.2030	      0.7740	 1.79167e-08
2021-10-01	12:00:00	      2.4980	      1.6490	 101778.0000	     12.0090	      7.3770	      0.6700	 6.71296e-10
2021-10-02	12:00:00	     -0.1550	     -0.6380	 101518.0000	     12.4930	      9.0050	      0.5620	 1.05127e-07
2021-10-03	12:00:00	     -1.5480	     -6.0660	 100532.0000	     15.3750	     12.9210	      0.7630	 1.05231e-07
2021-10-04	12:00:00	      2.5660	     -0.9530	 100169.0000	     15.0200	     13.9550	      0.6570	 1.67824e-08
2021-10-05	12:00:00	      1.3190	     -1.5500	 100571.0000	     14.8560	     13.8150	      0.6920	 1.35799e-07
2021-10-06	12:00:00	     -3.5470	     -4.0430	 100560.0000	     15.6270	     13.7670	      0.8420	 2.92095e-07
2021-10-07	12:00:00	      1.1910	      1.5230	 100202.0000	     14.5740	     12.9750	      0.5970	 2.92326e-07
2021-10-08	12:00:00	      5.7380	      2.3770	 100745.0000	     14.6250	     11.5290	      0.4430	 1.81019e-08
2021-10-09	12:00:00	      5.3870	      5.3020	 100768.0000	     13.6800	      9.5370	      0.6390	 1.86690e-08
2021-10-10	12:00:00	      4.9630	      4.2290	 100685.0000	     13.3770	      8.4660	      0.6400	 1.08924e-07
2021-10-11	12:00:00	      6.1750	     -3.1180	  99860.9000	     14.3490	      9.8160	      0.6720	 1.08993e-07
2021-10-12	12:00:00	      9.3570	      3.1220	  99720.5000	     12.3780	      5.7230	      0.5620	 1.55208e-08
2021-10-13	12:00:00	      0.9970	      6.4670	 100207.0000	     11.6010	      5.2730	      0.4330	 2.44213e-09
2021-10-14	12:00:00	      1.7810	      4.5670	 100988.0000	     12.3990	      6.4060	      0.4150	 5.78704e-11
2021-10-15	12:00:00	      2.8480	      1.2920	 101305.0000	     12.3580	      7.3070	      0.3570	 4.97685e-10
2021-10-16	12:00:00	     -1.4350	     -5.5210	 101186.0000	     14.8270	      9.9400	      0.7010	 9.94792e-08
2021-10-17	12:00:00	      2.0130	     -6.8900	 100861.0000	     16.2120	     13.9000	      0.5890	 9.98264e-08
2021-10-18	12:00:00	      4.6000	      0.0050	 101324.0000	     15.1470	     12.9540	      0.4280	 1.92130e-09
2021-10-19	12:00:00	      1.4590	      2.4900	 101684.0000	     14.2380	     10.6610	      0.4270	 7.11806e-09
2021-10-20	12:00:00	     -6.2120	     -2.2750	 101874.0000	     15.1390	     10.8670	      0.8570	 5.91204e-08
2021-10-21	12:00:00	     -9.3560	     -2.0490	 102002.0000	     14.5050	     11.8540	      1.0000	 5.97685e-08
2021-10-22	12:00:00	    -10.1460	     -3.7690	 101937.0000	     14.0690	     10.3860	      1.0000	 1.84641e-07
2021-10-23	12:00:00	     -8.6020	     -5.6570	 101156.0000	     14.2580	     12.3600	      1.0000	 1.91794e-07
2021-10-24	12:00:00	     -4.5180	     -4.0930	 100769.0000	     15.4830	     14.3180	      0.9160	 6.06713e-08
2021-10-25	12:00:00	     -1.3050	     -0.9660	 101099.0000	     16.4750	     15.0300	      0.7500	 1.12269e-08
2021-10-26	12:00:00	      0.5990	     -1.3400	 101384.0000	     16.8710	     14.7770	      0.6550	 2.71991e-08
2021-10-27	12:00:00	      0.1010	     -1.7920	 101097.0000	     17.0080	     14.9860	      0.8650	 5.21065e-08
2021-10-28	12:00:00	      1.4150	     -0.6790	 100528.0000	     16.0590	     14.4550	      0.7290	 5.28356e-08
2021-10-29	12:00:00	      6.0160	     -0.2390	 100577.0000	     15.5570	     12.4410	      0.6830	 1.29769e-07
2021-10-30	12:00:00	      6.2000	     -3.6020	 100235.0000	     16.9820	     15.3710	      0.8190	 1.29769e-07
2021-10-31	12:00:00	      4.8710	      3.0320	 100547.0000	     14.4090	     10.3040	      0.6440	 8.50694e-09
2021-11-01	12:00:00	      0.8220	      5.9930	 101002.0000	     14.2590	      8.1940	      0.5360	 2.18750e-09
2021-11-02	12:00:00	     -1.3420	      6.4000	 100744.0000	     15.2120	     10.6510	      0.8530	 1.53241e-08
2021-11-03	12:00:00	     -2.5780	      7.3500	 101101.0000	     13.0280	      7.6550	      0.8360	 1.01493e-07
2021-11-04	12:00:00	     -3.8540	      4.1050	 101063.0000	     16.2420	     12.1650	      0.8130	 1.11296e-07
2021-11-05	12:00:00	     -3.3740	      2.7340	 100782.0000	     16.0320	     14.0210	      0.7020	 7.76157e-08
2021-11-06	12:00:00	     -0.3770	      1.0150	 100749.0000	     16.1770	     14.3460	      0.5670	 4.60185e-08
2021-11-07	12:00:00	      1.9420	      0.9090	 100864.0000	     16.1290	     14.5840	      0.5580	 1.56250e-08
2021-11-08	12:00:00	      1.7530	      2.3400	 101082.0000	     15.9320	     13.6100	      0.3980	 6.48148e-10
2021-11-09	12:00:00	      0.3890	      1.8430	 100989.0000	     16.6810	     14.1590	      0.3870	 1.97917e-09
2021-11-10	12:00:00	      1.8310	     -0.1080	 100838.0000	     17.4490	     14.3370	      0.4420	 1.97917e-09
2021-11-11	12:00:00	      2.2000	     -1.4660	 100665.0000	     17.7270	     14.4850	      0.5360	 2.62164e-07
2021-11-12	12:00:00	      4.3190	     -5.0190	  99965.7000	     19.0950	     16.4600	      0.9840	 2.75984e-07
2021-11-13	12:00:00	      5.9160	     -5.1930	  99513.3000	     19.0370	     18.3280	      0.7320	 9.63657e-08
2021-11-14	12:00:00	      7.9910	     -3.4020	  99711.0000	     18.1030	     15.8770	      0.6110	 1.57639e-08
2021-11-15	12:00:00	      6.6440	     -3.7700	 100247.0000	     17.6960	     14.9380	      0.4590	 2.85648e-08
2021-11-16	12:00:00	      6.6730	     -2.6470	 100631.0000	     17.2820	     14.2210	      0.6030	 2.97569e-08
2021-11-17	12:00:00	      5.1690	      1.6700	 101029.0000	     16.1190	     11.2430	      0.6180	 1.95602e-09
2021-11-18	12:00:00	      1.5400	      3.7220	 101387.0000	     15.1420	      9.9880	      0.4670	 0.00000e+00
2021-11-19	12:00:00	     -0.8220	      2.2230	 101408.0000	     15.8920	     11.0830	      0.3130	 4.08565e-09
2021-11-20	12:00:00	     -1.9100	     -3.2520	 101232.0000	     18.1480	     14.1490	      0.5460	 4.91898e-09
2021-11-21	12:00:00	     -0.1470	     -3.4020	 101012.0000	     19.0470	     16.2390	      0.6220	 6.99074e-09
2021-11-22	12:00:00	      1.2350	      4.6540	 100846.0000	     17.7850	     14.6130	      0.6010	 1.03808e-07
2021-11-23	12:00:00	     -1.6360	     -1.2660	 101037.0000	     17.6090	     14.4620	      0.8990	 1.05463e-07
2021-11-24	12:00:00	     -0.3110	     -2.6750	 101403.0000	     16.9640	     14.0980	      0.6800	 3.22801e-08
2021-11-25	12:00:00	      0.4720	     -0.0920	 101496.0000	     17.0810	     13.7400	      0.5440	 3.23032e-08
2021-11-26	12:00:00	      0.4910	      1.1920	 101517.0000	     18.6430	     13.6460	      0.5210	 2.80093e-09
2021-11-27	12:00:00	      1.2660	      1.7570	 101577.0000	     19.0140	     14.8770	      0.6470	 2.96296e-09
2021-11-28	12:00:00	      1.6970	      1.5570	 101472.0000	     18.7880	     14.4710	      0.6100	 3.99306e-09
2021-11-29	12:00:00	      2.7280	      1.1000	 101288.0000	     18.3790	     15.1890	      0.4710	 1.77199e-08
2021-11-30	12:00:00	      2.3330	      0.8050	 101194.0000	     18.6110	     15.8220	      0.6860	 2.07523e-08
2021-12-01	12:00:00	     -0.8190	     -0.6990	 101384.0000	     19.4740	     16.4630	      0.7640	 8.96991e-09
2021-12-02	12:00:00	     -4.4130	     -2.6580	 101530.0000	     19.1620	     14.9630	      0.6740	 9.12037e-09
2021-12-03	12:00:00	     -4.9000	     -3.6440	 101358.0000	     19.6040	     15.8370	      0.8240	 1.28356e-08
2021-12-04	12:00:00	     -3.8330	     -4.8320	 101221.0000	     19.4570	     16.3570	      0.7530	 1.28356e-08
2021-12-05	12:00:00	     -2.0320	     -5.8650	 101191.0000	     20.6720	     16.6620	      0.6670	 2.19792e-08
2021-12-06	12:00:00	     -0.9950	     -4.3740	 101315.0000	     20.7470	     17.7010	      0.7560	 2.19792e-08
2021-12-07	12:00:00	     -0.9270	     -3.0050	 101386.0000	     20.0690	     16.7690	      0.6760	 4.35185e-09
2021-12-08	12:00:00	      0.8920	      0.3260	 101172.0000	     20.3380	     17.0380	      0.5500	 1.28356e-08
2021-12-09	12:00:00	     -0.2000	      1.9800	 100914.0000	     21.1000	     17.3070	      0.6190	 1.41782e-08
2021-12-10	12:00:00	      0.8280	     -1.8710	 100829.0000	     21.0960	     17.2280	      0.5360	 1.07095e-07
2021-12-11	12:00:00	      1.4740	     -2.7130	 100733.0000	     21.3340	     18.1320	      0.8720	 1.39444e-07
2021-12-12	12:00:00	      1.8380	     -2.5970	 100757.0000	     20.4090	     19.0870	      1.0000	 2.25648e-07
2021-12-13	12:00:00	     -2.3510	     -5.6420	 100275.0000	     20.3480	     18.9550	      0.9550	 2.26285e-07
2021-12-14	12:00:00	     -2.4150	     -6.3970	  99105.1000	     20.6170	     18.7340	      0.6280	 1.64699e-07
2021-12-15	12:00:00	      4.9310	     -3.7040	  98768.3000	     19.9040	     16.5840	      0.5210	 2.58333e-08
2021-12-16	12:00:00	      8.1730	      1.1310	  99291.3000	     19.1050	     15.3120	      0.6360	 2.30903e-08
2021-12-17	12:00:00	      6.7610	      4.9340	 100172.0000	     17.8750	     11.3050	      0.6690	 4.90741e-09
2021-12-18	12:00:00	      4.4670	      4.4150	 101154.0000	     17.6140	     10.9000	      0.5720	 1.20370e-09
2021-12-19	12:00:00	      2.8260	      1.1970	 101469.0000	     17.2810	     12.2580	      0.4010	 2.66204e-10
2021-12-20	12:00:00	      4.7600	     -0.6910	 101027.0000	     19.0680	     13.2700	      0.4670	 2.07176e-09
2021-12-21	12:00:00	      3.9490	      0.7740	 100633.0000	     19.6400	     14.9860	      0.4780	 2.07176e-09
2021-12-22	12:00:00	      1.7390	      5.3010	 100378.0000	     19.3420	     15.2960	      0.5510	 7.87037e-10
2021-12-23	12:00:00	      2.9480	      6.0070	 100458.0000	     20.0120	     16.7740	      0.3480	 7.87037e-10
2021-12-24	12:00:00	      3.0460	      5.5420	 100790.0000	     18.9520	     13.9750	      0.1940	 0.00000e+00
2021-12-25	12:00:00	      0.4050	     -0.8240	 101007.0000	     20.4950	     16.6290	      0.3400	 1.73611e-10
2021-12-26	12:00:00	     -0.2590	     -1.9130	 100797.0000	     21.5210	     17.5900	      0.4720	 2.22685e-08
2021-12-27	12:00:00	     -0.8230	     -3.0500	 100260.0000	     21.5090	     17.8810	      0.5800	 2.25347e-08
2021-12-28	12:00:00	      3.6900	      3.0510	  99638.3000	     20.0690	     15.6100	      0.6520	 2.00810e-08
2021-12-29	12:00:00	      4.2090	      7.1950	  99878.2000	     18.3470	     10.7090	      0.6000	 2.80093e-09
2021-12-30	12:00:00	      4.0060	      6.5090	 100373.0000	     18.5720	     12.0000	      0.6660	 2.83565e-09
2021-12-31	12:00:00	      2.9890	      6.4540	 100875.0000	     18.8830	     12.5870	      0.4760	 4.62963e-11
2022-01-01	12:00:00	     -1.2990	      2.9500	 101066.0000	     19.9360	     15.8150	      0.2100	 6.94444e-11
2022-01-02	12:00:00	     -5.4380	     -1.3750	 101200.0000	     20.5360	     15.3300	      0.4180	 6.94444e-11
2022-01-03	12:00:00	      0.3010	      2.7660	 100624.0000	     21.3000	     16.5610	      0.4220	 3.47222e-11
2022-01-04	12:00:00	      0.8380	      3.4960	 100306.0000	     21.4240	     17.3610	      0.2970	 1.15741e-11
2022-01-05	12:00:00	      4.0760	      4.9080	 100245.0000	     20.5780	     15.9920	      0.4370	 2.72338e-08
2022-01-06	12:00:00	     -0.8160	      1.9720	 100519.0000	     20.8730	     16.8420	      0.6920	 2.82755e-08
2022-01-07	12:00:00	     -1.1920	     -2.1930	 101165.0000	     19.9330	     15.4760	      0.6890	 1.39120e-08
2022-01-08	12:00:00	      2.3610	      1.2460	 101368.0000	     20.7910	     17.1020	      0.5610	 6.04167e-09
2022-01-09	12:00:00	      3.3260	      1.3170	 101394.0000	     20.9020	     17.4600	      0.5900	 1.85185e-10
2022-01-10	12:00:00	      2.8470	      2.1780	 101365.0000	     20.8470	     17.2370	      0.5300	 9.57176e-09
2022-01-11	12:00:00	      3.3240	      2.1720	 101142.0000	     20.8840	     16.8740	      0.4620	 9.60648e-09
2022-01-12	12:00:00	      2.2340	      4.8410	 100862.0000	     19.7600	     13.2970	      0.4050	 2.39583e-09
2022-01-13	12:00:00	     -7.6490	     -1.2500	 100927.0000	     20.2570	     13.8300	      0.5480	 2.39583e-09
2022-01-14	12:00:00	     -6.3010	      0.1950	 100980.0000	     19.8160	     11.7890	      0.4370	 3.70370e-10
2022-01-15	12:00:00	     -5.7660	      1.3630	 100900.0000	     20.0010	     12.3090	      0.5180	 3.70370e-10
2022-01-16	12:00:00	     -0.4120	      4.2610	 100514.0000	     20.7770	     13.3500	      0.2960	 3.47222e-11
2022-01-17	12:00:00	      4.5120	      5.3100	 100408.0000	     20.5590	     15.5970	      0.2000	 1.56250e-09
2022-01-18	12:00:00	      3.6070	      2.6070	 100584.0000	     20.7210	     15.7560	      0.3950	 4.60648e-09
2022-01-19	12:00:00	      4.7120	      0.5840	 100459.0000	     20.7780	     16.5010	      0.6880	 4.98843e-09
2022-01-20	12:00:00	      2.7570	      5.4880	 100643.0000	     19.0230	     11.4040	      0.6120	 2.30324e-09
2022-01-21	12:00:00	      0.5220	      3.2550	 101066.0000	     19.2820	     12.5040	      0.4570	 6.94444e-11
2022-01-22	12:00:00	     -1.9050	     -2.1310	 101021.0000	     20.4490	     13.9280	      0.4050	 3.98032e-08
2022-01-23	12:00:00	     -2.1370	     -1.6510	 100613.0000	     20.7270	     14.6560	      0.9260	 9.76505e-08
2022-01-24	12:00:00	     -5.4210	     -4.0750	 100345.0000	     20.0680	     16.4660	      0.8710	 1.06910e-07
2022-01-25	12:00:00	     -1.3280	     -3.7460	  99832.1000	     21.3370	     18.8700	      0.7310	 3.87153e-08
2022-01-26	12:00:00	      3.0150	      3.5560	  99953.9000	     20.7840	     17.4160	      0.4890	 3.87153e-08
2022-01-27	12:00:00	     -2.6660	      3.2180	 101118.0000	     19.8200	     12.6280	      0.3380	 6.71296e-10
2022-01-28	12:00:00	     -3.8370	     -1.9110	 101956.0000	     19.7900	     12.7890	      0.4510	 1.04167e-10
2022-01-29	12:00:00	     -2.3060	     -1.4000	 101838.0000	     19.7270	     13.8160	      0.5710	 1.04167e-10
2022-01-30	12:00:00	     -2.1070	      1.1400	 101368.0000	     20.7310	     15.1200	      0.3810	 6.94444e-10
2022-01-31	12:00:00	     -7.2880	     -4.0530	 101170.0000	     21.4530	     15.6040	      0.6250	 7.17593e-10
2022-02-01	12:00:00	     -6.2940	     -5.8780	 101057.0000	     21.5490	     16.5130	      0.6010	 3.24074e-10
2022-02-02	12:00:00	     -3.5510	     -6.2440	 100845.0000	     22.0160	     17.1160	      0.5750	 5.20833e-10
2022-02-03	12:00:00	     -3.4180	     -5.6730	 100477.0000	     21.8870	     16.8210	      0.5560	 1.20370e-09
2022-02-04	12:00:00	     -2.5540	     -6.7930	  99995.2000	     22.7240	     18.3000	      0.5960	 7.81019e-08
2022-02-05	12:00:00	     -3.5730	     -6.6100	  99941.2000	     22.7520	     19.7700	      0.9260	 6.72211e-07
2022-02-06	12:00:00	     -3.8880	     -0.7230	 100127.0000	     22.2330	     20.8640	      0.9590	 6.77419e-07
2022-02-07	12:00:00	     -5.0910	     -0.7670	 100371.0000	     22.0940	     20.8900	      0.8720	 1.08426e-07
2022-02-08	12:00:00	     -6.6810	     -2.2850	 100664.0000	     22.8270	     21.1750	      0.7900	 4.53704e-09
2022-02-09	12:00:00	     -4.5480	     -4.3620	 100675.0000	     22.8370	     21.0200	      0.6750	 1.59259e-08
2022-02-10	12:00:00	     -3.1900	     -4.0610	 100450.0000	     22.9950	     20.5070	      0.7100	 3.46991e-08
2022-02-11	12:00:00	     -0.3750	     -6.1150	  99925.8000	     24.4460	     22.4550	      0.8690	 3.56597e-08
2022-02-12	12:00:00	      2.0050	     -9.9220	  98807.0000	     23.8040	     20.4940	      0.7570	 1.33218e-08
2022-02-13	12:00:00	      3.8040	      4.6360	 100608.0000	     18.0380	     13.1830	      0.5800	 7.93981e-09
2022-02-14	12:00:00	     -1.7530	      4.2540	 101609.0000	     18.4180	     12.0490	      0.3990	 1.60880e-09
2022-02-15	12:00:00	      1.7410	      3.6420	 101506.0000	     18.4590	     13.2470	      0.4840	 3.47222e-11
2022-02-16	12:00:00	      2.4740	      3.0550	 101199.0000	     18.4070	     12.7630	      0.6300	 4.05093e-09
2022-02-17	12:00:00	      0.9710	     -0.2260	 101210.0000	     19.5520	     14.4530	      0.7150	 5.33565e-09
2022-02-18	12:00:00	     -2.3740	     -3.0030	 101128.0000	     20.3750	     14.9680	      0.7440	 8.02083e-09
2022-02-19	12:00:00	      0.0800	     -2.0780	 100837.0000	     20.7800	     16.4510	      0.6470	 8.86574e-09
2022-02-20	12:00:00	     -0.2160	      1.8170	 101029.0000	     20.4100	     17.0260	      0.5520	 9.30556e-09
2022-02-21	12:00:00	     -3.1820	     -1.9750	 101342.0000	     21.4030	     17.1810	      0.4760	 5.97222e-09
2022-02-22	12:00:00	     -1.9180	      1.3840	 101499.0000	     21.2670	     17.0090	      0.4000	 1.00694e-08
2022-02-23	12:00:00	     -2.8520	      2.4050	 101563.0000	     21.3650	     16.2300	      0.4600	 1.04282e-08
2022-02-24	12:00:00	     -2.7240	      1.3510	 101289.0000	     20.5210	     14.2650	      0.4870	 1.04282e-08
2022-02-25	12:00:00	     -0.5280	      2.3460	 100933.0000	     20.4800	     14.3570	      0.4620	 3.77315e-09
2022-02-26	12:00:00	     -0.1730	      2.9400	 101051.0000	     19.9180	     14.8960	      0.5460	 5.45139e-09
2022-02-27	12:00:00	     -3.9190	     -1.2850	 101606.0000	     19.7840	     13.8670	      0.6570	 5.45139e-09
2022-02-28	12:00:00	     -0.2640	     -1.4300	 101571.0000	     19.8400	     13.4100	      0.6330	 1.41088e-08
2022-03-01	12:00:00	     -0.2160	      0.5360	 101263.0000	     20.3740	     15.0940	      0.6280	 1.56481e-08
2022-03-02	12:00:00	     -6.8580	     -0.3310	 101642.0000	     19.0010	     13.1350	      0.5900	 6.64352e-09
2022-03-03	12:00:00	     -6.8670	     -0.9080	 101774.0000	     19.1180	     11.6710	      0.6830	 1.08796e-09
2022-03-04	12:00:00	     -5.6310	     -0.9030	 101638.0000	     19.6710	     12.6630	      0.7130	 8.10185e-11
2022-03-05	12:00:00	     -5.7510	     -1.7410	 101512.0000	     19.9060	     12.8290	      0.7670	 4.39815e-10
2022-03-06	12:00:00	     -4.4480	     -1.2120	 101270.0000	     19.8610	     14.2700	      0.6530	 2.38426e-09
2022-03-07	12:00:00	     -4.1320	     -0.8560	 101325.0000	     20.5250	     15.8120	      0.6310	 2.56944e-09
2022-03-08	12:00:00	     -5.1840	     -1.6830	 101498.0000	     20.5350	     15.3580	      0.5930	 4.05093e-10
2022-03-09	12:00:00	     -4.8320	     -1.1910	 101379.0000	     20.2580	     14.0170	      0.6170	 4.28241e-10
2022-03-10	12:00:00	     -5.3520	     -2.6830	 100975.0000	     20.0340	     13.5780	      0.6990	 4.28241e-10
2022-03-11	12:00:00	     -2.0500	     -2.9840	 100813.0000	     19.2940	     13.7650	      0.7140	 1.28009e-08
2022-03-12	12:00:00	      0.8510	      2.4580	 100969.0000	     20.4320	     16.9540	      0.6990	 1.28009e-08
2022-03-13	12:00:00	     -3.1310	      0.9700	 101279.0000	     20.1640	     13.6420	      0.5640	 1.21528e-09
2022-03-14	12:00:00	      0.8570	      3.1780	 101081.0000	     19.8870	     14.6100	      0.3840	 1.11574e-08
2022-03-15	12:00:00	     -2.1700	      1.5370	 101155.0000	     20.2020	     14.4370	      0.5130	 1.11574e-08
2022-03-16	12:00:00	     -2.5010	      0.7300	 101239.0000	     19.6440	     12.3830	      0.4060	 3.37963e-09
2022-03-17	12:00:00	     -2.1730	     -0.0720	 100804.0000	     19.3860	     12.4320	      0.6560	 1.16551e-07
2022-03-18	12:00:00	     -0.5490	     -1.5620	 100333.0000	     17.5170	     14.9060	      0.8600	 1.17141e-07
2022-03-19	12:00:00	     -5.4260	     -4.9160	 100381.0000	     19.2510	     15.0010	      0.7920	 3.95926e-07
2022-03-20	12:00:00	     -7.3160	     -5.3550	 100066.0000	     19.1620	     16.9060	      0.6620	 3.96551e-07
2022-03-21	12:00:00	     -0.5080	     -3.0680	  99876.9000	     20.2010	     17.7790	      0.5290	 8.79282e-08
2022-03-22	12:00:00	     -1.8720	     -4.0300	  99853.9000	     19.9930	     18.3120	      0.8150	 9.26389e-08
2022-03-23	12:00:00	      4.1810	      2.4360	  99455.8000	     19.2990	     16.9190	      0.7210	 3.67940e-08
2022-03-24	12:00:00	      7.1800	      9.4450	  99439.9000	     19.5790	     16.3460	      0.5900	 1.87153e-08
2022-03-25	12:00:00	      3.2800	      9.0320	  99989.8000	     18.1630	     14.2550	      0.4630	 3.47222e-11
2022-03-26	12:00:00	      0.1170	      5.8650	 100627.0000	     17.7610	     12.6670	      0.4720	 2.31481e-11
2022-03-27	12:00:00	     -2.0920	      3.1780	 100977.0000	     17.3220	     11.7770	      0.5150	 2.31481e-11
2022-03-28	12:00:00	      0.5620	      3.4420	 100762.0000	     18.4270	     13.9240	      0.2950	 2.43056e-10
2022-03-29	12:00:00	     -0.8630	      2.6800	 100682.0000	     19.4270	     16.5040	      0.3540	 2.43056e-10
2022-03-30	12:00:00	     -0.7080	      1.9300	 100813.0000	     20.1820	     16.9640	      0.3470	 1.25000e-09
2022-03-31	12:00:00	      1.6490	      2.9080	 100743.0000	     19.5940	     17.1190	      0.4910	 1.27315e-09
2022-04-01	12:00:00	     -0.2870	      0.9900	 100992.0000	     18.9200	     16.4020	      0.6330	 4.51389e-10
2022-04-02	12:00:00	      0.6130	      1.1060	 101134.0000	     19.2910	     16.8030	      0.5640	 5.32407e-10
2022-04-03	12:00:00	      0.7450	      1.7660	 101289.0000	     19.2050	     16.6190	      0.5890	 3.43750e-09
2022-04-04	12:00:00	      0.0780	     -1.5290	 101185.0000	     19.9660	     16.4530	      0.7130	 5.97222e-08
2022-04-05	12:00:00	      1.2500	     -4.8780	 100585.0000	     20.2560	     17.0750	      0.7210	 6.15162e-08
2022-04-06	12:00:00	      5.3010	      2.9900	 100359.0000	     19.0270	     14.5510	      0.5830	 1.54282e-08
2022-04-07	12:00:00	     -2.5070	      1.2000	 101283.0000	     17.4090	     11.0760	      0.4690	 1.60880e-09
2022-04-08	12:00:00	      1.0570	      3.6110	 101518.0000	     17.6150	     10.7190	      0.5750	 1.60880e-09
2022-04-09	12:00:00	     -3.3830	     -0.7100	 101871.0000	     17.4680	     12.0800	      0.4060	 9.37500e-10
2022-04-10	12:00:00	     -1.1980	      0.3580	 101815.0000	     17.8810	     13.4460	      0.5260	 3.99306e-09
2022-04-11	12:00:00	     -3.5490	     -2.6790	 101010.0000	     18.6410	     13.1720	      0.7560	 5.52431e-08
2022-04-12	12:00:00	     -2.3300	      3.9770	  99784.1000	     18.0330	     15.0640	      0.7600	 5.54398e-08
2022-04-13	12:00:00	      0.9580	      8.1100	 100239.0000	     16.4540	     11.7700	      0.5300	 9.25926e-11
2022-04-14	12:00:00	      0.5200	      5.1430	 101115.0000	     16.0170	      9.4610	      0.2940	 9.25926e-11
2022-04-15	12:00:00	     -0.7820	      1.8250	 101267.0000	     16.2440	     10.3870	      0.4150	 5.09259e-10
2022-04-16	12:00:00	     -2.6280	      2.2140	 101134.0000	     17.3850	     12.1230	      0.5820	 1.66285e-07
2022-04-17	12:00:00	     -9.6710	      0.0840	 101289.0000	     18.1250	     14.1790	      0.9070	 1.71157e-07
2022-04-18	12:00:00	     -8.5690	     -2.9170	 101260.0000	     18.6340	     16.6820	      0.9080	 7.71875e-08
2022-04-19	12:00:00	     -6.2790	     -3.3580	 101381.0000	     19.3670	     17.6350	      0.7530	 1.23727e-08
2022-04-20	12:00:00	     -5.2140	     -4.3770	 101280.0000	     19.5080	     17.3260	      0.6170	 8.48380e-08
2022-04-21	12:00:00	     -2.2550	     -2.1050	 100625.0000	     19.1600	     17.3160	      0.7410	 8.86343e-08
2022-04-22	12:00:00	      2.6480	      8.6160	 100645.0000	     16.4920	     10.3050	      0.6170	 8.70370e-09
2022-04-23	12:00:00	      4.1510	      5.1830	 101057.0000	     16.1610	      9.9570	      0.5190	 4.34954e-08
2022-04-24	12:00:00	      5.9990	      4.5230	 100605.0000	     16.0770	     12.3780	      0.7720	 4.41204e-08
2022-04-25	12:00:00	      1.0090	      3.2920	 100669.0000	     15.6580	     11.4780	      0.6340	 3.10185e-09
2022-04-26	12:00:00	      2.1130	      3.1670	 101119.0000	     16.7520	     11.7250	      0.6070	 4.93056e-09
2022-04-27	12:00:00	     -2.5550	      1.3900	 101880.0000	     15.9570	     11.7170	      0.7340	 5.50926e-09
2022-04-28	12:00:00	     -4.3140	     -0.2650	 102439.0000	     16.0560	     11.9870	      0.6160	 6.22685e-09
2022-04-29	12:00:00	     -5.1150	      0.4490	 102511.0000	     15.4690	     11.3940	      0.6110	 4.79167e-09
2022-04-30	12:00:00	     -5.0340	     -1.2880	 102146.0000	     15.8840	     12.4750	      0.6150	 4.96528e-09
2022-05-01	12:00:00	     -3.1630	     -1.8140	 101854.0000	     16.2470	     13.1680	      0.5680	 2.55787e-09
2022-05-02	12:00:00	     -2.9300	     -0.3230	 101945.0000	     15.8480	     12.7430	      0.4730	 1.50463e-10
2022-05-03	12:00:00	     -2.9140	      0.6730	 101979.0000	     16.2840	     12.9780	      0.5930	 6.13426e-09
2022-05-04	12:00:00	     -5.3060	      0.1260	 101968.0000	     16.4700	     13.4820	      0.6470	 6.48148e-09
2022-05-05	12:00:00	     -3.9720	      0.5110	 102037.0000	     16.1390	     12.9160	      0.4480	 7.17593e-10
2022-05-06	12:00:00	     -1.3120	      2.0810	 102070.0000	     15.8100	     12.3430	      0.3430	 0.00000e+00
2022-05-07	12:00:00	     -1.3690	     -0.9910	 102014.0000	     15.5780	     12.2900	      0.4080	 2.55787e-09
2022-05-08	12:00:00	      1.8590	     -2.0470	 101557.0000	     16.1040	     12.8810	      0.6140	 5.36111e-08
2022-05-09	12:00:00	      5.0100	      0.0750	 100966.0000	     16.6800	     13.9370	      0.6780	 5.38773e-08
2022-05-10	12:00:00	     -1.8340	      4.9210	 101492.0000	     14.3420	      9.2950	      0.5030	 1.49306e-09
2022-05-11	12:00:00	     -2.1730	      3.1500	 102067.0000	     12.3090	      6.1150	      0.3210	 1.15741e-11
2022-05-12	12:00:00	     -1.0570	      1.7030	 102163.0000	     12.4060	      8.0100	      0.3150	 5.43981e-10
2022-05-13	12:00:00	      2.0680	      0.2690	 101939.0000	     14.5150	     10.2980	      0.6630	 5.15046e-09
2022-05-14	12:00:00	      6.9790	      1.6630	 101055.0000	     17.0040	     11.4890	      0.8600	 5.57870e-09
2022-05-15	12:00:00	      8.4300	      0.2060	 100575.0000	     18.0530	     15.3190	      0.7620	 9.62963e-09
2022-05-16	12:00:00	      6.0630	     -0.7070	 100813.0000	     18.2240	     16.7060	      0.7910	 5.32292e-08
2022-05-17	12:00:00	      5.2030	     -3.4150	 100769.0000	     18.5360	     16.6550	      0.7560	 7.75579e-08
2022-05-18	12:00:00	      1.9990	     -1.3820	 100756.0000	     17.9930	     16.5250	      0.9270	 1.52674e-07
2022-05-19	12:00:00	      6.8910	     -1.8780	 100470.0000	     16.4480	     13.9110	      0.8170	 1.53449e-07
2022-05-20	12:00:00	     10.9900	      4.5770	 100584.0000	     14.5340	      6.7210	      0.7180	 1.36343e-08
2022-05-21	12:00:00	      8.5480	      4.7990	 100708.0000	     15.6710	      9.2510	      0.7170	 1.61111e-08
2022-05-22	12:00:00	      6.6150	      3.4440	 100760.0000	     15.2230	     10.1760	      0.6880	 1.61111e-08
2022-05-23	12:00:00	      1.1570	      2.7210	 101265.0000	     13.8990	      8.3300	      0.6960	 7.10648e-09
2022-05-24	12:00:00	      3.7520	      5.1580	 101192.0000	     15.1290	      9.7200	      0.7170	 1.10764e-08
2022-05-25	12:00:00	      2.9490	      4.6370	 101290.0000	     14.6140	     10.2070	      0.6660	 1.20833e-08
2022-05-26	12:00:00	     -2.7590	      1.2490	 101639.0000	     12.9530	     10.0660	      0.6690	 6.27315e-09
2022-05-27	12:00:00	     -4.0580	      0.0860	 101925.0000	     13.1690	      9.8830	      0.6940	 2.66204e-09
2022-05-28	12:00:00	     -5.8680	     -2.0880	 101603.0000	     14.7870	     10.6210	      0.6400	 4.57488e-07
2022-05-29	12:00:00	     -6.9740	     -5.7760	 100411.0000	     16.4160	     14.0760	      0.7960	 4.58183e-07
2022-05-30	12:00:00	      2.6130	     -4.5710	  99978.6000	     16.3040	     14.7780	      0.6290	 1.36111e-07
2022-05-31	12:00:00	      1.2070	     -7.0450	  99641.6000	     17.1760	     14.8260	      0.6890	 1.36424e-07
2022-06-01	12:00:00	      4.5240	     -5.8090	  99522.7000	     16.2490	     13.7420	      0.8170	 1.46250e-07
2022-06-02	12:00:00	      8.2890	     -3.1770	  99170.7000	     14.0040	     12.2120	      0.7340	 1.47396e-07
2022-06-03	12:00:00	      4.2620	      2.8460	 100098.0000	     13.8930	     11.1410	      0.6230	 6.48032e-08
2022-06-04	12:00:00	     -3.7560	     -2.6000	 101050.0000	     14.0040	     11.6330	      0.7740	 8.33796e-08
2022-06-05	12:00:00	     -2.8820	     -3.7070	 100886.0000	     14.5810	     12.7590	      0.8190	 8.45718e-08
2022-06-06	12:00:00	     -1.0810	     -2.4350	 100783.0000	     14.1000	     12.9320	      0.6880	 6.33796e-08
2022-06-07	12:00:00	      1.3580	     -3.0100	 100249.0000	     15.5640	     13.3870	      0.7750	 6.34838e-08
2022-06-08	12:00:00	      2.9790	     -4.5960	  99861.4000	     15.1510	     12.0620	      0.8060	 4.01505e-08
2022-06-09	12:00:00	      7.7040	     -3.7870	  99529.1000	     14.4430	     10.1100	      0.7750	 1.71007e-07
2022-06-10	12:00:00	      7.8030	     -5.3830	  99607.1000	     14.1410	     12.1650	      0.6530	 1.88669e-07
2022-06-11	12:00:00	      5.6600	     -4.6030	  99538.6000	     13.6470	     11.9960	      0.7720	 1.52755e-07
2022-06-12	12:00:00	      9.8810	     -6.5050	  98930.5000	     14.2450	     10.6580	      0.6470	 1.30926e-07
2022-06-13	12:00:00	     11.9670	      0.9480	  99707.3000	     13.3750	      7.4830	      0.6270	 8.85648e-08
2022-06-14	12:00:00	      9.4160	      2.1590	 100732.0000	     14.6160	      7.9680	      0.6240	 1.07407e-08
2022-06-15	12:00:00	      6.6440	      2.8950	 101151.0000	     14.1270	      9.3240	      0.6340	 8.68056e-09
2022-06-16	12:00:00	      4.8530	     -1.2200	 101442.0000	     14.3790	      9.6920	      0.7070	 2.05093e-08
2022-06-17	12:00:00	     -0.8000	     -2.0270	 101540.0000	     13.3560	     11.1320	      0.9050	 1.58021e-07
2022-06-18	12:00:00	     -1.7540	     -1.5590	 100576.0000	     14.0710	     13.3290	      0.8360	 1.58044e-07
2022-06-19	12:00:00	     -5.1930	      3.2680	 100489.0000	     12.5800	      8.7790	      0.7600	 8.27546e-09
2022-06-20	12:00:00	     -6.3250	      5.1520	 100974.0000	     10.2640	      4.6010	      0.7650	 1.38889e-10
2022-06-21	12:00:00	     -3.6190	      3.1980	 101441.0000	      9.7730	      5.1080	      0.5930	 3.47222e-11
2022-06-22	12:00:00	     -2.9090	      1.4030	 101778.0000	     10.3310	      6.9050	      0.4550	 7.87037e-10
2022-06-23	12:00:00	     -4.0860	     -2.6030	 101823.0000	     12.3750	      8.8420	      0.7510	 1.02465e-07
2022-06-24	12:00:00	     -1.9930	     -4.5770	 101220.0000	     13.4310	     11.4350	      0.7910	 1.03380e-07
2022-06-25	12:00:00	      3.4720	     -0.0450	 101173.0000	     13.7190	     12.0550	      0.6980	 2.40972e-08
2022-06-26	12:00:00	      2.7880	      3.0180	 101474.0000	     13.3800	      9.9750	      0.6990	 8.68056e-09
2022-06-27	12:00:00	      0.8300	     -0.6360	 101330.0000	     11.6350	      8.2990	      0.7180	 1.30440e-08
2022-06-28	12:00:00	     -2.8400	     -1.8500	 100799.0000	     13.1200	     11.1920	      0.8470	 6.91551e-08
2022-06-29	12:00:00	      0.5700	      6.9430	 100135.0000	     13.0700	      9.1780	      0.7750	 6.91898e-08
2022-06-30	12:00:00	      6.3840	      5.5940	 100657.0000	     14.3560	      9.2940	      0.7180	 1.44676e-08
2022-07-01	12:00:00	      2.4420	      4.2550	 101222.0000	     12.6170	      7.3560	      0.6750	 1.44907e-08
2022-07-02	12:00:00	      1.9110	      2.2810	 101642.0000	     11.8390	      7.8710	      0.7280	 3.61111e-09
2022-07-03	12:00:00	      3.0240	      3.8090	 101799.0000	     13.0510	      7.4140	      0.6970	 2.26852e-09
2022-07-04	12:00:00	     -1.3350	     -0.9840	 101840.0000	     12.3470	      9.2240	      0.9260	 2.95278e-07
2022-07-05	12:00:00	      2.8220	     -1.6990	 101054.0000	     14.5120	     12.6060	      1.0000	 2.95278e-07
2022-07-06	12:00:00	     -3.6700	     -0.6770	 101537.0000	     13.8700	     11.5230	      1.0000	 3.65058e-07
2022-07-07	12:00:00	     -5.5610	     -7.0070	 100686.0000	     14.8210	     13.1470	      0.9980	 3.82662e-07
2022-07-08	12:00:00	      6.6350	     -4.9510	  99753.6000	     15.6620	     13.8450	      0.7180	 8.09259e-08
2022-07-09	12:00:00	      4.7420	     -3.6770	 100484.0000	     14.5790	     11.8640	      0.5730	 1.30903e-08
2022-07-10	12:00:00	     -1.8470	     -0.4500	 101209.0000	     13.9420	     12.6390	      0.9000	 5.41944e-07
2022-07-11	12:00:00	     -6.0830	     -5.2290	 100164.0000	     15.7520	     14.5790	      0.8640	 5.45648e-07
2022-07-12	12:00:00	      9.3310	     -3.5150	  99704.7000	     14.5430	     11.0780	      0.8250	 2.66435e-08
2022-07-13	12:00:00	      4.2580	     -2.9830	 100021.0000	     13.1790	     11.3230	      0.9440	 2.57674e-07
2022-07-14	12:00:00	     -0.7720	      4.5690	  99141.9000	     12.8290	     10.1270	      0.7420	 2.58194e-07
2022-07-15	12:00:00	      2.4080	      3.5650	 100081.0000	     12.1520	      7.8720	      0.6150	 3.03125e-08
2022-07-16	12:00:00	      3.3570	      3.9370	 101371.0000	     11.2070	      6.3870	      0.5100	 3.03125e-08
2022-07-17	12:00:00	     -0.3610	     -1.2350	 102293.0000	     10.8320	      6.4260	      0.6390	 3.22917e-09
2022-07-18	12:00:00	     -1.8650	     -5.3460	 101833.0000	     13.2060	      9.5940	      0.7760	 2.18148e-07
2022-07-19	12:00:00	     -0.6110	     -4.4660	 100947.0000	     14.5190	     12.8440	      0.7180	 2.21887e-07
2022-07-20	12:00:00	      6.9870	     -0.6300	 100695.0000	     11.6390	      8.8020	      0.6550	 1.12350e-07
2022-07-21	12:00:00	      2.9560	      6.6210	 101262.0000	     11.5700	      7.3500	      0.5670	 1.92940e-08
2022-07-22	12:00:00	     -3.8820	      1.9830	 102139.0000	     10.3730	      6.2470	      0.4110	 3.14815e-09
2022-07-23	12:00:00	     -6.9600	     -0.6390	 102210.0000	     12.4210	      7.6190	      0.8740	 2.27002e-07
2022-07-24	12:00:00	    -10.6000	     -3.9530	 101196.0000	     12.8320	     10.7270	      1.0000	 2.44167e-07
2022-07-25	12:00:00	     -6.1030	     -7.6250	  99634.3000	     14.7080	     13.2810	      0.9540	 2.43264e-07
2022-07-26	12:00:00	      9.9730	     -5.5890	  99312.0000	     13.5300	      9.8150	      0.7810	 8.23611e-08
2022-07-27	12:00:00	      4.5880	     -4.8950	  99864.6000	     13.6990	     10.2940	      0.6690	 5.48380e-08
2022-07-28	12:00:00	      9.3350	     -0.6260	 100224.0000	     13.3020	      8.8960	      0.6300	 2.59954e-08
2022-07-29	12:00:00	      2.5730	     -2.6870	 100998.0000	     12.6410	      8.9580	      0.5590	 4.76968e-08
2022-07-30	12:00:00	      4.8390	     -3.1250	 100384.0000	     12.8420	      8.9190	      0.6150	 4.91088e-08
2022-07-31	12:00:00	      5.9870	      5.8860	 101209.0000	     11.8150	      5.1040	      0.5720	 6.03009e-09
2022-08-01	12:00:00	      1.3590	     -0.2080	 102023.0000	     11.2090	      7.3870	      0.6170	 1.38889e-10
2022-08-02	12:00:00	      0.7810	     -4.1950	 101849.0000	     12.5130	      8.1160	      0.7430	 8.91204e-10
2022-08-03	12:00:00	     -0.8080	     -0.0590	 101611.0000	     11.6650	     10.1200	      0.6980	 8.91204e-10
2022-08-04	12:00:00	     -1.4840	      1.6220	 101557.0000	     11.2370	     10.1340	      0.6090	 3.00926e-10
2022-08-05	12:00:00	     -0.5550	     -1.1020	 101042.0000	     11.1970	     10.1200	      0.5470	 5.24074e-08
2022-08-06	12:00:00	      2.9250	     -4.3720	 100255.0000	     13.9340	     11.3480	      0.8680	 1.65382e-07
2022-08-07	12:00:00	      0.7640	     -0.4200	 100007.0000	     11.6670	     10.5410	      0.7870	 1.67234e-07
2022-08-08	12:00:00	     -2.8760	     -0.8890	 100022.0000	     12.2240	     10.5660	      0.7040	 8.15278e-08
2022-08-09	12:00:00	     -3.1530	      1.2340	  99979.2000	     11.2640	      9.2040	      0.9060	 9.90856e-08
2022-08-10	12:00:00	     -3.3430	      1.5640	 100481.0000	     10.1040	      8.1640	      0.6120	 5.53125e-08
2022-08-11	12:00:00	     -2.1170	      3.4250	 101068.0000	      9.6230	      4.4890	      0.4500	 1.32523e-08
2022-08-12	12:00:00	      2.1410	      6.0280	 101489.0000	     10.6700	      5.6610	      0.5790	 1.45949e-08
2022-08-13	12:00:00	      0.8130	      1.6120	 101874.0000	     10.6360	      8.1360	      0.6520	 3.80787e-09
2022-08-14	12:00:00	     -1.0070	     -1.1020	 101983.0000	     11.4380	      7.6960	      0.6890	 4.44444e-09
2022-08-15	12:00:00	     -3.5410	     -4.8190	 101952.0000	     13.9320	     10.9060	      0.7680	 8.53125e-08
2022-08-16	12:00:00	     -5.4710	     -8.1570	 101700.0000	     15.4630	     12.7680	      0.9220	 2.79687e-07
2022-08-17	12:00:00	     -6.8590	     -8.7580	 101359.0000	     15.7160	     13.6900	      1.0000	 4.87361e-07
2022-08-18	12:00:00	     -4.4350	     -9.2280	 101219.0000	     16.2380	     14.8060	      1.0000	 4.91007e-07
2022-08-19	12:00:00	     -2.7890	     -7.9280	 101038.0000	     16.2730	     14.3470	      0.7260	 1.12257e-07
2022-08-20	12:00:00	      4.0410	     -4.5120	 101034.0000	     14.8620	     13.0950	      0.5950	 1.06829e-08
2022-08-21	12:00:00	      1.5600	     -3.5730	 100909.0000	     14.2640	     12.5490	      0.6730	 5.18519e-08
2022-08-22	12:00:00	      4.2000	     -0.8010	 100687.0000	     12.7990	      9.7100	      0.6380	 5.18519e-08
2022-08-23	12:00:00	      3.1090	      2.4750	 101198.0000	     12.8020	      9.8360	      0.6860	 1.74653e-08
2022-08-24	12:00:00	     -0.3530	     -2.6880	 101020.0000	     12.4780	      9.1250	      0.8950	 1.74039e-07
2022-08-25	12:00:00	      1.9140	     -6.8750	 100025.0000	     14.3490	     12.7220	      0.7530	 1.75856e-07
2022-08-26	12:00:00	      5.9780	      2.9560	 100508.0000	     13.6040	     11.3930	      0.6270	 1.19792e-08
2022-08-27	12:00:00	      0.2470	      4.3030	 101438.0000	     12.8540	      9.2640	      0.4800	 1.81713e-09
2022-08-28	12:00:00	     -3.5780	      0.8670	 102237.0000	     12.5610	      8.4520	      0.4640	 3.57639e-09
2022-08-29	12:00:00	     -4.9010	      0.6990	 102482.0000	     11.6350	      7.3280	      0.6010	 6.53935e-09
2022-08-30	12:00:00	     -4.0940	     -0.1670	 102460.0000	     11.5720	      7.4200	      0.4840	 1.81713e-09
2022-08-31	12:00:00	     -1.8520	     -1.9800	 102467.0000	     12.3390	      7.6700	      0.5300	 2.31481e-11
2022-09-01	12:00:00	     -0.5010	     -2.4120	 102326.0000	     11.9720	      6.5620	      0.6410	 2.31481e-11
2022-09-02	12:00:00	      0.4910	     -3.6850	 101710.0000	     12.1300	      6.7800	      0.5940	 8.80324e-08
2022-09-03	12:00:00	      4.8280	     -1.7760	 100921.0000	     13.6180	     10.8640	      0.8280	 1.25810e-07
2022-09-04	12:00:00	     -0.0470	      1.1380	 100291.0000	     11.9340	      8.9540	      0.8820	 2.97303e-07
2022-09-05	12:00:00	     -0.6870	      3.3590	  98728.9000	     11.8980	      8.9770	      0.6270	 2.97303e-07
2022-09-06	12:00:00	     -0.0670	      1.3740	 101008.0000	      8.8330	      1.9930	      0.5640	 2.01389e-09
2022-09-07	12:00:00	      0.3240	      0.9330	 101506.0000	     11.2900	      6.0540	      0.7280	 2.01389e-09
2022-09-08	12:00:00	     -1.0890	      1.2530	 101910.0000	     11.3540	      6.2430	      0.6260	 2.77778e-10
2022-09-09	12:00:00	     -2.4580	      1.9290	 101798.0000	     11.8920	      8.0840	      0.5810	 3.56481e-09
2022-09-10	12:00:00	     -1.0280	      0.5960	 101212.0000	     12.3370	     10.2840	      0.5450	 3.13183e-07
2022-09-11	12:00:00	     -1.7270	     -3.3400	  99927.7000	     14.1890	     11.6600	      0.6600	 3.18148e-07
2022-09-12	12:00:00	      9.9220	     -0.9690	 100266.0000	     14.3790	     10.6570	      0.6180	 5.01042e-08
2022-09-13	12:00:00	      6.3800	      0.4060	 100921.0000	     13.0060	      8.6830	      0.6520	 3.55556e-08
2022-09-14	12:00:00	      1.4960	      1.3950	 101096.0000	     11.4640	      5.9980	      0.5260	 4.54861e-09
2022-09-15	12:00:00	      3.5420	      3.6980	 100824.0000	     11.5660	      5.2690	      0.6280	 4.46759e-09
2022-09-16	12:00:00	      2.8090	      3.5340	 101380.0000	     12.2500	      6.5960	      0.6530	 2.28009e-09
2022-09-17	12:00:00	      1.4040	      0.6900	 101870.0000	     12.5110	      7.8630	      0.7150	 2.70255e-08
2022-09-18	12:00:00	     -1.8030	     -5.6000	 101724.0000	     13.8780	      8.8410	      0.8070	 1.02269e-07
2022-09-19	12:00:00	      1.0560	     -5.9430	 101298.0000	     15.1060	     13.4450	      0.8450	 2.26481e-07
2022-09-20	12:00:00	      2.2790	     -2.5930	 101028.0000	     15.0860	     13.5910	      0.6890	 2.28090e-07
2022-09-21	12:00:00	      1.0300	      0.8250	 101104.0000	     13.2830	     11.2920	      0.5780	 7.72454e-08
2022-09-22	12:00:00	     -1.0180	      1.9640	 100891.0000	     13.7360	     11.1260	      0.5940	 7.79167e-08
2022-09-23	12:00:00	      1.3760	     -1.2880	 100560.0000	     13.5870	     11.1750	      0.5470	 4.60648e-08
2022-09-24	12:00:00	      3.0310	      4.1010	 101004.0000	     14.2260	     11.1550	      0.5750	 1.20718e-08
2022-09-25	12:00:00	     -5.0130	     -1.3680	 101632.0000	     14.6140	     10.7490	      0.7610	 1.20718e-08
2022-09-26	12:00:00	     -7.8000	     -3.6550	 101930.0000	     13.9500	      8.4100	      0.7500	 3.66898e-09
2022-09-27	12:00:00	     -5.5350	     -4.3730	 101925.0000	     14.2170	      9.3710	      0.7010	 1.90972e-09
2022-09-28	12:00:00	     -2.9810	     -4.4650	 101553.0000	     14.7780	     10.8960	      0.8930	 9.67940e-08
2022-09-29	12:00:00	     -1.3900	     -4.8580	 100926.0000	     15.6770	     13.9670	      0.9960	 2.38912e-07
2022-09-30	12:00:00	     -2.0280	     -3.9130	 100544.0000	     16.0160	     14.7850	      0.9770	 2.45995e-07
2022-10-01	12:00:00	     -2.7290	     -3.9880	  99599.0000	     15.6970	     14.5600	      0.8850	 1.41956e-07
2022-10-02	12:00:00	      0.7920	     -2.8450	  99093.1000	     15.5910	     13.9100	      0.8300	 1.31169e-07
2022-10-03	12:00:00	      2.5590	      3.2240	 100040.0000	     13.9610	     10.9170	      0.8160	 3.25116e-08
2022-10-04	12:00:00	      1.9930	      1.4440	 100728.0000	     13.7340	      9.5020	      0.7890	 3.27546e-08
2022-10-05	12:00:00	      8.9710	      5.5380	 100597.0000	     11.5240	      5.7320	      0.6580	 3.27546e-08
2022-10-06	12:00:00	      2.6680	      6.1600	 101577.0000	     10.0600	      1.9080	      0.5150	 2.04861e-09
2022-10-07	12:00:00	     -0.7470	      1.3480	 102578.0000	     10.9350	      4.9240	      0.4620	 1.00694e-09
2022-10-08	12:00:00	     -4.1390	     -2.8730	 103081.0000	     13.4860	      7.4170	      0.7960	 1.71296e-09
2022-10-09	12:00:00	     -4.3240	     -3.2770	 102766.0000	     13.8010	      8.8190	      0.7660	 2.11806e-09
2022-10-10	12:00:00	     -2.3620	     -3.6710	 102046.0000	     14.0620	      9.8860	      0.6590	 1.57407e-09
2022-10-11	12:00:00	     -0.1960	     -0.8220	 101654.0000	     15.0130	     12.2310	      0.8470	 1.20833e-08
2022-10-12	12:00:00	     -1.5990	     -0.7540	 101461.0000	     14.7910	     12.3220	      0.8400	 4.70023e-08
2022-10-13	12:00:00	     -5.4340	     -0.3980	 101332.0000	     14.2100	     11.0200	      0.7720	 4.73380e-08
2022-10-14	12:00:00	     -6.0820	      1.9630	 101277.0000	     13.0050	      8.0040	      0.6720	 2.98611e-09
2022-10-15	12:00:00	      0.5130	      4.4430	 100788.0000	     13.6900	      8.7880	      0.6160	 2.98611e-09
2022-10-16	12:00:00	      5.0190	      1.8330	 100753.0000	     14.4880	      9.5930	      0.6060	 9.72106e-08
2022-10-17	12:00:00	      2.3710	      0.5570	 100650.0000	     14.7160	     12.1130	      0.6750	 9.72106e-08
2022-10-18	12:00:00	      5.8910	      4.2650	 100789.0000	     13.6040	      8.9260	      0.5900	 1.53588e-08
2022-10-19	12:00:00	      5.8940	      4.5860	 100836.0000	     13.3360	      6.3500	      0.5880	 3.19907e-08
2022-10-20	12:00:00	      6.8520	      2.8530	 100689.0000	     14.3370	     10.1690	      0.5790	 3.24537e-08
2022-10-21	12:00:00	     -3.0620	      0.3030	 101537.0000	     13.6240	      9.2020	      0.5730	 1.30324e-08
2022-10-22	12:00:00	     -0.4670	     -0.5930	 102343.0000	     13.4700	      9.2850	      0.3880	 6.59722e-10
2022-10-23	12:00:00	      1.5910	      3.5540	 102228.0000	     14.6090	     10.2730	      0.3870	 8.10185e-11
2022-10-24	12:00:00	      0.9270	      4.2830	 101813.0000	     14.8920	     10.9880	      0.6710	 2.70833e-09
2022-10-25	12:00:00	     -3.3160	     -4.2300	 101547.0000	     15.0250	     10.5200	      0.6230	 3.99306e-09
2022-10-26	12:00:00	     -0.3760	     -3.7770	 101152.0000	     15.1650	     10.4600	      0.4740	 3.29861e-09
2022-10-27	12:00:00	     -0.4640	     -3.5190	 100982.0000	     16.5730	     12.4770	      0.4950	 1.50694e-08
2022-10-28	12:00:00	     -0.4020	     -6.0030	 100707.0000	     18.1620	     14.8520	      0.6610	 3.97766e-07
2022-10-29	12:00:00	     -0.1200	     -5.3360	 100353.0000	     18.2490	     16.6160	      0.9760	 5.12639e-07
2022-10-30	12:00:00	      0.5460	     -2.2600	 100027.0000	     17.0260	     15.9460	      0.6420	 3.41030e-07
2022-10-31	12:00:00	      1.2870	      2.6140	 100342.0000	     16.8720	     14.4780	      0.5030	 1.80556e-09
2022-11-01	12:00:00	      0.4210	     -1.5430	 100552.0000	     16.8340	     13.6590	      0.2910	 1.84838e-08
2022-11-02	12:00:00	     -0.5310	     -6.3280	 100315.0000	     18.2840	     15.0960	      0.8570	 2.39815e-08
2022-11-03	12:00:00	      4.0340	     -1.1710	 100652.0000	     17.0050	     14.4270	      0.6310	 1.53009e-08
2022-11-04	12:00:00	      3.6980	      3.4220	 101325.0000	     15.9860	     11.8010	      0.5180	 1.86343e-09
2022-11-05	12:00:00	      0.2800	      3.8220	 101651.0000	     15.4150	     10.2740	      0.6290	 1.86343e-09
2022-11-06	12:00:00	     -6.0490	     -3.1640	 101656.0000	     15.8940	     10.3990	      0.6740	 3.99769e-08
2022-11-07	12:00:00	     -6.8680	      0.3680	 101181.0000	     15.1170	      9.9960	      0.8270	 2.28403e-07
2022-11-08	12:00:00	     -6.2660	      4.8730	 100628.0000	     15.5460	     13.4730	      0.6700	 2.29132e-07
2022-11-09	12:00:00	     -1.6840	      3.3640	 100493.0000	     17.3980	     14.8790	      0.5540	 2.19132e-07
2022-11-10	12:00:00	    -10.8200	      1.7910	 100661.0000	     16.6840	     13.8330	      0.8720	 2.37222e-07
2022-11-11	12:00:00	     -1.1230	     -3.5120	 100175.0000	     18.1410	     16.8210	      0.7260	 3.59028e-08
2022-11-12	12:00:00	      5.3310	     -1.6880	 100497.0000	     16.9200	     14.5730	      0.5810	 1.77778e-08
2022-11-13	12:00:00	      2.3590	      5.0360	 100890.0000	     16.1900	     12.6470	      0.4390	 1.05903e-08
2022-11-14	12:00:00	     -1.0140	      2.9500	 100675.0000	     17.1950	     14.2540	      0.6600	 1.16319e-08
2022-11-15	12:00:00	     -2.7090	      0.0050	 100394.0000	     17.8900	     15.6020	      0.7490	 1.60775e-07
2022-11-16	12:00:00	     -1.6320	     -3.3110	 100033.0000	     18.1740	     16.2090	      0.8210	 1.78981e-07
2022-11-17	12:00:00	     -1.6550	     -3.5080	  99670.0000	     17.3830	     15.8050	      0.8940	 1.94560e-07
2022-11-18	12:00:00	      2.5030	     -4.6340	  99371.6000	     16.9450	     14.6730	      0.7000	 1.98530e-07
2022-11-19	12:00:00	      2.7280	     -5.3990	  99606.6000	     17.2480	     14.5830	      0.6040	 1.12593e-07
2022-11-20	12:00:00	      5.6580	     -4.2800	  99764.4000	     16.8000	     14.4990	      0.8080	 1.15949e-07
2022-11-21	12:00:00	      3.8650	     -4.8420	  99799.9000	     17.6390	     15.4180	      0.9050	 4.28090e-07
2022-11-22	12:00:00	      7.7150	     -3.4190	  99020.0000	     16.5890	     14.0220	      0.7420	 4.28484e-07
2022-11-23	12:00:00	      8.7640	     -2.5170	  99821.6000	     16.0280	     11.0910	      0.6480	 1.65729e-07
2022-11-24	12:00:00	     10.5010	      0.4440	  99697.8000	     14.9460	      9.4550	      0.5800	 9.72338e-08
2022-11-25	12:00:00	      5.8390	      0.7730	 100038.0000	     15.8460	      9.4280	      0.6550	 4.84954e-08
2022-11-26	12:00:00	      1.4840	     -3.0700	  99870.7000	     16.2730	     12.6210	      0.7090	 6.45486e-08
2022-11-27	12:00:00	      5.4140	      1.9240	  99722.9000	     15.4160	     11.4850	      0.7740	 6.31134e-08
2022-11-28	12:00:00	      4.1400	      0.1660	 100610.0000	     15.4110	      8.9880	      0.7000	 4.53935e-08
2022-11-29	12:00:00	      4.1850	     -4.0390	 100259.0000	     17.8540	     14.3060	      0.7960	 9.57176e-08
2022-11-30	12:00:00	      8.1100	      4.4720	  99761.7000	     15.5290	     11.2520	      0.7510	 9.70255e-08
2022-12-01	12:00:00	      5.3530	      6.2200	  99987.9000	     15.7240	      9.7180	      0.7350	 3.85417e-09
2022-12-02	12:00:00	      2.1240	      5.3110	 100092.0000	     15.4840	      9.2480	      0.6340	 4.06250e-09
2022-12-03	12:00:00	      0.8620	      2.3150	 100690.0000	     16.0280	     11.1550	      0.4770	 4.06250e-09
2022-12-04	12:00:00	      3.9650	      2.8290	 101048.0000	     16.2250	     11.0370	      0.5530	 1.01852e-09
2022-12-05	12:00:00	      1.4500	      0.8870	 100861.0000	     16.2920	     11.9140	      0.7120	 1.15949e-07
2022-12-06	12:00:00	     -3.5750	      0.1410	 100185.0000	     17.2530	     13.9160	      1.0000	 1.17431e-07
2022-12-07	12:00:00	    -10.2200	     -0.1560	 100184.0000	     15.6450	     12.5720	      1.0000	 8.52431e-08
2022-12-08	12:00:00	     -9.5100	     -2.8690	 100326.0000	     17.2370	     14.0040	      0.9400	 2.87616e-08
2022-12-09	12:00:00	     -0.4440	     -2.9470	 100485.0000	     18.9560	     17.6450	      0.8690	 1.43843e-07
2022-12-10	12:00:00	      2.2760	     -3.1290	 100611.0000	     19.0020	     17.4520	      0.8470	 1.58507e-07
2022-12-11	12:00:00	      1.7400	      1.6370	 100707.0000	     17.5670	     15.9600	      0.6000	 2.37037e-08
2022-12-12	12:00:00	     -1.1310	      2.4820	 100751.0000	     18.5770	     15.4370	      0.4710	 7.74190e-08
2022-12-13	12:00:00	     -5.3350	     -0.7740	 100586.0000	     18.8660	     16.5240	      0.8740	 1.95868e-07
2022-12-14	12:00:00	     -7.1050	     -1.0490	 100017.0000	     18.6370	     17.4550	      0.7660	 1.97350e-07
2022-12-15	12:00:00	     -1.4460	     -1.4570	  99963.5000	     20.0920	     18.4970	      0.6640	 5.21528e-08
2022-12-16	12:00:00	      1.6000	      0.0590	 100349.0000	     19.5740	     17.3110	      0.8070	 1.09213e-07
2022-12-17	12:00:00	      1.1800	     -0.0080	 100203.0000	     18.5070	     16.7800	      0.6030	 1.09699e-07
2022-12-18	12:00:00	      3.1470	      1.3540	 100130.0000	     18.4480	     15.9050	      0.4440	 4.26736e-08
2022-12-19	12:00:00	      0.5090	     -0.4950	 100020.0000	     19.0000	     15.5460	      0.4760	 4.51042e-08
2022-12-20	12:00:00	      1.0460	      0.4770	  99993.7000	     19.1430	     15.8050	      0.4030	 7.48843e-09
2022-12-21	12:00:00	      0.3470	     -2.1580	 100314.0000	     19.9030	     15.8410	      0.5250	 1.77315e-08
2022-12-22	12:00:00	      2.8360	     -2.2270	 100782.0000	     19.2650	     15.8420	      0.4200	 1.82060e-08
2022-12-23	12:00:00	      4.1930	     -0.6700	 100823.0000	     19.0140	     15.8480	      0.5910	 1.26157e-08
2022-12-24	12:00:00	      2.4550	      1.9300	 100853.0000	     18.6390	     15.4110	      0.5040	 1.32986e-08
2022-12-25	12:00:00	      1.1080	      3.9820	 100983.0000	     19.2340	     15.4050	      0.5570	 5.12269e-08
2022-12-26	12:00:00	      0.1300	      1.9100	 101081.0000	     19.4950	     16.4800	      0.5600	 5.42361e-08
2022-12-27	12:00:00	     -1.3300	      0.9710	 101197.0000	     20.3360	     16.5700	      0.3830	 1.05671e-08
2022-12-28	12:00:00	     -1.4240	     -1.9450	 101553.0000	     20.4450	     15.2330	      0.5370	 1.03241e-08
2022-12-29	12:00:00	      2.6270	      3.6370	 101361.0000	     20.1450	     16.6040	      0.5890	 4.49074e-09
2022-12-30	12:00:00	     -0.2770	      2.2800	 101020.0000	     19.7170	     16.4430	      0.4430	 2.48264e-08
