time,flow,temp,salt,OXY_oxy,PHS_frp,OGM_dop,OGM_pop,PHS_frp_ads,NIT_amm,NIT_nit,OGM_don,OGM_pon,OGM_doc,OGM_poc,SIL_rsi,NCS_ss1,NCS_ss2,PHY_cyano,PHY_green,PHY_diatom
2019-07-01,0.38482,10.13819,0,356.81396,0.00493,0.00016,0.00064,0.00239,0.06255,0.02004,0.03568,0.05353,0.2363,0.35445,10,0.58678,0,0.1,0.1,0.1
2019-07-02,0.28996,10.15899,0,356.64062,0.00697,0.00025,0.00099,0.00371,0.0902,0.0353,0.05835,0.08752,0.38638,0.57957,10,0.44775,0,0.1,0.1,0.1
2019-07-03,0.23242,10.18122,0,356.45552,0.0078,0.00025,0.00098,0.00368,0.07113,0.0102,0.02331,0.03497,0.15437,0.23156,10,0.26844,0,0.1,0.1,0.1
2019-07-04,0.2061,10.20488,0,356.25873,0.00926,0.00034,0.00137,0.00512,0.11227,0.04056,0.06763,0.10145,0.44785,0.67178,10,0.34715,0,0.1,0.1,0.1
2019-07-05,0.15955,10.22996,0,356.05034,0.00989,0.00032,0.00129,0.00485,0.0949,0.01078,0.02802,0.04203,0.18556,0.27834,10,0.08714,0,0.1,0.1,0.1
2019-07-06,0.15341,10.25645,0,355.83046,0.00969,0.00032,0.00127,0.00475,0.11874,0.01911,0.04627,0.06941,0.30644,0.45965,10,0.09083,0,0.1,0.1,0.1
2019-07-07,0.18052,10.28434,0,355.59919,0.00821,0.00027,0.00107,0.00403,0.10425,0.02386,0.04813,0.0722,0.31873,0.4781,10,0.08874,0,0.1,0.1,0.1
2019-07-08,0.19322,10.31363,0,355.35663,0.00766,0.00025,0.00099,0.00372,0.1153,0.02762,0.05799,0.08698,0.38399,0.57598,10,0.09316,0,0.1,0.1,0.1
2019-07-09,0.16454,10.3443,0,355.1029,0.00969,0.00032,0.00126,0.00474,0.09476,0.01203,0.02994,0.04492,0.19829,0.29744,10,0.08326,0,0.1,0.1,0.1
2019-07-10,0.41908,10.37636,0,354.83811,0.04332,0.00262,0.01048,0.03931,0.38259,0.21179,0.35676,0.53514,2.36249,3.54373,10,6.67915,0,0.1,0.1,0.1
2019-07-11,0.41603,10.40978,0,354.56239,0.00472,0.00015,6e-04,0.00224,0.04308,0.00559,0.01332,0.01998,0.08822,0.13233,10,0.90449,0,0.1,0.1,0.1
2019-07-12,0.23088,10.44456,0,354.27587,0.00757,0.00024,0.00097,0.00363,0.07167,0.00831,0.0213,0.03195,0.14107,0.21161,10,0.26692,0,0.1,0.1,0.1
2019-07-13,0.17126,10.48068,0,353.97867,0.00911,3e-04,0.0012,0.00451,0.09113,0.00945,0.02612,0.03918,0.17296,0.25944,10,0.0869,0,0.1,0.1,0.1
2019-07-14,0.1493,10.51815,0,353.67094,0.01001,0.00033,0.00133,0.00497,0.10186,0.00984,0.02857,0.04286,0.18919,0.28379,10,0.09803,0,0.1,0.1,0.1
2019-07-15,0.13862,10.55694,0,353.35281,0.01061,0.00035,0.00141,0.00527,0.10889,0.01008,0.03018,0.04527,0.19986,0.29979,10,0.10718,0,0.1,0.1,0.1
2019-07-16,0.13136,10.59704,0,353.02443,0.01111,0.00037,0.00148,0.00553,0.11488,0.01032,0.03159,0.04738,0.20918,0.31377,10,0.11327,0,0.1,0.1,0.1
2019-07-17,0.12521,10.63845,0,352.68594,0.01162,0.00039,0.00154,0.00579,0.1208,0.01057,0.03299,0.04948,0.21843,0.32765,10,0.11848,0,0.1,0.1,0.1
2019-07-18,0.15653,10.68115,0,352.3375,0.00871,0.00029,0.00115,0.00433,0.1185,0.02538,0.05361,0.08042,0.35504,0.53256,10,0.08309,0,0.1,0.1,0.1
2019-07-19,0.29235,10.72513,0,351.97927,0.01219,0.00064,0.00255,0.00957,0.20673,0.11403,0.18384,0.27576,1.21739,1.82608,10,1.40787,0,0.1,0.1,0.1
2019-07-20,0.33558,10.77037,0,351.6114,0.00651,0.00025,0.00099,0.0037,0.08188,0.02751,0.04896,0.07345,0.32425,0.48637,10,0.66939,0,0.1,0.1,0.1
2019-07-21,0.20652,10.81687,0,351.23406,0.00814,0.00026,0.00105,0.00395,0.08713,0.01162,0.02913,0.04369,0.19288,0.28932,10,0.20993,0,0.1,0.1,0.1
2019-07-22,0.15599,10.8646,0,350.84741,0.00981,0.00033,0.0013,0.00489,0.10188,0.01008,0.02892,0.04338,0.19151,0.28727,10,0.08875,0,0.1,0.1,0.1
2019-07-23,0.15692,10.91355,0,350.45164,0.00908,3e-04,0.00121,0.00453,0.10673,0.01541,0.03764,0.05645,0.24923,0.37384,10,0.08626,0,0.1,0.1,0.1
2019-07-24,0.18593,10.96372,0,350.0469,0.00818,0.00027,0.00108,0.00406,0.10962,0.02288,0.04848,0.07272,0.32106,0.48158,10,0.09549,0,0.1,0.1,0.1
2019-07-25,0.14755,11.01508,0,349.63338,0.01026,0.00034,0.00137,0.00512,0.10767,0.01071,0.03074,0.04611,0.20358,0.30536,10,0.09462,0,0.1,0.1,0.1
2019-07-26,0.1315,11.06761,0,349.21125,0.01112,0.00037,0.00148,0.00557,0.1189,0.01055,0.03273,0.0491,0.21676,0.32514,10,0.11056,0,0.1,0.1,0.1
2019-07-27,0.12291,11.12132,0,348.78071,0.01174,0.00039,0.00157,0.00589,0.12674,0.01066,0.03432,0.05148,0.22727,0.34091,10,0.11956,0,0.1,0.1,0.1
2019-07-28,0.19737,11.17617,0,348.34192,0.01307,0.00062,0.0025,0.00936,0.25532,0.15216,0.22893,0.34339,1.51598,2.27397,10,1.11087,0,0.1,0.1,0.1
2019-07-29,0.17094,11.23215,0,347.89509,0.00964,0.00032,0.00128,0.0048,0.10072,0.00997,0.0289,0.04335,0.19138,0.28707,10,0.12824,0,0.1,0.1,0.1
2019-07-30,0.12939,11.28924,0,347.4404,0.01167,0.00039,0.00156,0.00586,0.12596,0.01095,0.03461,0.05191,0.22916,0.34374,10,0.10422,0,0.1,0.1,0.1
2019-07-31,0.11385,11.34744,0,346.97804,0.01277,0.00043,0.00171,0.00642,0.13981,0.01136,0.03753,0.05629,0.2485,0.37275,10,0.12479,0,0.1,0.1,0.1
2019-08-01,0.22592,11.40671,0,346.50821,0.01963,0.00113,0.00451,0.01691,0.41725,0.26578,0.41261,0.61892,2.73235,4.09853,10,2.41549,0,0.1,0.1,0.1
2019-08-02,0.3674,11.46705,0,346.0311,0.00528,0.00017,0.00069,0.00258,0.06152,0.01219,0.02514,0.03771,0.16648,0.24973,10,0.80945,0,0.1,0.1,0.1
2019-08-03,0.20853,11.52843,0,345.54691,0.0081,0.00026,0.00105,0.00396,0.09279,0.01329,0.03252,0.04878,0.21536,0.32304,10,0.19913,0,0.1,0.1,0.1
2019-08-04,0.1586,11.59085,0,345.05584,0.00935,0.00031,0.00125,0.00467,0.12833,0.02153,0.05142,0.07713,0.34052,0.51078,10,0.07931,0,0.1,0.1,0.1
2019-08-05,0.14449,11.65427,0,344.55809,0.0105,0.00035,0.00139,0.00523,0.12249,0.01574,0.04088,0.06131,0.27069,0.40603,10,0.09019,0,0.1,0.1,0.1
2019-08-06,0.13238,11.71868,0,344.05387,0.01083,0.00036,0.00144,0.00542,0.13701,0.02092,0.05066,0.07599,0.33549,0.50324,10,0.10523,0,0.1,0.1,0.1
2019-08-07,0.1428,11.78406,0,343.54337,0.01013,0.00034,0.00134,0.00503,0.12226,0.01766,0.0435,0.06525,0.28806,0.4321,10,0.08886,0,0.1,0.1,0.1
2019-08-08,0.12064,11.85039,0,343.02681,0.01205,4e-04,0.0016,0.006,0.1278,0.0123,0.03584,0.05376,0.23734,0.35601,10,0.11473,0,0.1,0.1,0.1
2019-08-09,0.10929,11.91765,0,342.50439,0.01263,0.00043,0.00171,0.00642,0.13821,0.01257,0.0377,0.05654,0.24962,0.37443,10,0.12977,0,0.1,0.1,0.1
2019-08-10,0.17674,11.98583,0,341.97631,0.01047,0.00045,0.00181,0.00679,0.22746,0.12011,0.18811,0.28217,1.24569,1.86853,10,0.65537,0,0.1,0.1,0.1
2019-08-11,0.20848,12.0549,0,341.44279,0.0085,0.00029,0.00118,0.00442,0.11764,0.03762,0.06718,0.10077,0.44487,0.6673,10,0.25735,0,0.1,0.1,0.1
2019-08-12,0.19692,12.12484,0,340.90402,0.00979,0.00039,0.00154,0.00578,0.15512,0.06221,0.10578,0.15867,0.70049,1.05073,10,0.37727,0,0.1,0.1,0.1
2019-08-13,0.20928,12.19563,0,340.36023,0.00761,0.00025,0.00099,0.00369,0.09723,0.02157,0.04362,0.06543,0.28888,0.43332,10,0.15655,0,0.1,0.1,0.1
2019-08-14,0.15096,12.26725,0,339.81162,0.01021,0.00034,0.00134,0.00503,0.10719,0.01385,0.03383,0.05075,0.22404,0.33606,10,0.08199,0,0.1,0.1,0.1
2019-08-15,0.1212,12.33968,0,339.2584,0.01182,0.00039,0.00156,0.00584,0.12296,0.01264,0.03475,0.05213,0.23012,0.34518,10,0.11336,0,0.1,0.1,0.1
2019-08-16,0.10927,12.4129,0,338.70078,0.0124,0.00042,0.00167,0.00627,0.13324,0.01307,0.03681,0.05521,0.24373,0.3656,10,0.12941,0,0.1,0.1,0.1
2019-08-17,0.10273,12.48688,0,338.13897,0.01187,0.00044,0.00175,0.00657,0.14055,0.01443,0.03834,0.05751,0.25389,0.38083,10,0.13567,0,0.1,0.1,0.1
2019-08-18,0.40203,12.56161,0,337.57317,0.06751,0.00397,0.01589,0.0596,0.4975,0.25511,0.44568,0.66852,2.95134,4.42701,10,10.81037,0,0.1,0.1,0.1
2019-08-19,0.29828,12.63705,0,337.0036,0.00651,0.00023,0.00092,0.00344,0.08191,0.02324,0.04356,0.06534,0.28846,0.43269,10,0.45172,0,0.1,0.1,0.1
2019-08-20,0.18402,12.7132,0,336.43048,0.00887,0.00029,0.00115,0.00431,0.08671,0.01032,0.02565,0.03847,0.16984,0.25476,10,0.16315,0,0.1,0.1,0.1
2019-08-21,0.13052,12.79002,0,335.85399,0.01114,0.00037,0.00146,0.00548,0.11342,0.01214,0.0323,0.04845,0.2139,0.32086,10,0.09982,0,0.1,0.1,0.1
2019-08-22,0.11156,12.8675,0,335.27436,0.01224,4e-04,0.00162,0.00607,0.12744,0.01288,0.03545,0.05318,0.23476,0.35215,10,0.12493,0,0.1,0.1,0.1
2019-08-23,0.10247,12.94561,0,334.6918,0.01173,0.00043,0.00172,0.00646,0.13674,0.01456,0.03747,0.0562,0.24813,0.37219,10,0.13498,0,0.1,0.1,0.1
2019-08-24,0.09632,13.02433,0,334.1065,0.01232,0.00045,0.00181,0.00679,0.14408,0.01501,0.03918,0.05878,0.25948,0.38922,10,0.14434,0,0.1,0.1,0.1
2019-08-25,0.09117,13.10363,0,333.51868,0.0129,0.00047,0.0019,0.00712,0.15119,0.01547,0.04088,0.06132,0.2707,0.40604,10,0.15227,0,0.1,0.1,0.1
2019-08-26,0.08645,13.18349,0,332.92854,0.01351,5e-04,0.00199,0.00746,0.15852,0.01594,0.04264,0.06395,0.28234,0.42351,10,0.16004,0,0.1,0.1,0.1
2019-08-27,0.08199,13.26389,0,332.33628,0.01416,0.00052,0.00209,0.00782,0.16625,0.01643,0.04449,0.06674,0.29463,0.44195,10,0.1681,0,0.1,0.1,0.1
2019-08-28,0.07785,13.3448,0,331.74212,0.01481,0.00055,0.00218,0.00819,0.17407,0.01691,0.04636,0.06954,0.30702,0.46053,10,0.17624,0,0.1,0.1,0.1
2019-08-29,0.167,13.42621,0,331.14624,0.00665,0.00022,0.00087,0.00327,0.15415,0.0538,0.09991,0.14986,0.66161,0.99241,10,0.06925,0,0.1,0.1,0.1
2019-08-30,0.9359,13.50808,0,330.54886,0.02185,0.00133,0.00531,0.01992,0.23037,0.12053,0.21086,0.31629,1.39636,2.09453,10,3.65908,0,0.1,0.1,0.1
2019-08-31,1.15925,13.59039,0,329.95017,0.00166,5e-05,0.00021,0.00079,0.01584,0.0027,0.0056,0.00841,0.03711,0.05567,10,0.82264,0,0.1,0.1,0.1
2019-09-01,0.45756,13.67311,0,329.35036,0.004,0.00013,5e-04,0.00189,0.03568,0.00486,0.01086,0.01629,0.07192,0.10788,10,0.93324,0,0.1,0.1,0.1
2019-09-02,0.23347,13.75623,0,328.74965,0.00699,0.00022,0.00089,0.00333,0.06416,0.00801,0.01906,0.02859,0.1262,0.18929,10,0.2301,0,0.1,0.1,0.1
2019-09-03,0.38662,13.83972,0,328.14822,0.03907,0.00234,0.00936,0.0351,0.31208,0.1525,0.27104,0.40656,1.79485,2.69227,10,5.53226,0,0.1,0.1,0.1
2019-09-04,0.4154,13.92355,0,327.54626,0.01098,0.00056,0.00226,0.00847,0.11024,0.0458,0.0827,0.12405,0.54767,0.8215,10,1.66737,0,0.1,0.1,0.1
2019-09-05,0.25622,14.00771,0,326.94397,0.00644,2e-04,0.00082,0.00306,0.05884,0.00839,0.01913,0.0287,0.1267,0.19004,10,0.22582,0,0.1,0.1,0.1
2019-09-06,0.17606,14.09215,0,326.34154,0.00842,0.00027,0.00109,0.0041,0.07859,0.0089,0.02297,0.03445,0.15208,0.22812,10,0.11421,0,0.1,0.1,0.1
2019-09-07,0.14697,14.17686,0,325.73916,0.00945,0.00031,0.00124,0.00463,0.09038,0.00927,0.02568,0.03851,0.17003,0.25504,10,0.09775,0,0.1,0.1,0.1
2019-09-08,0.13374,14.26182,0,325.13701,0.01016,0.00033,0.00133,0.00499,0.09765,0.00941,0.02729,0.04093,0.18071,0.27106,10,0.11004,0,0.1,0.1,0.1
2019-09-09,0.12523,14.34699,0,324.53528,0.01078,0.00035,0.00141,0.0053,0.10356,0.00949,0.02862,0.04293,0.1895,0.28425,10,0.11801,0,0.1,0.1,0.1
2019-09-10,0.11844,14.43236,0,323.93416,0.01138,0.00037,0.0015,0.00561,0.10902,0.00955,0.02985,0.04478,0.19768,0.29651,10,0.12439,0,0.1,0.1,0.1
2019-09-11,0.18879,14.5179,0,323.33381,0.00828,0.00031,0.00123,0.0046,0.13372,0.05197,0.09107,0.13661,0.6031,0.90465,10,0.26145,0,0.1,0.1,0.1
2019-09-12,0.40803,14.60357,0,322.73443,0.00688,0.00031,0.00126,0.00471,0.11522,0.05793,0.09708,0.14562,0.64287,0.9643,10,0.92389,0,0.1,0.1,0.1
2019-09-13,0.30196,14.68937,0,322.13619,0.00771,3e-04,0.00121,0.00454,0.09353,0.03409,0.0616,0.0924,0.40792,0.61187,10,0.65936,0,0.1,0.1,0.1
2019-09-14,0.46672,14.77526,0,321.53927,0.20824,0.01181,0.04722,0.17708,0.66435,0.29928,0.56212,0.84318,3.72244,5.58365,10,35.30792,0,0.1,0.1,0.1
2019-09-15,0.31856,14.86121,0,320.94383,0.00635,0.00022,0.00089,0.00335,0.0663,0.01683,0.03389,0.05084,0.22444,0.33666,10,0.54111,0,0.1,0.1,0.1
2019-09-16,0.19323,14.94721,0,320.35005,0.00857,0.00028,0.00111,0.00416,0.07248,0.0069,0.02081,0.03121,0.13779,0.20669,10,0.15924,0,0.1,0.1,0.1
2019-09-17,0.34946,15.03322,0,319.7581,0.06786,0.00401,0.01603,0.06012,0.45374,0.21843,0.39528,0.59292,2.61757,3.92636,10,10.44879,0,0.1,0.1,0.1
2019-09-18,0.31109,15.11922,0,319.16814,0.0285,0.00158,0.0063,0.02363,0.25001,0.10986,0.20276,0.30414,1.34269,2.01403,10,3.91416,0,0.1,0.1,0.1
2019-09-19,0.56687,15.20518,0,318.58034,0.01006,0.00054,0.00214,0.00803,0.11745,0.05472,0.09797,0.14696,0.64877,0.97316,10,1.79101,0,0.1,0.1,0.1
2019-09-20,0.5988,15.29109,0,317.99486,0.02457,0.0014,0.00558,0.02094,0.17281,0.07573,0.14194,0.21291,0.93995,1.40992,10,4.2156,0,0.1,0.1,0.1
2019-09-21,0.47408,15.37691,0,317.41186,0.00422,0.00013,0.00054,0.00202,0.0326,0.00343,0.01007,0.0151,0.06665,0.09998,10,0.91058,0,0.1,0.1,0.1
2019-09-22,0.24618,15.46262,0,316.83149,0.00723,0.00023,0.00093,0.00348,0.05705,0.00493,0.01633,0.02449,0.10811,0.16217,10,0.22166,0,0.1,0.1,0.1
2019-09-23,0.17361,15.54819,0,316.25392,0.00902,3e-04,0.00119,0.00445,0.07571,0.00586,0.02105,0.03158,0.1394,0.2091,10,0.10218,0,0.1,0.1,0.1
2019-09-24,0.14666,15.63359,0,315.67928,0.01008,0.00033,0.00133,0.005,0.0866,0.00616,0.0236,0.03541,0.15631,0.23447,10,0.09883,0,0.1,0.1,0.1
2019-09-25,0.13372,15.71881,0,315.10775,0.01085,0.00036,0.00144,0.00538,0.09365,0.00624,0.0252,0.0378,0.16686,0.25029,10,0.11043,0,0.1,0.1,0.1
2019-09-26,0.12534,15.80382,0,314.53945,0.01151,0.00038,0.00152,0.00571,0.09923,0.00629,0.02645,0.03968,0.17517,0.26276,10,0.11805,0,0.1,0.1,0.1
2019-09-27,0.13749,15.88859,0,313.97454,0.00993,0.00033,0.00132,0.00495,0.10112,0.01637,0.04058,0.06087,0.26873,0.40309,10,0.10513,0,0.1,0.1,0.1
2019-09-28,0.13862,15.9731,0,313.41317,0.01089,0.00036,0.00144,0.00539,0.10342,0.01151,0.03579,0.05369,0.23702,0.35553,10,0.09522,0,0.1,0.1,0.1
2019-09-29,0.11836,16.05732,0,312.85546,0.01269,0.00042,0.00168,0.0063,0.10574,0.00638,0.02844,0.04266,0.18833,0.2825,10,0.11975,0,0.1,0.1,0.1
2019-09-30,0.10837,16.14123,0,312.30156,0.01317,0.00045,0.0018,0.00676,0.11436,0.00657,0.03004,0.04506,0.19892,0.29837,10,0.13156,0,0.1,0.1,0.1
2019-10-01,0.10981,16.22479,0,311.75161,0.01194,0.00043,0.00172,0.00643,0.11731,0.01025,0.03583,0.05375,0.23729,0.35594,10,0.12393,0,0.1,0.1,0.1
2019-10-02,0.1292,16.308,0,311.20574,0.01102,0.00037,0.00146,0.00549,0.13644,0.02644,0.06462,0.09692,0.4279,0.64185,10,0.09832,0,0.1,0.1,0.1
2019-10-03,0.1066,16.39082,0,310.66408,0.01343,0.00047,0.00189,0.0071,0.12651,0.01276,0.04085,0.06127,0.27051,0.40576,10,0.12575,0,0.1,0.1,0.1
2019-10-04,0.1007,16.47323,0,310.12676,0.01318,0.00049,0.00195,0.00731,0.15057,0.01921,0.05595,0.08393,0.37053,0.5558,10,0.13675,0,0.1,0.1,0.1
2019-10-05,0.09202,16.5552,0,309.5939,0.01453,0.00054,0.00217,0.00813,0.1329,0.00794,0.03455,0.05183,0.22882,0.34323,10,0.14893,0,0.1,0.1,0.1
2019-10-06,0.08622,16.63671,0,309.06564,0.0154,0.00058,0.00231,0.00865,0.14109,0.00803,0.03624,0.05437,0.24001,0.36001,10,0.15981,0,0.1,0.1,0.1
2019-10-07,0.08609,16.71774,0,308.54209,0.01488,0.00056,0.00223,0.00835,0.15506,0.015,0.05017,0.07526,0.33223,0.49835,10,0.15331,0,0.1,0.1,0.1
2019-10-08,0.07878,16.79826,0,308.02337,0.01704,0.00064,0.00255,0.00957,0.15342,0.00867,0.03979,0.05969,0.2635,0.39525,10,0.17291,0,0.1,0.1,0.1
2019-10-09,0.07421,16.87824,0,307.5096,0.01801,0.00068,0.00271,0.01015,0.16236,0.00868,0.0414,0.0621,0.27414,0.41121,10,0.18387,0,0.1,0.1,0.1
2019-10-10,0.0703,16.95767,0,307.00089,0.01901,0.00072,0.00286,0.01073,0.17081,0.00881,0.04317,0.06475,0.28586,0.42879,10,0.19362,0,0.1,0.1,0.1
2019-10-11,0.06669,17.03653,0,306.49736,0.02006,0.00076,0.00303,0.01135,0.17949,0.009,0.04509,0.06763,0.29856,0.44784,10,0.20343,0,0.1,0.1,0.1
2019-10-12,0.06329,17.11477,0,305.99911,0.02117,8e-04,0.0032,0.012,0.18856,0.00919,0.04712,0.07068,0.31202,0.46803,10,0.21355,0,0.1,0.1,0.1
2019-10-13,0.06007,17.1924,0,305.50626,0.02236,0.00085,0.00338,0.01269,0.19816,0.00942,0.04928,0.07392,0.32635,0.48953,10,0.22424,0,0.1,0.1,0.1
2019-10-14,0.05706,17.26937,0,305.01891,0.02358,0.00089,0.00357,0.0134,0.20785,0.00963,0.05146,0.07719,0.34079,0.51119,10,0.23512,0,0.1,0.1,0.1
2019-10-15,0.05416,17.34567,0,304.53716,0.0249,0.00094,0.00378,0.01417,0.21836,0.00987,0.05383,0.08074,0.35646,0.53469,10,0.24686,0,0.1,0.1,0.1
2019-10-16,0.05157,17.42128,0,304.06111,0.02613,0.00099,0.00397,0.01489,0.22798,0.01006,0.05596,0.08394,0.37059,0.55588,10,0.2578,0,0.1,0.1,0.1
2019-10-17,0.20097,17.49618,0,303.59087,0.00847,0.00035,0.00142,0.00532,0.18635,0.10362,0.16905,0.25358,1.11947,1.67921,10,0.34538,0,0.1,0.1,0.1
2019-10-18,0.1091,17.57033,0,303.12653,0.01709,0.00059,0.00235,0.00879,0.11901,0.0082,0.03481,0.05221,0.23051,0.34577,10,0.08895,0,0.1,0.1,0.1
2019-10-19,0.07507,17.64372,0,302.66818,0.02064,0.00077,0.00306,0.01148,0.16253,0.00994,0.04425,0.06637,0.29303,0.43954,10,0.15457,0,0.1,0.1,0.1
2019-10-20,0.06271,17.71633,0,302.21592,0.02312,0.00087,0.00346,0.01299,0.1879,0.00999,0.04898,0.07346,0.32432,0.48648,10,0.20324,0,0.1,0.1,0.1
2019-10-21,0.0569,17.78814,0,301.76984,0.02486,0.00094,0.00374,0.01403,0.20402,0.01004,0.05208,0.07811,0.34485,0.51728,10,0.23125,0,0.1,0.1,0.1
2019-10-22,0.05327,17.85912,0,301.33002,0.02633,0.00099,0.00398,0.01491,0.21613,0.01017,0.05459,0.08188,0.36148,0.54222,10,0.24884,0,0.1,0.1,0.1
2019-10-23,0.05027,17.92926,0,300.89656,0.02791,0.00106,0.00422,0.01583,0.22829,0.0104,0.05728,0.08591,0.37928,0.56893,10,0.26402,0,0.1,0.1,0.1
2019-10-24,0.04765,17.99853,0,300.46953,0.02946,0.00112,0.00446,0.01674,0.23994,0.01062,0.05988,0.08982,0.39652,0.59478,10,0.27799,0,0.1,0.1,0.1
2019-10-25,0.04522,18.06691,0,300.04901,0.03109,0.00118,0.00472,0.01769,0.25197,0.01086,0.06258,0.09387,0.41439,0.62159,10,0.29204,0,0.1,0.1,0.1
2019-10-26,0.31145,18.13438,0,299.6351,0.01939,0.00111,0.00443,0.01662,0.32309,0.20385,0.32566,0.4885,2.15658,3.23486,10,2.64583,0,0.1,0.1,0.1
2019-10-27,0.62285,18.20093,0,299.22785,0.03211,0.00187,0.00747,0.02799,0.2695,0.13579,0.24098,0.36147,1.5958,2.39371,10,5.19692,0,0.1,0.1,0.1
2019-10-28,0.43755,18.26653,0,298.82736,0.00543,0.00017,7e-04,0.00262,0.03205,0.00198,0.00955,0.01433,0.06325,0.09488,10,0.88292,0,0.1,0.1,0.1
2019-10-29,0.19498,18.33116,0,298.4337,0.01092,0.00036,0.00143,0.00535,0.06665,0.00361,0.0192,0.0288,0.12716,0.19074,10,0.14315,0,0.1,0.1,0.1
2019-10-30,0.11912,18.39481,0,298.04693,0.0155,0.00052,0.00209,0.00783,0.10058,0.00505,0.02803,0.04204,0.18559,0.27839,10,0.09806,0,0.1,0.1,0.1
2019-10-31,0.09305,18.45745,0,297.66713,0.01674,0.00062,0.00249,0.00933,0.12258,0.00661,0.03315,0.04973,0.21954,0.32931,10,0.13716,0,0.1,0.1,0.1
2019-11-01,0.12122,18.51907,0,297.29436,0.01714,0.00079,0.00318,0.01191,0.33948,0.16626,0.28459,0.42689,1.8846,2.82691,10,1.08085,0,0.1,0.1,0.1
2019-11-02,0.10964,18.57965,0,296.92869,0.01659,0.00057,0.0023,0.00862,0.10981,0.00556,0.03103,0.04654,0.20547,0.3082,10,0.10311,0,0.1,0.1,0.1
2019-11-03,0.08517,18.63917,0,296.57019,0.01847,0.00069,0.00275,0.01031,0.13539,0.00693,0.03652,0.05478,0.24185,0.36278,10,0.1479,0,0.1,0.1,0.1
2019-11-04,0.07513,18.69761,0,296.21892,0.02025,0.00076,0.00303,0.01135,0.15106,0.00725,0.03975,0.05962,0.2632,0.3948,10,0.17647,0,0.1,0.1,0.1
2019-11-05,0.0696,18.75495,0,295.87494,0.02163,0.00081,0.00324,0.01215,0.16266,0.00749,0.04222,0.06333,0.2796,0.41939,10,0.19339,0,0.1,0.1,0.1
2019-11-06,0.06552,18.81119,0,295.5383,0.02294,0.00086,0.00344,0.01291,0.17328,0.00771,0.04458,0.06687,0.29519,0.44279,10,0.20603,0,0.1,0.1,0.1
2019-11-07,0.06203,18.8663,0,295.20908,0.02424,0.00091,0.00364,0.01366,0.18369,0.00793,0.04692,0.07038,0.31069,0.46603,10,0.21723,0,0.1,0.1,0.1
2019-11-08,0.05881,18.92026,0,294.88731,0.02559,0.00096,0.00385,0.01445,0.19448,0.00815,0.04935,0.07403,0.32682,0.49023,10,0.22845,0,0.1,0.1,0.1
2019-11-09,0.0558,18.97307,0,294.57306,0.02704,0.00102,0.00408,0.01528,0.20592,0.0084,0.05194,0.07791,0.34393,0.5159,10,0.23998,0,0.1,0.1,0.1
2019-11-10,0.08755,19.0247,0,294.26637,0.01331,5e-04,0.00199,0.00747,0.20564,0.0514,0.11582,0.17374,0.767,1.1505,10,0.10892,0,0.1,0.1,0.1
2019-11-11,0.08152,19.07514,0,293.9673,0.01691,0.00063,0.00253,0.00947,0.17221,0.03167,0.07844,0.11766,0.51943,0.77915,10,0.13398,0,0.1,0.1,0.1
2019-11-12,0.07465,19.12437,0,293.6759,0.02167,8e-04,0.00321,0.01205,0.17358,0.01499,0.05698,0.08546,0.3773,0.56595,10,0.15346,0,0.1,0.1,0.1
2019-11-13,0.06155,19.17238,0,293.39222,0.02581,0.00097,0.00386,0.01448,0.19172,0.00818,0.05017,0.07525,0.33222,0.49833,10,0.20808,0,0.1,0.1,0.1
2019-11-14,0.12414,19.21916,0,293.11629,0.0154,0.00063,0.00252,0.00943,0.25905,0.12702,0.21504,0.32256,1.42401,2.13602,10,0.40248,0,0.1,0.1,0.1
2019-11-15,0.09051,19.26468,0,292.84817,0.0178,0.00067,0.00268,0.01003,0.21922,0.0693,0.13476,0.20214,0.89238,1.33856,10,0.17464,0,0.1,0.1,0.1
2019-11-16,0.08761,19.30895,0,292.58789,0.02021,0.00074,0.00296,0.01108,0.15383,0.01497,0.05413,0.0812,0.35846,0.53769,10,0.12054,0,0.1,0.1,0.1
2019-11-17,0.06631,19.35194,0,292.3355,0.02515,0.00093,0.00373,0.01399,0.18245,0.00804,0.0492,0.0738,0.3258,0.48869,10,0.18599,0,0.1,0.1,0.1
2019-11-18,0.05844,19.39365,0,292.09104,0.02749,0.00103,0.00411,0.01542,0.20443,0.00817,0.05303,0.07955,0.35118,0.52678,10,0.22275,0,0.1,0.1,0.1
2019-11-19,0.05413,19.43405,0,291.85455,0.02931,0.0011,0.0044,0.0165,0.22031,0.00833,0.05612,0.08419,0.37166,0.55748,10,0.24438,0,0.1,0.1,0.1
2019-11-20,0.051,19.47314,0,291.62605,0.03098,0.00117,0.00466,0.01748,0.23415,0.00854,0.05906,0.08858,0.39107,0.58661,10,0.25995,0,0.1,0.1,0.1
2019-11-21,0.05678,19.51091,0,291.40559,0.0248,0.00093,0.00372,0.01397,0.23371,0.036,0.09446,0.14168,0.6255,0.93825,10,0.20609,0,0.1,0.1,0.1
2019-11-22,0.04918,19.54734,0,291.1932,0.03246,0.00122,0.00488,0.01828,0.24399,0.00886,0.06231,0.09346,0.41259,0.61889,10,0.26783,0,0.1,0.1,0.1
2019-11-23,0.0465,19.58243,0,290.98892,0.03425,0.00129,0.00516,0.01933,0.25867,0.00906,0.06536,0.09805,0.43285,0.64927,10,0.28323,0,0.1,0.1,0.1
2019-11-24,0.04399,19.61616,0,290.79276,0.03629,0.00137,0.00547,0.02051,0.27492,0.00936,0.06897,0.10346,0.45673,0.68509,10,0.29924,0,0.1,0.1,0.1
2019-11-25,0.04165,19.64852,0,290.60477,0.03846,0.00145,0.00581,0.02177,0.29214,0.00969,0.07284,0.10926,0.48234,0.72351,10,0.31566,0,0.1,0.1,0.1
2019-11-26,0.05775,19.67951,0,290.42497,0.01989,0.00075,0.003,0.01125,0.30111,0.06739,0.15919,0.23879,1.05419,1.58128,10,0.16374,0,0.1,0.1,0.1
2019-11-27,0.04992,19.70912,0,290.25339,0.0317,0.00119,0.00474,0.01779,0.23432,0.00887,0.06137,0.09206,0.40641,0.60962,10,0.23276,0,0.1,0.1,0.1
2019-11-28,0.04221,19.73733,0,290.09005,0.03899,0.00147,0.00587,0.022,0.29293,0.00966,0.07412,0.11118,0.49081,0.73622,10,0.30458,0,0.1,0.1,0.1
2019-11-29,0.03945,19.76414,0,289.93498,0.04129,0.00156,0.00623,0.02337,0.31267,0.0099,0.07813,0.11719,0.51736,0.77604,10,0.32913,0,0.1,0.1,0.1
2019-11-30,0.03713,19.78954,0,289.7882,0.04394,0.00166,0.00664,0.02492,0.33412,0.01027,0.08285,0.12427,0.54863,0.82295,10,0.35117,0,0.1,0.1,0.1
2019-12-01,0.03517,19.81352,0,289.64972,0.04761,0.0018,0.00722,0.02707,0.35245,0.01078,0.08699,0.13048,0.57604,0.86406,10,0.3704,0,0.1,0.1,0.1
2019-12-02,0.03339,19.83608,0,289.51958,0.05147,0.00196,0.00782,0.02933,0.37076,0.01129,0.09112,0.13668,0.60342,0.90512,10,0.38894,0,0.1,0.1,0.1
2019-12-03,0.03166,19.8572,0,289.39779,0.0558,0.00212,0.0085,0.03186,0.3913,0.01188,0.09581,0.14372,0.63447,0.95171,10,0.40947,0,0.1,0.1,0.1
2019-12-04,0.03007,19.87689,0,289.28436,0.06026,0.0023,0.00919,0.03447,0.41161,0.01245,0.10042,0.15063,0.66499,0.99748,10,0.42984,0,0.1,0.1,0.1
2019-12-05,0.02852,19.89514,0,289.17932,0.0652,0.00249,0.00996,0.03736,0.43405,0.01308,0.10552,0.15828,0.69875,1.04812,10,0.45226,0,0.1,0.1,0.1
2019-12-06,0.02726,19.91194,0,289.08268,0.06948,0.00266,0.01063,0.03988,0.45098,0.01354,0.10926,0.16388,0.7235,1.08525,10,0.46956,0,0.1,0.1,0.1
2019-12-07,0.0258,19.92728,0,288.99445,0.07542,0.00289,0.01156,0.04335,0.4776,0.01428,0.11532,0.17297,0.76363,1.14545,10,0.49605,0,0.1,0.1,0.1
2019-12-08,0.02441,19.94117,0,288.91464,0.08191,0.00314,0.01257,0.04716,0.50632,0.01508,0.12185,0.18277,0.80688,1.21033,10,0.52459,0,0.1,0.1,0.1
2019-12-09,0.05348,19.95359,0,288.84327,0.02179,0.00083,0.00331,0.01243,0.22909,0.06222,0.12769,0.19153,0.84556,1.26833,10,0.13395,0,0.1,0.1,0.1
2019-12-10,0.03118,19.96455,0,288.78035,0.06825,0.0026,0.01038,0.03893,0.39261,0.01352,0.09942,0.14913,0.65839,0.98758,10,0.40886,0,0.1,0.1,0.1
2019-12-11,0.02929,19.97404,0,288.72588,0.07393,0.00282,0.01128,0.04228,0.41747,0.01411,0.10461,0.15692,0.69275,1.03913,10,0.43795,0,0.1,0.1,0.1
2019-12-12,0.53194,19.98206,0,288.67988,0.06733,0.00418,0.01673,0.06275,0.52822,0.30718,0.51186,0.76779,3.38958,5.08436,10,10.06377,0,0.1,0.1,0.1
2019-12-13,0.45711,19.9886,0,288.64234,0.00808,0.00026,0.00106,0.00396,0.03663,0.00248,0.01211,0.01816,0.08017,0.12026,10,0.88403,0,0.1,0.1,0.1
2019-12-14,0.18296,19.99367,0,288.61328,0.01895,0.00063,0.00252,0.00945,0.0784,0.00288,0.02206,0.03309,0.14609,0.21913,10,0.12824,0,0.1,0.1,0.1
2019-12-15,0.12148,19.99725,0,288.5927,0.02171,0.00078,0.00311,0.01166,0.15,0.03696,0.07955,0.11933,0.5268,0.7902,10,0.12914,0,0.1,0.1,0.1
2019-12-16,0.27908,19.99937,0,288.5806,0.08457,0.00498,0.01991,0.07466,0.54421,0.27542,0.48369,0.72553,3.20302,4.80454,10,10.96436,0,0.1,0.1,0.1
2019-12-17,0.1186,20,0,288.57698,0.02702,0.00093,0.00372,0.01396,0.11145,0.00469,0.03231,0.04847,0.21398,0.32097,10,0.76911,0,0.1,0.1,0.1
2019-12-18,0.08529,19.99915,0,288.58185,0.03203,0.00121,0.00482,0.01809,0.14679,0.00673,0.04043,0.06065,0.26776,0.40164,10,0.14088,0,0.1,0.1,0.1
2019-12-19,0.07578,19.99682,0,288.5952,0.03386,0.00128,0.00511,0.01916,0.15912,0.01116,0.04828,0.07242,0.3197,0.47955,10,0.16586,0,0.1,0.1,0.1
2019-12-20,0.06699,19.99301,0,288.61703,0.0397,0.0015,0.00601,0.02253,0.17982,0.00794,0.04839,0.07258,0.32043,0.48065,10,0.1988,0,0.1,0.1,0.1
2019-12-21,0.06274,19.98773,0,288.64734,0.04283,0.00162,0.0065,0.02436,0.19148,0.00828,0.05052,0.07578,0.33457,0.50185,10,0.21378,0,0.1,0.1,0.1
2019-12-22,0.05929,19.98097,0,288.68612,0.04598,0.00175,0.00699,0.0262,0.20238,0.00864,0.05287,0.0793,0.3501,0.52516,10,0.22614,0,0.1,0.1,0.1
2019-12-23,0.05616,19.97273,0,288.73337,0.04932,0.00188,0.00751,0.02816,0.2136,0.00903,0.05543,0.08315,0.36709,0.55063,10,0.23824,0,0.1,0.1,0.1
2019-12-24,0.05322,19.96303,0,288.78908,0.05293,0.00202,0.00807,0.03027,0.22552,0.00944,0.0582,0.08731,0.38543,0.57815,10,0.25075,0,0.1,0.1,0.1
2019-12-25,0.05049,19.95185,0,288.85325,0.05672,0.00217,0.00866,0.03248,0.23775,0.00987,0.06105,0.09157,0.40427,0.6064,10,0.26349,0,0.1,0.1,0.1
2019-12-26,0.04795,19.93921,0,288.92586,0.06065,0.00232,0.00928,0.03478,0.25017,0.0103,0.06393,0.0959,0.42337,0.63505,10,0.27646,0,0.1,0.1,0.1
2019-12-27,0.04546,19.92511,0,289.00691,0.06504,0.00249,0.00996,0.03735,0.26403,0.01078,0.06716,0.10074,0.44474,0.66711,10,0.29084,0,0.1,0.1,0.1
2019-12-28,0.04314,19.90956,0,289.09638,0.06962,0.00267,0.01068,0.04003,0.2782,0.01126,0.07044,0.10567,0.46649,0.69973,10,0.30557,0,0.1,0.1,0.1
2019-12-29,0.04098,19.89254,0,289.19426,0.07435,0.00285,0.01141,0.0428,0.29248,0.01174,0.07373,0.1106,0.48826,0.7324,10,0.32044,0,0.1,0.1,0.1
2019-12-30,0.03895,19.87408,0,289.30054,0.07929,0.00305,0.01219,0.0457,0.30713,0.01222,0.07709,0.11564,0.5105,0.76575,10,0.33572,0,0.1,0.1,0.1
2019-12-31,0.03687,19.84898,0,289.44521,0.08529,0.00328,0.01312,0.04921,0.32534,0.01283,0.08132,0.12198,0.5385,0.80774,10,0.35451,0,0.1,0.1,0.1
2020-01-01,0.03502,19.82728,0,289.57032,0.08921,0.00343,0.01374,0.05151,0.36931,0.01369,0.09089,0.13633,0.60188,0.90282,10,0.37185,0,0.1,0.1,0.1
2020-01-02,0.03321,19.80416,0,289.70378,0.09365,0.00361,0.01443,0.05411,0.41924,0.01469,0.10179,0.15268,0.67404,1.01107,10,0.39146,0,0.1,0.1,0.1
2020-01-03,0.03154,19.77961,0,289.84555,0.09799,0.00378,0.01511,0.05665,0.47211,0.01573,0.11327,0.16991,0.75012,1.12518,10,0.41093,0,0.1,0.1,0.1
2020-01-04,0.02991,19.75365,0,289.99564,0.10281,0.00396,0.01586,0.05946,0.53084,0.01689,0.12605,0.18908,0.83472,1.25208,10,0.43244,0,0.1,0.1,0.1
2020-01-05,0.02839,19.72628,0,290.154,0.1077,0.00416,0.01662,0.06233,0.59379,0.01813,0.13971,0.20957,0.9252,1.3878,10,0.45452,0,0.1,0.1,0.1
2020-01-06,0.02695,19.69751,0,290.32062,0.11278,0.00435,0.01741,0.0653,0.66176,0.01947,0.15445,0.23167,1.02276,1.53414,10,0.47758,0,0.1,0.1,0.1
2020-01-07,0.0256,19.66736,0,290.49547,0.11796,0.00456,0.01822,0.06834,0.73447,0.02089,0.17018,0.25527,1.12694,1.69041,10,0.50131,0,0.1,0.1,0.1
2020-01-08,0.02426,19.63582,0,290.67853,0.12394,0.00479,0.01916,0.07184,0.81678,0.02253,0.18803,0.28204,1.24515,1.86773,10,0.52848,0,0.1,0.1,0.1
2020-01-09,0.02301,19.60291,0,290.86977,0.1301,0.00503,0.02012,0.07545,0.90522,0.02428,0.20718,0.31077,1.37195,2.05793,10,0.55666,0,0.1,0.1,0.1
2020-01-10,0.02188,19.56864,0,291.06916,0.13575,0.00525,0.021,0.07876,0.99514,0.02602,0.22656,0.33985,1.50033,2.2505,10,0.58321,0,0.1,0.1,0.1
2020-01-11,0.02075,19.53302,0,291.27667,0.14247,0.00551,0.02205,0.0827,1.09819,0.02806,0.24884,0.37326,1.64784,2.47176,10,0.61442,0,0.1,0.1,0.1
2020-01-12,0.01972,19.49605,0,291.49227,0.14891,0.00577,0.02306,0.08648,1.20473,0.03014,0.2718,0.40771,1.79991,2.69987,10,0.64485,0,0.1,0.1,0.1
2020-01-13,0.01872,19.45776,0,291.71593,0.15587,0.00604,0.02415,0.09056,1.32139,0.03243,0.29696,0.44543,1.96647,2.94971,10,0.67778,0,0.1,0.1,0.1
2020-01-14,0.0178,19.41814,0,291.94761,0.1628,0.00631,0.02524,0.09463,1.44403,0.03482,0.32336,0.48504,2.14132,3.21198,10,0.71104,0,0.1,0.1,0.1
2020-01-15,0.01692,19.37722,0,292.18728,0.16988,0.00659,0.02634,0.09879,1.57424,0.03736,0.35137,0.52705,2.32678,3.49017,10,0.74529,0,0.1,0.1,0.1
2020-01-16,0.01608,19.335,0,292.43489,0.17768,0.00689,0.02756,0.10337,1.71796,0.04018,0.3823,0.57344,2.5316,3.7974,10,0.78295,0,0.1,0.1,0.1
2020-01-17,0.01523,19.2915,0,292.69042,0.18674,0.00725,0.02898,0.10868,1.88164,0.04342,0.41757,0.62635,2.76519,4.14778,10,0.82629,0,0.1,0.1,0.1
2020-01-18,0.01446,19.24673,0,292.95382,0.19543,0.00759,0.03034,0.11378,2.04975,0.04673,0.45373,0.68059,3.00463,4.50694,10,0.86863,0,0.1,0.1,0.1
2020-01-19,0.01373,19.20071,0,293.22505,0.20452,0.00794,0.03176,0.11912,2.23051,0.05029,0.49259,0.73889,3.26198,4.89297,10,0.91322,0,0.1,0.1,0.1
2020-01-20,0.01305,19.15344,0,293.50407,0.21381,0.00831,0.03322,0.12458,2.42231,0.05406,0.5338,0.8007,3.53487,5.30231,10,0.95924,0,0.1,0.1,0.1
2020-01-21,0.01239,19.10494,0,293.79083,0.2236,0.00869,0.03475,0.13033,2.62907,0.05813,0.57821,0.86732,3.82899,5.74348,10,1.00799,0,0.1,0.1,0.1
2020-01-22,0.01176,19.05523,0,294.08528,0.23424,0.00911,0.03642,0.13658,2.85589,0.06261,0.62694,0.94042,4.15169,6.22753,10,1.06101,0,0.1,0.1,0.1
2020-01-23,0.01117,19.00431,0,294.38738,0.24492,0.00952,0.0381,0.14286,3.09376,0.0673,0.67801,1.01701,4.48985,6.73477,10,1.11489,0,0.1,0.1,0.1
2020-01-24,0.01062,18.95222,0,294.69708,0.25578,0.00995,0.0398,0.14924,3.34483,0.07224,0.73188,1.09781,4.84656,7.26983,10,1.17026,0,0.1,0.1,0.1
2020-01-25,0.0101,18.89895,0,295.01433,0.26688,0.01038,0.04154,0.15577,3.61033,0.07747,0.78881,1.18322,5.22358,7.83537,10,1.22741,0,0.1,0.1,0.1
2020-01-26,0.00959,18.84453,0,295.33907,0.27949,0.01088,0.04351,0.16318,3.9086,0.08337,0.85282,1.27922,5.64743,8.47114,10,1.29194,0,0.1,0.1,0.1
2020-01-27,0.00913,18.78897,0,295.67125,0.29061,0.01132,0.04526,0.16973,4.19872,0.08907,0.91495,1.37243,6.05892,9.08838,10,1.35085,0,0.1,0.1,0.1
2020-01-28,0.00865,18.73229,0,296.01081,0.30576,0.01191,0.04763,0.17863,4.56094,0.09628,0.99271,1.48907,6.57384,9.86075,10,1.42832,0,0.1,0.1,0.1
2020-01-29,0.00826,18.6745,0,296.3577,0.31624,0.01232,0.04928,0.18481,4.86758,0.10228,1.05829,1.58743,7.00808,10.51212,10,1.48607,0,0.1,0.1,0.1
2020-01-30,0.00784,18.61563,0,296.71185,0.33123,0.01291,0.05163,0.19362,5.2578,0.11003,1.14195,1.71292,7.5621,11.34315,10,1.56494,0,0.1,0.1,0.1
2020-01-31,0.02675,18.55569,0,297.07321,0.03799,0.00145,0.00578,0.02169,0.59311,0.01786,0.13832,0.20748,0.91597,1.37395,10,0.17886,0,0.1,0.1,0.1
2020-02-01,0.02639,18.4947,0,297.44171,0.0439,0.00166,0.00665,0.02493,0.81978,0.08034,0.28611,0.42916,1.89465,2.84197,10,0.20845,0,0.1,0.1,0.1
2020-02-02,0.01187,18.43267,0,297.81728,0.22128,0.00838,0.0335,0.12563,3.30058,0.07463,0.76287,1.14431,5.05183,7.57774,10,1.03385,0,0.1,0.1,0.1
2020-02-03,0.04665,18.36962,0,298.19986,0.02246,0.00083,0.00333,0.01248,0.51054,0.12041,0.26343,0.39514,1.74444,2.61666,10,0.10065,0,0.1,0.1,0.1
2020-02-04,0.01819,18.30558,0,298.58938,0.14528,0.00541,0.02165,0.08119,2.01538,0.04954,0.49087,0.7363,3.25056,4.87585,10,0.66404,0,0.1,0.1,0.1
2020-02-05,0.01665,18.24056,0,298.98576,0.15726,0.00589,0.02356,0.08834,2.17774,0.05337,0.52062,0.78092,3.44758,5.17136,10,0.74831,0,0.1,0.1,0.1
2020-02-06,0.01572,18.17459,0,299.38895,0.16376,0.00615,0.0246,0.09224,2.243,0.05534,0.53265,0.79897,3.52725,5.29087,10,0.79472,0,0.1,0.1,0.1
2020-02-07,0.01486,18.10767,0,299.79885,0.17154,0.00645,0.02581,0.0968,2.31533,0.05771,0.54855,0.82282,3.63252,5.44878,10,0.84119,0,0.1,0.1,0.1
2020-02-08,0.01408,18.03983,0,300.2154,0.17948,0.00676,0.02705,0.10144,2.38334,0.06005,0.56415,0.84622,3.73583,5.60374,10,0.88702,0,0.1,0.1,0.1
2020-02-09,0.01334,17.97109,0,300.63852,0.18802,0.00709,0.02838,0.10641,2.45323,0.06254,0.58052,0.87078,3.84426,5.76639,10,0.93586,0,0.1,0.1,0.1
2020-02-10,0.01268,17.90148,0,301.06811,0.19566,0.00739,0.02957,0.11088,2.50622,0.06465,0.59311,0.88967,3.92764,5.89146,10,0.98126,0,0.1,0.1,0.1
2020-02-11,0.01201,17.831,0,301.50412,0.20505,0.00776,0.03103,0.11635,2.57625,0.06724,0.60979,0.91468,4.03808,6.05712,10,1.03576,0,0.1,0.1,0.1
2020-02-12,0.01141,17.75969,0,301.94643,0.21378,0.0081,0.03239,0.12146,2.63225,0.06951,0.6232,0.9348,4.12691,6.19036,10,1.0881,0,0.1,0.1,0.1
2020-02-13,0.01083,17.68756,0,302.39498,0.22319,0.00846,0.03385,0.12695,2.69046,0.07189,0.63721,0.95581,4.21964,6.32946,10,1.14459,0,0.1,0.1,0.1
2020-02-14,0.01028,17.61464,0,302.84967,0.2329,0.00884,0.03537,0.13263,2.74576,0.07425,0.65059,0.97589,4.3083,6.46246,10,1.20353,0,0.1,0.1,0.1
2020-02-15,0.00974,17.54094,0,303.31042,0.24392,0.00927,0.03708,0.13906,2.80942,0.0769,0.66605,0.99907,4.41065,6.61597,10,1.26998,0,0.1,0.1,0.1
2020-02-16,0.00924,17.46649,0,303.77711,0.25491,0.0097,0.0388,0.14549,2.86506,0.07939,0.6797,1.01955,4.50104,6.75156,10,1.33749,0,0.1,0.1,0.1
2020-02-17,0.00877,17.39131,0,304.24967,0.26614,0.01014,0.04055,0.15206,2.91531,0.08181,0.69218,1.03827,4.58366,6.8755,10,1.4074,0,0.1,0.1,0.1
2020-02-18,0.00834,17.31542,0,304.728,0.27635,0.01054,0.04215,0.15806,2.9463,0.08375,0.70019,1.05029,4.63676,6.95514,10,1.47339,0,0.1,0.1,0.1
2020-02-19,0.00792,17.23885,0,305.21199,0.28817,0.011,0.044,0.16499,2.98609,0.08601,0.71043,1.06564,4.70452,7.05678,10,1.54885,0,0.1,0.1,0.1
2020-02-20,0.01241,17.16161,0,305.70154,0.1111,0.00424,0.01697,0.06362,1.11623,0.04264,0.27099,0.40648,1.79449,2.69174,10,0.60307,0,0.1,0.1,0.1
2020-02-21,0.00773,17.08374,0,306.19655,0.29172,0.01107,0.0443,0.16611,2.79831,0.09024,0.68805,1.03207,4.5563,6.83446,10,1.58428,0,0.1,0.1,0.1
2020-02-22,0.00733,17.00525,0,306.69691,0.30496,0.01159,0.04636,0.17384,2.83048,0.09233,0.6961,1.04415,4.60963,6.91444,10,1.66975,0,0.1,0.1,0.1
2020-02-23,0.00694,16.92616,0,307.20251,0.31966,0.01216,0.04865,0.18242,2.86463,0.09517,0.70608,1.05912,4.67574,7.0136,10,1.76474,0,0.1,0.1,0.1
2020-02-24,0.00659,16.84651,0,307.71325,0.33345,0.0127,0.0508,0.1905,2.87884,0.0975,0.71149,1.06723,4.71155,7.06733,10,1.85669,0,0.1,0.1,0.1
2020-02-25,0.00625,16.76631,0,308.229,0.34797,0.01327,0.05307,0.199,2.88734,0.09981,0.71578,1.07367,4.73996,7.10995,10,1.95435,0,0.1,0.1,0.1
2020-02-26,0.00593,16.68558,0,308.74965,0.3632,0.01386,0.05545,0.20792,2.88869,0.10205,0.71863,1.07794,4.75881,7.13822,10,2.05768,0,0.1,0.1,0.1
2020-02-27,0.00563,16.60436,0,309.27509,0.37923,0.01449,0.05795,0.21731,2.88253,0.10424,0.71997,1.07996,4.76773,7.1516,10,2.16741,0,0.1,0.1,0.1
2020-02-28,0.00534,16.52266,0,309.8052,0.39547,0.01512,0.06049,0.22683,2.86329,0.10619,0.71846,1.0777,4.75774,7.13661,10,2.28046,0,0.1,0.1,0.1
2020-02-29,0.00508,16.44052,0,310.33984,0.41328,0.01581,0.06326,0.23722,2.9927,0.10942,0.74783,1.12174,4.9522,7.42829,10,2.38976,0,0.1,0.1,0.1
2020-03-01,0.00483,16.35794,0,310.8789,0.4336,0.0166,0.06642,0.24906,3.14441,0.11329,0.7824,1.17361,5.18116,7.77175,10,2.51355,0,0.1,0.1,0.1
2020-03-02,0.00458,16.27497,0,311.42225,0.45649,0.01749,0.06997,0.26239,3.31517,0.11773,0.82148,1.23222,5.43993,8.1599,10,2.65265,0,0.1,0.1,0.1
2020-03-03,0.00435,16.19161,0,311.96976,0.47699,0.01829,0.07316,0.27436,3.46886,0.12146,0.8561,1.28415,5.66917,8.50376,10,2.77934,0,0.1,0.1,0.1
2020-03-04,0.00413,16.10791,0,312.5213,0.50175,0.01925,0.07701,0.28879,3.65383,0.12618,0.89821,1.34731,5.948,8.92201,10,2.93087,0,0.1,0.1,0.1
2020-03-05,0.00395,16.02387,0,313.07673,0.51957,0.01995,0.0798,0.29925,3.78845,0.12907,0.92826,1.39239,6.14704,9.22056,10,3.04387,0,0.1,0.1,0.1
2020-03-06,0.00373,15.93954,0,313.63591,0.54936,0.02111,0.08443,0.31661,4.01082,0.13484,0.97942,1.46913,6.48581,9.72871,10,3.22683,0,0.1,0.1,0.1
2020-03-07,0.00353,15.85492,0,314.19871,0.58111,0.02234,0.08936,0.33511,4.24793,0.14095,1.03353,1.55029,6.84413,10.2662,10,3.4215,0,0.1,0.1,0.1
2020-03-08,0.00336,15.77005,0,314.76498,0.60867,0.02341,0.09366,0.35122,4.45486,0.14593,1.08001,1.62002,7.15197,10.72795,10,3.59374,0,0.1,0.1,0.1
2020-03-09,0.00319,15.68496,0,315.33458,0.63795,0.02456,0.09822,0.36834,4.67482,0.15122,1.12941,1.69412,7.47908,11.21863,10,3.77717,0,0.1,0.1,0.1
2020-03-10,0.00962,15.59966,0,315.90737,0.07461,0.00284,0.01135,0.04256,0.53289,0.02461,0.14109,0.21164,0.93434,1.40152,10,0.43984,0,0.1,0.1,0.1
2020-03-11,0.00345,15.51419,0,316.48319,0.5995,0.02265,0.09058,0.33968,4.21676,0.1808,1.15293,1.7294,7.63484,11.45226,10,3.49872,0,0.1,0.1,0.1
2020-03-12,0.00328,15.42856,0,317.06189,0.62661,0.02369,0.09477,0.35539,4.417,0.18613,1.19992,1.79989,7.94601,11.91902,10,3.66887,0,0.1,0.1,0.1
2020-03-13,0.07439,15.3428,0,317.64332,0.00313,0.00011,0.00045,0.00169,0.05215,0.04724,0.06646,0.0997,0.44013,0.6602,10,0.01773,0,0.1,0.1,0.1
2020-03-14,0.01283,15.25695,0,318.22733,0.17252,0.00618,0.02473,0.09272,1.03926,0.08535,0.48432,0.72648,3.2072,4.81081,10,0.91101,0,0.1,0.1,0.1
2020-03-15,0.01169,15.17101,0,318.81375,0.18442,0.00666,0.02663,0.09988,1.15975,0.08347,0.44481,0.66721,2.94556,4.41833,10,1.03356,0,0.1,0.1,0.1
2020-03-16,0.01087,15.08503,0,319.40243,0.19717,0.00715,0.02859,0.1072,1.2615,0.08531,0.44672,0.67008,2.95823,4.43734,10,1.12851,0,0.1,0.1,0.1
2020-03-17,0.01026,14.99902,0,319.9932,0.20771,0.00755,0.03019,0.11322,1.34019,0.08739,0.45852,0.68778,3.03637,4.55455,10,1.199,0,0.1,0.1,0.1
2020-03-18,0.00971,14.91302,0,320.5859,0.21838,0.00795,0.03181,0.11929,1.41697,0.08984,0.47587,0.71381,3.15129,4.72694,10,1.26657,0,0.1,0.1,0.1
2020-03-19,0.00919,14.82703,0,321.18036,0.22991,0.00839,0.03355,0.12582,1.4983,0.09278,0.49663,0.74495,3.28874,4.93311,10,1.33809,0,0.1,0.1,0.1
2020-03-20,0.00872,14.7411,0,321.77641,0.241,0.00881,0.03523,0.13211,1.57677,0.0955,0.51676,0.77514,3.42205,5.13307,10,1.40736,0,0.1,0.1,0.1
2020-03-21,0.02706,14.65525,0,322.37388,0.02653,0.00096,0.00385,0.01445,0.29921,0.10626,0.19023,0.28535,1.25975,1.88962,10,0.15893,0,0.1,0.1,0.1
2020-03-22,0.01106,14.5695,0,322.97259,0.18449,0.00668,0.02672,0.10019,1.16991,0.10843,0.46139,0.69209,3.05539,4.58309,10,1.03559,0,0.1,0.1,0.1
2020-03-23,0.00981,14.48387,0,323.57237,0.21347,0.00778,0.03112,0.11671,1.38216,0.08573,0.47475,0.71212,3.14382,4.71572,10,1.24297,0,0.1,0.1,0.1
2020-03-24,0.0479,14.3984,0,324.17305,0.01449,0.00052,0.00209,0.00782,0.23785,0.23232,0.26005,0.39007,1.72208,2.58311,10,0.27505,0,0.1,0.1,0.1
2020-03-25,0.01465,14.31311,0,324.77444,0.14601,0.00522,0.02086,0.07823,0.87588,0.07593,0.4031,0.60465,2.66936,4.00404,10,0.775,0,0.1,0.1,0.1
2020-03-26,0.04366,14.22802,0,325.37635,0.03551,0.00197,0.00787,0.0295,0.52786,1.55926,1.11717,1.67575,7.39798,11.09697,10,7.48754,0,0.1,0.1,0.1
2020-03-27,0.02513,14.14315,0,325.97862,0.08235,0.00281,0.01123,0.04211,0.64015,0.17568,0.46864,0.70296,3.10336,4.65504,10,0.37327,0,0.1,0.1,0.1
2020-03-28,0.01701,14.05854,0,326.58104,0.13205,0.00464,0.01858,0.06966,0.76071,0.06741,0.36699,0.55048,2.43022,3.64533,10,0.65787,0,0.1,0.1,0.1
2020-03-29,0.01493,13.97421,0,327.18344,0.14298,0.00512,0.02049,0.07684,0.88359,0.06335,0.34127,0.51191,2.25993,3.3899,10,0.80469,0,0.1,0.1,0.1
2020-03-30,0.01379,13.89019,0,327.78562,0.15133,0.00546,0.02186,0.08196,0.96136,0.06264,0.33726,0.50588,2.23334,3.35001,10,0.89064,0,0.1,0.1,0.1
2020-03-31,0.01296,13.80649,0,328.38739,0.15961,0.00579,0.02316,0.08686,1.03473,0.06794,0.34865,0.52297,2.30877,3.46316,10,0.95478,0,0.1,0.1,0.1
2020-04-01,0.01225,13.72314,0,328.98856,0.16803,0.00612,0.02447,0.09177,1.10577,0.07401,0.36507,0.5476,2.41752,3.62628,10,1.01128,0,0.1,0.1,0.1
2020-04-02,0.01164,13.64018,0,329.58893,0.17553,0.00641,0.02564,0.09617,1.17057,0.07993,0.38127,0.57191,2.52481,3.78722,10,1.06019,0,0.1,0.1,0.1
2020-04-03,0.011,13.55761,0,330.18832,0.18527,0.00679,0.02714,0.10178,1.25081,0.08713,0.40285,0.60427,2.66771,4.00156,10,1.1216,0,0.1,0.1,0.1
2020-04-04,0.01042,13.47548,0,330.78651,0.19533,0.00717,0.02869,0.1076,1.33441,0.09462,0.42556,0.63834,2.81811,4.22716,10,1.18469,0,0.1,0.1,0.1
2020-04-05,0.00988,13.39379,0,331.38332,0.20483,0.00754,0.03017,0.11313,1.4157,0.10193,0.44721,0.67082,2.96148,4.44221,10,1.24505,0,0.1,0.1,0.1
2020-04-06,0.00938,13.31258,0,331.97854,0.21496,0.00793,0.03174,0.11902,1.50267,0.10961,0.47028,0.70541,3.11421,4.67132,10,1.30928,0,0.1,0.1,0.1
2020-04-07,0.00888,13.23186,0,332.57197,0.22638,0.00838,0.03351,0.12564,1.6002,0.11801,0.49624,0.74435,3.28612,4.92918,10,1.38128,0,0.1,0.1,0.1
2020-04-08,0.03018,13.15168,0,333.16341,0.02493,0.00091,0.00366,0.01372,0.49105,0.1897,0.33575,0.50363,2.2234,3.3351,10,0.20053,0,0.1,0.1,0.1
2020-04-09,0.01039,13.07203,0,333.75266,0.20031,0.00736,0.02945,0.11043,1.39755,0.12344,0.46334,0.69502,3.06831,4.60246,10,1.11994,0,0.1,0.1,0.1
2020-04-10,0.04101,12.99296,0,334.3395,0.01408,0.00054,0.00215,0.00805,0.43935,0.36723,0.4367,0.65505,2.89187,4.33781,10,0.43293,0,0.1,0.1,0.1
2020-04-11,0.09071,12.91448,0,334.92373,0.01738,0.00081,0.00324,0.01216,0.26413,0.42078,0.39577,0.59365,2.62081,3.93121,10,1.44694,0,0.1,0.1,0.1
2020-04-12,0.04705,12.83662,0,335.50516,0.04516,0.00154,0.00617,0.02314,0.50244,0.15653,0.36715,0.55073,2.43131,3.64696,10,0.15428,0,0.1,0.1,0.1
2020-04-13,0.0313,12.7594,0,336.08356,0.06888,0.00241,0.00965,0.03618,0.42418,0.10322,0.24187,0.3628,1.60167,2.40251,10,0.32178,0,0.1,0.1,0.1
2020-04-14,0.02387,12.68285,0,336.65874,0.09037,0.00323,0.01291,0.04842,0.60181,0.09129,0.25866,0.38799,1.71288,2.56932,10,0.48374,0,0.1,0.1,0.1
2020-04-15,0.04188,12.60698,0,337.23047,0.07855,0.00459,0.01835,0.0688,0.85751,1.98127,1.65211,2.47817,10.94046,16.41069,10,13.67977,0,0.1,0.1,0.1
2020-04-16,0.03854,12.53181,0,337.79857,0.06125,0.00221,0.00882,0.03308,0.52042,0.17284,0.30309,0.45464,2.00712,3.01068,10,0.50876,0,0.1,0.1,0.1
2020-04-17,0.0264,12.45738,0,338.3628,0.0837,0.00302,0.01208,0.04529,0.57588,0.08729,0.23239,0.34859,1.53892,2.30838,10,0.40994,0,0.1,0.1,0.1
2020-04-18,0.02271,12.3837,0,338.92297,0.09239,0.00335,0.01341,0.05027,0.66065,0.09412,0.24552,0.36829,1.62588,2.43882,10,0.52725,0,0.1,0.1,0.1
2020-04-19,0.02096,12.31079,0,339.47887,0.09796,0.00357,0.01426,0.05349,0.7156,0.09957,0.25571,0.38356,1.69332,2.53998,10,0.5906,0,0.1,0.1,0.1
2020-04-20,0.01976,12.23868,0,340.03029,0.10295,0.00376,0.01503,0.05638,0.76304,0.10529,0.26707,0.40061,1.76858,2.65288,10,0.63254,0,0.1,0.1,0.1
2020-04-21,0.0187,12.16739,0,340.57701,0.10834,0.00397,0.01586,0.05948,0.81268,0.11175,0.28055,0.42082,1.85782,2.78672,10,0.67084,0,0.1,0.1,0.1
2020-04-22,0.01773,12.09693,0,341.11882,0.11384,0.00418,0.01671,0.06267,0.86385,0.11806,0.29455,0.44183,1.95054,2.92581,10,0.70701,0,0.1,0.1,0.1
2020-04-23,0.01681,12.02734,0,341.65553,0.11974,0.00441,0.01762,0.06609,0.91875,0.12474,0.30968,0.46453,2.05077,3.07615,10,0.74487,0,0.1,0.1,0.1
2020-04-24,0.04943,11.95862,0,342.18691,0.01523,6e-04,0.00239,0.00896,0.3344,0.22957,0.29952,0.44928,1.98346,2.97519,10,0.56474,0,0.1,0.1,0.1
2020-04-25,0.06351,11.8908,0,342.71276,0.02259,9e-04,0.00359,0.01346,0.31647,0.33149,0.34491,0.51737,2.28405,3.42608,10,0.74907,0,0.1,0.1,0.1
2020-04-26,0.0741,11.82391,0,343.23288,0.03558,0.0016,0.0064,0.02399,0.3197,0.41903,0.40263,0.60394,2.66624,3.99935,10,1.48584,0,0.1,0.1,0.1
2020-04-27,0.05924,11.75795,0,343.74706,0.03135,0.00114,0.00456,0.0171,0.3725,0.17156,0.26254,0.39381,1.73856,2.60784,10,0.27904,0,0.1,0.1,0.1
2020-04-28,0.04302,11.69295,0,344.25508,0.04995,0.00181,0.00723,0.02711,0.46416,0.11013,0.23616,0.35424,1.56388,2.34582,10,0.22223,0,0.1,0.1,0.1
2020-04-29,0.03257,11.62893,0,344.75676,0.06431,0.00236,0.00942,0.03534,0.49649,0.08797,0.18798,0.28197,1.24483,1.86724,10,0.35719,0,0.1,0.1,0.1
2020-04-30,0.0292,11.56591,0,345.25187,0.06921,0.00255,0.01019,0.03822,0.5458,0.08832,0.19087,0.2863,1.26395,1.89593,10,0.42405,0,0.1,0.1,0.1
2020-05-01,0.02743,11.50391,0,345.74023,0.07248,0.00267,0.0107,0.04011,0.57557,0.08977,0.19482,0.29224,1.29014,1.93521,10,0.46035,0,0.1,0.1,0.1
2020-05-02,0.02605,11.44294,0,346.22163,0.07557,0.00279,0.01117,0.04188,0.60135,0.0921,0.20045,0.30067,1.32738,1.99108,10,0.48712,0,0.1,0.1,0.1
2020-05-03,0.02475,11.38302,0,346.69587,0.07896,0.00292,0.01168,0.0438,0.62865,0.09507,0.20754,0.3113,1.37432,2.06148,10,0.51306,0,0.1,0.1,0.1
2020-05-04,0.02352,11.32417,0,347.16275,0.0825,0.00305,0.01222,0.04582,0.65702,0.09805,0.2151,0.32265,1.42441,2.13661,10,0.53894,0,0.1,0.1,0.1
2020-05-05,0.10402,11.26641,0,347.62209,0.00998,0.00039,0.00157,0.00588,0.29341,0.23078,0.29193,0.4379,1.93322,2.89983,10,0.48962,0,0.1,0.1,0.1
2020-05-06,0.10889,11.20976,0,348.07368,0.01959,0.00078,0.00313,0.01173,0.23038,0.20166,0.24086,0.36129,1.59501,2.39251,10,0.63964,0,0.1,0.1,0.1
2020-05-07,0.05899,11.15422,0,348.51733,0.0371,0.00134,0.00535,0.02006,0.26551,0.06219,0.11896,0.17844,0.78775,1.18162,10,0.16926,0,0.1,0.1,0.1
2020-05-08,0.0459,11.09983,0,348.95287,0.0438,0.0016,0.0064,0.02399,0.33032,0.06313,0.1252,0.1878,0.8291,1.24365,10,0.25743,0,0.1,0.1,0.1
2020-05-09,0.04886,11.04659,0,349.38009,0.03408,0.00127,0.00508,0.01907,0.33361,0.1457,0.19237,0.28856,1.2739,1.91085,10,0.50432,0,0.1,0.1,0.1
2020-05-10,0.09406,10.99452,0,349.79881,0.05063,0.00299,0.01197,0.0449,0.4295,0.53477,0.56273,0.84409,3.72642,5.58964,10,3.68927,0,0.1,0.1,0.1
2020-05-11,0.05289,10.94363,0,350.20886,0.03888,0.00143,0.00571,0.0214,0.291,0.05331,0.10708,0.16061,0.70906,1.0636,10,0.20415,0,0.1,0.1,0.1
2020-05-12,0.20968,10.89394,0,350.61006,0.14013,0.0096,0.03838,0.14393,0.87986,0.73399,1.02278,1.53417,6.77295,10.15942,10,12.31303,0,0.1,0.1,0.1
2020-05-13,0.19376,10.84547,0,351.00223,0.01364,0.00045,0.00179,0.0067,0.10039,0.0197,0.04083,0.06125,0.27039,0.40559,10,1.02216,0,0.1,0.1,0.1
2020-05-14,0.09922,10.79823,0,351.38519,0.02296,0.00081,0.00325,0.0122,0.16293,0.02798,0.05653,0.08479,0.37432,0.56148,10,0.4204,0,0.1,0.1,0.1
2020-05-15,0.0798,10.75223,0,351.75879,0.02372,0.00087,0.00349,0.01308,0.22551,0.05441,0.10465,0.15698,0.69301,1.03952,10,0.13246,0,0.1,0.1,0.1
2020-05-16,0.06264,10.70749,0,352.12284,0.03024,0.00111,0.00446,0.01671,0.22928,0.03939,0.07789,0.11683,0.51576,0.77364,10,0.19687,0,0.1,0.1,0.1
2020-05-17,0.05679,10.66402,0,352.4772,0.03221,0.00119,0.00476,0.01784,0.24656,0.0407,0.08112,0.12168,0.53717,0.80575,10,0.22811,0,0.1,0.1,0.1
2020-05-18,0.05359,10.62184,0,352.8217,0.03359,0.00124,0.00497,0.01863,0.25774,0.04179,0.08365,0.12547,0.55392,0.83088,10,0.24542,0,0.1,0.1,0.1
2020-05-19,0.09947,10.58094,0,353.15619,0.01833,0.00073,0.00291,0.0109,0.22146,0.17298,0.20257,0.30386,1.34145,2.01218,10,0.62399,0,0.1,0.1,0.1
2020-05-20,0.11359,10.54136,0,353.48052,0.01365,0.00049,0.00196,0.00736,0.23209,0.09356,0.16135,0.24202,1.06847,1.60271,10,0.28934,0,0.1,0.1,0.1
2020-05-21,0.75765,10.50309,0,353.79453,0.05397,0.00331,0.01324,0.04965,0.28004,0.14885,0.25692,0.38538,1.70134,2.55202,10,8.22764,0,0.1,0.1,0.1
2020-05-22,0.39744,10.46616,0,354.09809,0.00638,0.00021,0.00083,0.0031,0.04693,0.01025,0.01997,0.02996,0.13225,0.19837,10,0.65624,0,0.1,0.1,0.1
2020-05-23,0.25645,10.43057,0,354.39106,0.00939,0.00031,0.00125,0.00468,0.07661,0.02143,0.03881,0.05821,0.257,0.3855,10,0.1802,0,0.1,0.1,0.1
2020-05-24,0.19992,10.39633,0,354.67331,0.01111,0.00037,0.00148,0.00555,0.09295,0.02844,0.04926,0.07389,0.3262,0.4893,10,0.14836,0,0.1,0.1,0.1
2020-05-25,0.13461,10.36345,0,354.94469,0.0154,0.00051,0.00204,0.00765,0.10126,0.01702,0.03432,0.05149,0.2273,0.34095,10,0.09462,0,0.1,0.1,0.1
2020-05-26,0.11309,10.33194,0,355.2051,0.01713,0.00057,0.00229,0.0086,0.11528,0.01811,0.0374,0.05611,0.2477,0.37155,10,0.12174,0,0.1,0.1,0.1
2020-05-27,0.1037,10.30182,0,355.4544,0.01643,0.00061,0.00244,0.00915,0.12329,0.01973,0.0391,0.05865,0.25895,0.38842,10,0.13268,0,0.1,0.1,0.1
2020-05-28,0.11527,10.27308,0,355.69249,0.01354,0.00049,0.00197,0.00737,0.13747,0.0401,0.06934,0.10401,0.4592,0.6888,10,0.14842,0,0.1,0.1,0.1
2020-05-29,0.12518,10.24575,0,355.91925,0.01505,5e-04,0.00199,0.00746,0.14599,0.03803,0.07589,0.11384,0.50258,0.75387,10,0.09922,0,0.1,0.1,0.1
2020-05-30,0.12705,10.21982,0,356.13457,0.01424,0.00047,0.00189,0.00709,0.12652,0.03322,0.06318,0.09477,0.4184,0.6276,10,0.09952,0,0.1,0.1,0.1
2020-05-31,0.13625,10.1953,0,356.33836,0.01344,0.00045,0.00179,0.00673,0.11392,0.03756,0.06173,0.0926,0.4088,0.6132,10,0.11913,0,0.1,0.1,0.1
2020-06-01,0.7863,10.17221,0,356.53051,0.05835,0.00353,0.01411,0.05293,0.26806,0.13255,0.23735,0.35603,1.57177,2.35765,10,9.21425,0,0.1,0.1,0.1
2020-06-02,0.40216,10.15055,0,356.71095,0.00567,0.00018,0.00074,0.00277,0.045,0.01126,0.02096,0.03144,0.13879,0.20818,10,0.63768,0,0.1,0.1,0.1
2020-06-03,0.25967,10.13032,0,356.87957,0.00852,0.00027,0.0011,0.00412,0.0569,0.01083,0.02075,0.03112,0.13739,0.20609,10,0.21362,0,0.1,0.1,0.1
2020-06-04,0.17878,10.11153,0,357.03632,0.01072,0.00035,0.00142,0.00532,0.08758,0.01784,0.03601,0.05401,0.23845,0.35768,10,0.08177,0,0.1,0.1,0.1
2020-06-05,0.14607,10.09419,0,357.1811,0.01261,0.00042,0.00167,0.00628,0.09255,0.01467,0.0313,0.04695,0.20725,0.31088,10,0.09557,0,0.1,0.1,0.1
2020-06-06,0.13087,10.0783,0,357.31385,0.01364,0.00045,0.00181,0.00679,0.09858,0.01335,0.03022,0.04533,0.20013,0.3002,10,0.11099,0,0.1,0.1,0.1
2020-06-07,0.12266,10.06387,0,357.43451,0.0143,0.00047,0.0019,0.00712,0.10511,0.01359,0.03165,0.04748,0.20962,0.31443,10,0.1196,0,0.1,0.1,0.1
2020-06-08,0.15109,10.05089,0,357.54302,0.01381,0.00055,0.0022,0.00823,0.1672,0.08672,0.12712,0.19069,0.84183,1.26274,10,0.58715,0,0.1,0.1,0.1
2020-06-09,0.14208,10.03939,0,357.63933,0.01258,0.00042,0.00167,0.00625,0.11441,0.02179,0.04711,0.07067,0.31199,0.46798,10,0.09105,0,0.1,0.1,0.1
2020-06-10,0.13048,10.02935,0,357.72339,0.0132,0.00044,0.00175,0.00655,0.11852,0.02114,0.04672,0.07008,0.30937,0.46406,10,0.10278,0,0.1,0.1,0.1
2020-06-11,0.11515,10.02078,0,357.79516,0.01504,5e-04,0.00199,0.00747,0.11537,0.01433,0.03478,0.05217,0.2303,0.34545,10,0.12345,0,0.1,0.1,0.1
2020-06-12,0.10998,10.01368,0,357.85461,0.01425,5e-04,0.00199,0.00747,0.11798,0.01464,0.03483,0.05225,0.23065,0.34598,10,0.12789,0,0.1,0.1,0.1
2020-06-13,0.13343,10.00806,0,357.90171,0.01252,0.00041,0.00165,0.0062,0.11929,0.02537,0.05168,0.07752,0.34222,0.51333,10,0.09938,0,0.1,0.1,0.1
2020-06-14,0.11096,10.00392,0,357.93644,0.01517,0.00051,0.00206,0.00771,0.12307,0.01548,0.03755,0.05632,0.24863,0.37294,10,0.12216,0,0.1,0.1,0.1
2020-06-15,0.10042,10.00125,0,357.95878,0.01488,0.00055,0.0022,0.00826,0.1353,0.0164,0.0393,0.05895,0.26023,0.39035,10,0.13641,0,0.1,0.1,0.1
2020-06-16,0.09431,10.00007,0,357.96872,0.01555,0.00058,0.00231,0.00865,0.14419,0.01662,0.04099,0.06149,0.27146,0.40719,10,0.14664,0,0.1,0.1,0.1
2020-06-17,0.08964,10.00036,0,357.96626,0.01617,6e-04,0.0024,0.009,0.15229,0.01698,0.04278,0.06417,0.28329,0.42493,10,0.15432,0,0.1,0.1,0.1
2020-06-18,0.13422,10.00213,0,357.95139,0.0119,0.00042,0.00166,0.00624,0.1601,0.06451,0.10337,0.15505,0.68451,1.02676,10,0.18942,0,0.1,0.1,0.1
2020-06-19,0.10059,10.00539,0,357.92412,0.01535,0.00055,0.00222,0.00831,0.14151,0.01796,0.04305,0.06458,0.28509,0.42764,10,0.12597,0,0.1,0.1,0.1
2020-06-20,0.0886,10.01012,0,357.88447,0.01635,6e-04,0.00241,0.00905,0.15814,0.01796,0.04522,0.06783,0.29944,0.44916,10,0.15106,0,0.1,0.1,0.1
2020-06-21,0.08251,10.01632,0,357.83246,0.01715,0.00063,0.00254,0.00952,0.16947,0.01817,0.04728,0.07092,0.31309,0.46963,10,0.16506,0,0.1,0.1,0.1
2020-06-22,0.07826,10.02401,0,357.7681,0.01783,0.00066,0.00264,0.0099,0.17921,0.01855,0.04938,0.07406,0.32698,0.49047,10,0.17458,0,0.1,0.1,0.1
2020-06-23,0.07461,10.03316,0,357.69144,0.01851,0.00069,0.00274,0.01029,0.18886,0.01903,0.05161,0.07741,0.34174,0.51261,10,0.18287,0,0.1,0.1,0.1
2020-06-24,0.07387,10.04379,0,357.6025,0.01788,0.00066,0.00265,0.00994,0.18741,0.02034,0.05312,0.07967,0.35174,0.52761,10,0.17786,0,0.1,0.1,0.1
2020-06-25,0.0684,10.05588,0,357.50134,0.01997,0.00074,0.00295,0.01105,0.20758,0.02129,0.05794,0.08691,0.38368,0.57551,10,0.19752,0,0.1,0.1,0.1
2020-06-26,0.06505,10.06943,0,357.38799,0.02069,0.00077,0.00306,0.01149,0.21969,0.02112,0.05964,0.08946,0.39493,0.59239,10,0.20748,0,0.1,0.1,0.1
2020-06-27,0.06432,10.08444,0,357.26252,0.02044,0.00076,0.00302,0.01134,0.2605,0.03375,0.08923,0.13384,0.59087,0.8863,10,0.20538,0,0.1,0.1,0.1
2020-06-28,0.06385,10.10091,0,357.12498,0.02028,0.00075,0.003,0.01124,0.2701,0.04325,0.10185,0.15277,0.67444,1.01165,10,0.20166,0,0.1,0.1,0.1
2020-06-29,0.05865,10.11883,0,356.97543,0.02244,0.00083,0.00332,0.01245,0.24811,0.02271,0.06653,0.0998,0.4406,0.6609,10,0.22669,0,0.1,0.1,0.1
2020-06-30,0.05553,10.13819,0,356.81396,0.02353,0.00087,0.00349,0.01309,0.2626,0.02319,0.06954,0.10431,0.4605,0.69074,10,0.23999,0,0.1,0.1,0.1
2020-07-01,0.05797,10.15899,0,356.64062,0.02155,8e-04,0.00319,0.01197,0.33341,0.05929,0.13979,0.20969,0.92572,1.38858,10,0.21687,0,0.1,0.1,0.1
2020-07-02,0.05343,10.18122,0,356.45552,0.02442,0.00091,0.00362,0.01358,0.28052,0.02894,0.08024,0.12036,0.53134,0.79701,10,0.24379,0,0.1,0.1,0.1
2020-07-03,0.05712,10.20488,0,356.25873,0.02185,0.00081,0.00323,0.01212,0.31479,0.05625,0.12822,0.19233,0.84908,1.27362,10,0.21245,0,0.1,0.1,0.1
2020-07-04,0.26437,10.22996,0,356.05034,0.14184,0.00868,0.03474,0.13027,1.01525,0.58512,0.96439,1.44659,6.3863,9.57945,10,20.50305,0,0.1,0.1,0.1
2020-07-05,0.70328,10.25645,0,355.83046,0.02801,0.00167,0.00666,0.02498,0.2164,0.10512,0.18751,0.28127,1.24173,1.86259,10,4.52624,0,0.1,0.1,0.1
2020-07-06,0.25583,10.28434,0,355.59919,0.00771,0.00025,0.00099,0.00372,0.07132,0.0076,0.02079,0.03118,0.13767,0.20651,10,0.34845,0,0.1,0.1,0.1
2020-07-07,0.13145,10.31363,0,355.35663,0.01317,0.00044,0.00174,0.00653,0.12806,0.01276,0.03642,0.05463,0.24119,0.36179,10,0.07819,0,0.1,0.1,0.1
2020-07-08,0.09263,10.3443,0,355.1029,0.01533,0.00056,0.00226,0.00846,0.16997,0.01769,0.04709,0.07063,0.31181,0.46771,10,0.12861,0,0.1,0.1,0.1
2020-07-09,0.07933,10.37636,0,354.83811,0.01701,0.00063,0.00251,0.00941,0.19174,0.01927,0.05234,0.0785,0.34657,0.51986,10,0.16411,0,0.1,0.1,0.1
2020-07-10,0.07356,10.40978,0,354.56239,0.01797,0.00066,0.00266,0.00996,0.20454,0.02011,0.05536,0.08304,0.36661,0.54991,10,0.18229,0,0.1,0.1,0.1
2020-07-11,0.06988,10.44456,0,354.27587,0.01874,0.00069,0.00278,0.01041,0.21495,0.0207,0.05779,0.08669,0.38272,0.57408,10,0.1933,0,0.1,0.1,0.1
2020-07-12,0.0667,10.48068,0,353.97867,0.01954,0.00072,0.0029,0.01087,0.22554,0.02128,0.06028,0.09041,0.39915,0.59872,10,0.20253,0,0.1,0.1,0.1
2020-07-13,1.04283,10.51815,0,353.67094,0.10423,0.00601,0.02405,0.09017,0.3039,0.13251,0.25403,0.38105,1.68223,2.52335,10,20.22004,0,0.1,0.1,0.1
2020-07-14,0.21916,10.55694,0,353.35281,0.0085,0.00028,0.00111,0.00417,0.08356,0.0086,0.02451,0.03676,0.16231,0.24346,10,0.13214,0,0.1,0.1,0.1
2020-07-15,0.32035,10.59704,0,353.02443,0.10011,0.0061,0.02441,0.09152,0.53407,0.25643,0.46681,0.70022,3.09126,4.6369,10,15.22992,0,0.1,0.1,0.1
2020-07-16,0.4376,10.63845,0,352.68594,0.0053,2e-04,0.00081,0.00303,0.05896,0.01536,0.03018,0.04527,0.19984,0.29976,10,0.86385,0,0.1,0.1,0.1
2020-07-17,0.23762,10.68115,0,352.3375,0.00772,0.00025,0.00099,0.00372,0.08042,0.01111,0.02708,0.04062,0.17931,0.26897,10,0.15475,0,0.1,0.1,0.1
2020-07-18,0.17259,10.72513,0,351.97927,0.00949,0.00031,0.00125,0.0047,0.10263,0.01606,0.03659,0.05488,0.24229,0.36344,10,0.07297,0,0.1,0.1,0.1
2020-07-19,0.12819,10.77037,0,351.6114,0.01232,0.00041,0.00162,0.00609,0.12511,0.01342,0.03622,0.05433,0.23984,0.35976,10,0.10063,0,0.1,0.1,0.1
2020-07-20,0.10925,10.81687,0,351.23406,0.01323,0.00045,0.00182,0.00681,0.14259,0.01424,0.03972,0.05958,0.26302,0.39452,10,0.12558,0,0.1,0.1,0.1
2020-07-21,0.10082,10.8646,0,350.84741,0.01302,0.00048,0.00193,0.00724,0.15342,0.01553,0.0419,0.06286,0.27749,0.41624,10,0.13674,0,0.1,0.1,0.1
2020-07-22,0.09549,10.91355,0,350.45164,0.01361,0.00051,0.00203,0.00759,0.16185,0.01587,0.04376,0.06564,0.28979,0.43468,10,0.14531,0,0.1,0.1,0.1
2020-07-23,0.09097,10.96372,0,350.0469,0.0142,0.00053,0.00212,0.00794,0.17013,0.01626,0.04565,0.06848,0.30233,0.45349,10,0.15237,0,0.1,0.1,0.1
2020-07-24,0.16438,11.01508,0,349.63338,0.01243,0.00054,0.00215,0.00805,0.19948,0.10042,0.1551,0.23265,1.02709,1.54063,10,0.63287,0,0.1,0.1,0.1
2020-07-25,0.127,11.06761,0,349.21125,0.0121,4e-04,0.0016,0.00601,0.14719,0.02252,0.05523,0.08284,0.36573,0.5486,10,0.09143,0,0.1,0.1,0.1
2020-07-26,0.18311,11.12132,0,348.78071,0.0134,0.00065,0.0026,0.00975,0.26105,0.14095,0.22584,0.33875,1.49551,2.24326,10,0.88511,0,0.1,0.1,0.1
2020-07-27,0.22077,11.17617,0,348.34192,0.00808,0.00026,0.00105,0.00395,0.08701,0.01469,0.03216,0.04825,0.213,0.31949,10,0.12122,0,0.1,0.1,0.1
2020-07-28,0.13408,11.23215,0,347.89509,0.01207,4e-04,0.0016,0.00601,0.12618,0.01334,0.03666,0.05499,0.24277,0.36416,10,0.08871,0,0.1,0.1,0.1
2020-07-29,0.10595,11.28924,0,347.4404,0.01334,0.00047,0.00189,0.0071,0.15278,0.0151,0.04229,0.06343,0.28004,0.42006,10,0.12361,0,0.1,0.1,0.1
2020-07-30,0.09512,11.34744,0,346.97804,0.01368,0.00051,0.00205,0.00768,0.16732,0.01615,0.04517,0.06776,0.29915,0.44872,10,0.14239,0,0.1,0.1,0.1
2020-07-31,0.11094,11.40671,0,346.50821,0.01258,0.00045,0.00181,0.00678,0.16436,0.03708,0.06907,0.10361,0.4574,0.6861,10,0.17742,0,0.1,0.1,0.1
2020-08-01,0.09405,11.46705,0,346.0311,0.01403,0.00052,0.00209,0.00785,0.16964,0.01693,0.04673,0.07009,0.30943,0.46415,10,0.13886,0,0.1,0.1,0.1
2020-08-02,0.24454,11.52843,0,345.54691,0.01063,0.00053,0.00212,0.00796,0.24109,0.1467,0.22697,0.34045,1.503,2.25449,10,0.9743,0,0.1,0.1,0.1
2020-08-03,0.93173,11.59085,0,345.05584,0.05075,0.00294,0.01177,0.04413,0.22912,0.1042,0.19399,0.29099,1.28465,1.92698,10,9.28419,0,0.1,0.1,0.1
2020-08-04,0.4944,11.65427,0,344.55809,0.0042,0.00015,6e-04,0.00224,0.04958,0.01169,0.02342,0.03513,0.15509,0.23264,10,0.87048,0,0.1,0.1,0.1
2020-08-05,0.4456,11.71868,0,344.05387,0.0067,3e-04,0.00122,0.00456,0.07639,0.02777,0.0499,0.07485,0.33043,0.49565,10,1.03453,0,0.1,0.1,0.1
2020-08-06,0.33681,11.78406,0,343.54337,0.00638,0.00025,0.00099,0.0037,0.08384,0.02644,0.04889,0.07333,0.32375,0.48562,10,0.50879,0,0.1,0.1,0.1
2020-08-07,0.23981,11.85039,0,343.02681,0.0072,0.00023,0.00092,0.00346,0.07112,0.00866,0.02132,0.03197,0.14116,0.21174,10,0.14336,0,0.1,0.1,0.1
2020-08-08,0.45634,11.91765,0,342.50439,0.05355,0.00316,0.01264,0.04739,0.32805,0.15286,0.27925,0.41887,1.84921,2.77382,10,8.55379,0,0.1,0.1,0.1
2020-08-09,0.2238,11.98583,0,341.97631,0.00743,0.00024,0.00097,0.00362,0.07509,0.00769,0.02133,0.032,0.14126,0.21189,10,0.12491,0,0.1,0.1,0.1
2020-08-10,0.16125,12.0549,0,341.44279,0.0092,0.00031,0.00122,0.00459,0.09683,0.0095,0.02701,0.04052,0.17889,0.26833,10,0.08414,0,0.1,0.1,0.1
2020-08-11,0.15567,12.12484,0,340.90402,0.03324,0.00217,0.00868,0.03257,0.16783,0.09764,0.14649,0.21974,0.97008,1.45512,10,1.73564,0,0.1,0.1,0.1
2020-08-12,0.34501,12.19563,0,340.36023,0.02066,0.00114,0.00457,0.01714,0.25387,0.12811,0.21907,0.3286,1.45068,2.17603,10,3.00137,0,0.1,0.1,0.1
2020-08-13,0.33092,12.26725,0,339.81162,0.00534,0.00017,0.00069,0.00258,0.06133,0.01175,0.02501,0.03751,0.16559,0.24839,10,0.40871,0,0.1,0.1,0.1
2020-08-14,0.21178,12.33968,0,339.2584,0.00772,0.00025,0.00099,0.00373,0.07613,0.00902,0.02243,0.03365,0.14854,0.22281,10,0.11732,0,0.1,0.1,0.1
2020-08-15,0.15674,12.4129,0,338.70078,0.00929,0.00031,0.00123,0.0046,0.09616,0.01021,0.02727,0.04091,0.18061,0.27091,10,0.0874,0,0.1,0.1,0.1
2020-08-16,0.30164,12.48688,0,338.13897,0.02217,0.00126,0.00504,0.01888,0.2452,0.12586,0.21407,0.3211,1.41758,2.12637,10,2.66956,0,0.1,0.1,0.1
2020-08-17,0.24319,12.56161,0,337.57317,0.00674,0.00022,0.00086,0.00323,0.07791,0.01479,0.03128,0.04692,0.20715,0.31072,10,0.12191,0,0.1,0.1,0.1
2020-08-18,0.17831,12.63705,0,337.0036,0.00844,0.00027,0.0011,0.00411,0.09744,0.01475,0.03484,0.05226,0.2307,0.34604,10,0.09165,0,0.1,0.1,0.1
2020-08-19,0.14394,12.7132,0,336.43048,0.00976,0.00032,0.00128,0.00481,0.10058,0.0107,0.02847,0.0427,0.18851,0.28276,10,0.09835,0,0.1,0.1,0.1
2020-08-20,0.13034,12.79002,0,335.85399,0.01042,0.00034,0.00137,0.00514,0.10854,0.01092,0.03012,0.04518,0.19944,0.29916,10,0.11213,0,0.1,0.1,0.1
2020-08-21,0.12254,12.8675,0,335.27436,0.01093,0.00036,0.00144,0.00539,0.11416,0.01117,0.03138,0.04706,0.20777,0.31166,10,0.12018,0,0.1,0.1,0.1
2020-08-22,0.11637,12.94561,0,334.6918,0.0114,0.00038,0.0015,0.00563,0.11925,0.01144,0.03256,0.04885,0.21565,0.32347,10,0.12634,0,0.1,0.1,0.1
2020-08-23,0.2421,13.02433,0,334.1065,0.02722,0.00154,0.00617,0.02314,0.3642,0.1981,0.32818,0.49227,2.17325,3.25988,10,3.48448,0,0.1,0.1,0.1
2020-08-24,0.14565,13.10363,0,333.51868,0.01009,0.00033,0.00132,0.00497,0.10135,0.01092,0.02918,0.04376,0.19321,0.28981,10,0.08617,0,0.1,0.1,0.1
2020-08-25,0.11831,13.18349,0,332.92854,0.01156,0.00038,0.00152,0.00569,0.11856,0.01185,0.03295,0.04942,0.21818,0.32727,10,0.11669,0,0.1,0.1,0.1
2020-08-26,0.1067,13.26389,0,332.33628,0.01173,0.00041,0.00163,0.00611,0.12862,0.01294,0.03504,0.05256,0.23202,0.34803,10,0.13124,0,0.1,0.1,0.1
2020-08-27,0.17743,13.3448,0,331.74212,0.05723,0.00339,0.01356,0.05085,0.76549,0.42414,0.71101,1.06652,4.70839,7.06258,10,7.8895,0,0.1,0.1,0.1
2020-08-28,0.41058,13.42621,0,331.14624,0.0201,0.00116,0.00464,0.01741,0.22919,0.12066,0.20642,0.30963,1.36693,2.0504,10,2.76195,0,0.1,0.1,0.1
2020-08-29,1.09282,13.50808,0,330.54886,0.03123,0.00179,0.00716,0.02685,0.15323,0.06695,0.12666,0.18999,0.83877,1.25816,10,5.74458,0,0.1,0.1,0.1
2020-08-30,0.62945,13.59039,0,329.95017,0.00298,9e-05,0.00038,0.00141,0.02656,0.00375,0.00816,0.01224,0.05404,0.08106,10,0.92645,0,0.1,0.1,0.1
2020-08-31,0.42239,13.67311,0,329.35036,0.00569,0.00024,0.00096,0.00359,0.07533,0.02875,0.05117,0.07676,0.33888,0.50832,10,0.84984,0,0.1,0.1,0.1
2020-09-01,0.31583,13.75623,0,328.74965,0.00542,0.00017,0.00068,0.00254,0.04891,0.00723,0.01565,0.02348,0.10365,0.15548,10,0.42286,0,0.1,0.1,0.1
2020-09-02,0.33485,13.83972,0,328.14822,0.00481,0.00015,0.00061,0.0023,0.06618,0.01974,0.03666,0.05499,0.24276,0.36414,10,0.41865,0,0.1,0.1,0.1
2020-09-03,0.29644,13.92355,0,327.54626,0.0068,0.00026,0.00103,0.00388,0.08774,0.03291,0.05706,0.08559,0.37787,0.56681,10,0.43551,0,0.1,0.1,0.1
2020-09-04,0.26993,14.00771,0,326.94397,0.00614,0.00019,0.00077,0.00289,0.0586,0.00905,0.02026,0.03039,0.13415,0.20122,10,0.18324,0,0.1,0.1,0.1
2020-09-05,0.19384,14.09215,0,326.34154,0.00773,0.00025,0.00099,0.00371,0.07109,0.00845,0.02101,0.03152,0.13915,0.20873,10,0.1014,0,0.1,0.1,0.1
2020-09-06,0.16298,14.17686,0,325.73916,0.00851,0.00028,0.00111,0.00418,0.0814,0.00854,0.0232,0.0348,0.15361,0.23042,10,0.08975,0,0.1,0.1,0.1
2020-09-07,0.14929,14.26182,0,325.13701,0.00908,3e-04,0.00119,0.00447,0.08742,0.0085,0.02443,0.03665,0.16179,0.24268,10,0.1001,0,0.1,0.1,0.1
2020-09-08,0.24095,14.34699,0,324.53528,0.00741,0.00028,0.00112,0.00422,0.11233,0.04753,0.08042,0.12063,0.53255,0.79882,10,0.28847,0,0.1,0.1,0.1
2020-09-09,0.38665,14.43236,0,323.93416,0.073,0.0042,0.01679,0.06296,0.43696,0.20597,0.37586,0.56379,2.48898,3.73347,10,11.94167,0,0.1,0.1,0.1
2020-09-10,0.21536,14.5179,0,323.33381,0.0076,0.00024,0.00098,0.00366,0.06639,0.00674,0.01918,0.02877,0.12702,0.19053,10,0.10173,0,0.1,0.1,0.1
2020-09-11,0.16002,14.60357,0,322.73443,0.00912,3e-04,0.0012,0.0045,0.08391,0.00769,0.02347,0.03521,0.15544,0.23316,10,0.08621,0,0.1,0.1,0.1
2020-09-12,0.13892,14.68937,0,322.13619,0.01007,0.00033,0.00133,0.00497,0.09377,0.00797,0.0257,0.03854,0.17016,0.25524,10,0.10456,0,0.1,0.1,0.1
2020-09-13,0.12814,14.77526,0,321.53927,0.01075,0.00035,0.00142,0.00532,0.10037,0.00808,0.02716,0.04073,0.17983,0.26975,10,0.11499,0,0.1,0.1,0.1
2020-09-14,0.12051,14.86121,0,320.94383,0.0114,0.00038,0.00151,0.00565,0.10623,0.00818,0.02848,0.04272,0.18861,0.28291,10,0.12245,0,0.1,0.1,0.1
2020-09-15,0.11637,14.94721,0,320.35005,0.01159,0.00038,0.00153,0.00575,0.10813,0.00991,0.03092,0.04638,0.20477,0.30716,10,0.12404,0,0.1,0.1,0.1
2020-09-16,0.11671,15.03322,0,319.7581,0.01147,0.00038,0.00152,0.00569,0.13014,0.02206,0.05261,0.07892,0.34842,0.52263,10,0.12325,0,0.1,0.1,0.1
2020-09-17,0.13479,15.11922,0,319.16814,0.01014,0.00034,0.00135,0.00505,0.11681,0.02364,0.05178,0.07767,0.34291,0.51436,10,0.10327,0,0.1,0.1,0.1
2020-09-18,0.17989,15.20518,0,318.58034,0.00884,3e-04,0.00118,0.00443,0.10129,0.02525,0.05079,0.07618,0.33632,0.50448,10,0.10283,0,0.1,0.1,0.1
2020-09-19,0.12654,15.29109,0,317.99486,0.01216,4e-04,0.0016,0.006,0.10448,0.0084,0.0293,0.04395,0.19401,0.29102,10,0.10271,0,0.1,0.1,0.1
2020-09-20,0.15297,15.37691,0,317.41186,0.01007,0.00034,0.00136,0.0051,0.12779,0.03889,0.07121,0.10681,0.47154,0.70731,10,0.1265,0,0.1,0.1,0.1
2020-09-21,0.19373,15.46262,0,316.83149,0.00837,0.00028,0.0011,0.00413,0.11264,0.0328,0.06473,0.09709,0.42862,0.64293,10,0.1,0,0.1,0.1,0.1
2020-09-22,0.14717,15.54819,0,316.25392,0.01114,0.00036,0.00146,0.00546,0.09106,0.00878,0.02743,0.04115,0.18168,0.27251,10,0.08179,0,0.1,0.1,0.1
2020-09-23,0.11701,15.63359,0,315.67928,0.01309,0.00043,0.00172,0.00645,0.11003,0.0083,0.03056,0.04584,0.20239,0.30359,10,0.11504,0,0.1,0.1,0.1
2020-09-24,0.10337,15.71881,0,315.10775,0.01296,0.00047,0.00188,0.00703,0.12234,0.00903,0.03271,0.04906,0.2166,0.3249,10,0.13247,0,0.1,0.1,0.1
2020-09-25,0.107,15.80382,0,314.53945,0.01201,0.00043,0.00173,0.00648,0.13318,0.02704,0.05627,0.0844,0.37261,0.55892,10,0.13982,0,0.1,0.1,0.1
2020-09-26,0.09943,15.88859,0,313.97454,0.01369,5e-04,0.00201,0.00754,0.1279,0.00942,0.03466,0.05199,0.22951,0.34427,10,0.13216,0,0.1,0.1,0.1
2020-09-27,0.08951,15.9731,0,313.41317,0.01465,0.00054,0.00218,0.00816,0.14002,0.00934,0.03672,0.05509,0.24319,0.36478,10,0.15191,0,0.1,0.1,0.1
2020-09-28,0.08349,16.05732,0,312.85546,0.01555,0.00058,0.00232,0.00869,0.14916,0.00932,0.03851,0.05776,0.255,0.3825,10,0.16428,0,0.1,0.1,0.1
2020-09-29,0.07889,16.14123,0,312.30156,0.0164,0.00061,0.00245,0.00919,0.15718,0.00934,0.04019,0.06029,0.26615,0.39923,10,0.17372,0,0.1,0.1,0.1
2020-09-30,0.11901,16.22479,0,311.75161,0.00979,0.00036,0.00144,0.0054,0.2134,0.07623,0.14541,0.21811,0.96291,1.44436,10,0.15435,0,0.1,0.1,0.1
2020-10-01,0.10522,16.308,0,311.20574,0.01489,0.00052,0.00208,0.00779,0.13008,0.01258,0.04149,0.06224,0.27478,0.41217,10,0.11206,0,0.1,0.1,0.1
2020-10-02,0.08492,16.39082,0,310.66408,0.01629,6e-04,0.00242,0.00906,0.14745,0.00971,0.03936,0.05904,0.26063,0.39094,10,0.15214,0,0.1,0.1,0.1
2020-10-03,0.07629,16.47323,0,310.12676,0.01755,0.00065,0.00262,0.00982,0.16147,0.00971,0.04193,0.06289,0.27765,0.41647,10,0.17568,0,0.1,0.1,0.1
2020-10-04,0.07111,16.5552,0,309.5939,0.01863,7e-04,0.00279,0.01046,0.17194,0.00982,0.04406,0.06609,0.29175,0.43763,10,0.19031,0,0.1,0.1,0.1
2020-10-05,0.06718,16.63671,0,309.06564,0.01966,0.00074,0.00295,0.01106,0.18103,0.00998,0.04602,0.06904,0.30477,0.45716,10,0.2014,0,0.1,0.1,0.1
2020-10-06,0.06362,16.71774,0,308.54209,0.02078,0.00078,0.00312,0.01171,0.19063,0.0102,0.04818,0.07227,0.31905,0.47858,10,0.21229,0,0.1,0.1,0.1
2020-10-07,0.06037,16.79826,0,308.02337,0.02192,0.00082,0.0033,0.01237,0.20016,0.01042,0.05032,0.07548,0.33324,0.49986,10,0.22292,0,0.1,0.1,0.1
2020-10-08,0.05726,16.87824,0,307.5096,0.02317,0.00087,0.00349,0.01311,0.21062,0.01068,0.0527,0.07905,0.34897,0.52345,10,0.23436,0,0.1,0.1,0.1
2020-10-09,0.05435,16.95767,0,307.00089,0.02446,0.00092,0.0037,0.01386,0.22124,0.01093,0.0551,0.08265,0.36486,0.54729,10,0.24603,0,0.1,0.1,0.1
2020-10-10,0.05161,17.03653,0,306.49736,0.02581,0.00098,0.0039,0.01464,0.23219,0.01118,0.05756,0.08635,0.3812,0.57179,10,0.25812,0,0.1,0.1,0.1
2020-10-11,0.04973,17.11477,0,305.99911,0.02645,0.001,0.00401,0.01503,0.23678,0.01145,0.05866,0.08799,0.38843,0.58265,10,0.26337,0,0.1,0.1,0.1
2020-10-12,0.04648,17.1924,0,305.50626,0.02881,0.00109,0.00437,0.01639,0.25646,0.01175,0.06321,0.09482,0.41862,0.62792,10,0.28491,0,0.1,0.1,0.1
2020-10-13,0.04416,17.26937,0,305.01891,0.03036,0.00115,0.00461,0.0173,0.2689,0.01202,0.06598,0.09897,0.43692,0.65537,10,0.29874,0,0.1,0.1,0.1
2020-10-14,0.04193,17.34567,0,304.53716,0.03205,0.00122,0.00488,0.01828,0.28233,0.01232,0.06899,0.10348,0.45686,0.68528,10,0.31366,0,0.1,0.1,0.1
2020-10-15,0.03981,17.42128,0,304.06111,0.03384,0.00129,0.00515,0.01933,0.29647,0.01263,0.07215,0.10823,0.47781,0.71672,10,0.32937,0,0.1,0.1,0.1
2020-10-16,0.03777,17.49618,0,303.59087,0.03578,0.00136,0.00546,0.02046,0.31171,0.01297,0.07557,0.11336,0.50044,0.75066,10,0.34632,0,0.1,0.1,0.1
2020-10-17,0.03586,17.57033,0,303.12653,0.03779,0.00144,0.00577,0.02163,0.32735,0.01331,0.07906,0.1186,0.52357,0.78535,10,0.36379,0,0.1,0.1,0.1
2020-10-18,0.03406,17.64372,0,302.66818,0.03987,0.00152,0.00609,0.02285,0.34343,0.01366,0.08264,0.12396,0.54726,0.8209,10,0.38184,0,0.1,0.1,0.1
2020-10-19,0.0324,17.71633,0,302.21592,0.04194,0.0016,0.00642,0.02406,0.35916,0.01397,0.08612,0.12918,0.57029,0.85544,10,0.39969,0,0.1,0.1,0.1
2020-10-20,0.03067,17.78814,0,301.76984,0.04454,0.00171,0.00682,0.02558,0.37922,0.01443,0.09062,0.13592,0.60006,0.9001,10,0.42201,0,0.1,0.1,0.1
2020-10-21,0.0484,17.85912,0,301.33002,0.01748,0.00067,0.00268,0.01004,0.29432,0.08859,0.17614,0.2642,1.16639,1.74959,10,0.1666,0,0.1,0.1,0.1
2020-10-22,0.03602,17.92926,0,300.89656,0.03831,0.00145,0.0058,0.02177,0.32017,0.01833,0.08561,0.12841,0.56689,0.85033,10,0.34447,0,0.1,0.1,0.1
2020-10-23,0.03281,17.99853,0,300.46953,0.04278,0.00163,0.0065,0.02439,0.35004,0.01478,0.08683,0.13024,0.57499,0.86249,10,0.39263,0,0.1,0.1,0.1
2020-10-24,0.03096,18.06691,0,300.04901,0.04528,0.00172,0.0069,0.02586,0.36935,0.01506,0.09093,0.13639,0.60214,0.90321,10,0.41707,0,0.1,0.1,0.1
2020-10-25,0.02936,18.13438,0,299.6351,0.04773,0.00182,0.00728,0.0273,0.38746,0.01536,0.09489,0.14234,0.62837,0.94256,10,0.43909,0,0.1,0.1,0.1
2020-10-26,0.02791,18.20093,0,299.22785,0.05023,0.00192,0.00767,0.02876,0.40561,0.01569,0.09889,0.14833,0.65485,0.98228,10,0.46021,0,0.1,0.1,0.1
2020-10-27,0.04312,18.26653,0,298.82736,0.0237,9e-04,0.00358,0.01343,0.23422,0.0365,0.096,0.14401,0.63575,0.95362,10,0.21371,0,0.1,0.1,0.1
2020-10-28,0.03132,18.33116,0,298.4337,0.04613,0.00174,0.00696,0.02609,0.35733,0.01634,0.09266,0.139,0.61363,0.92045,10,0.41128,0,0.1,0.1,0.1
2020-10-29,0.02961,18.39481,0,298.04693,0.04879,0.00184,0.00737,0.02765,0.37671,0.01664,0.09688,0.14532,0.64155,0.96233,10,0.43535,0,0.1,0.1,0.1
2020-10-30,0.0281,18.45745,0,297.66713,0.05142,0.00195,0.00778,0.02919,0.39529,0.01694,0.10101,0.15151,0.66889,1.00333,10,0.45761,0,0.1,0.1,0.1
2020-10-31,0.02665,18.51907,0,297.29436,0.05441,0.00206,0.00825,0.03092,0.41908,0.01747,0.10639,0.15958,0.70452,1.05678,10,0.48184,0,0.1,0.1,0.1
2020-11-01,0.03869,18.57965,0,296.92869,0.0253,0.00096,0.00383,0.01437,0.31776,0.06486,0.15611,0.23416,1.03374,1.55062,10,0.22445,0,0.1,0.1,0.1
2020-11-02,0.03419,18.63917,0,296.57019,0.03808,0.00143,0.00572,0.02145,0.31833,0.03601,0.10946,0.16419,0.72488,1.08731,10,0.32395,0,0.1,0.1,0.1
2020-11-03,0.02879,18.69761,0,296.21892,0.05174,0.00195,0.00778,0.02919,0.39196,0.0174,0.10249,0.15373,0.67867,1.01801,10,0.44494,0,0.1,0.1,0.1
2020-11-04,0.02718,18.75495,0,295.87494,0.05473,0.00206,0.00825,0.03094,0.41653,0.01781,0.10776,0.16165,0.71363,1.07044,10,0.47218,0,0.1,0.1,0.1
2020-11-05,0.02576,18.81119,0,295.5383,0.05779,0.00218,0.00873,0.03272,0.44115,0.01829,0.11325,0.16987,0.74993,1.1249,10,0.49776,0,0.1,0.1,0.1
2020-11-06,0.02449,18.8663,0,295.20908,0.0608,0.0023,0.00919,0.03447,0.46524,0.01875,0.11861,0.17791,0.78543,1.17815,10,0.52168,0,0.1,0.1,0.1
2020-11-07,0.0232,18.92026,0,294.88731,0.06441,0.00244,0.00975,0.03657,0.49399,0.01938,0.12517,0.18775,0.82887,1.24331,10,0.5501,0,0.1,0.1,0.1
2020-11-08,0.02203,18.97307,0,294.57306,0.06799,0.00258,0.01031,0.03865,0.52251,0.01997,0.13161,0.19742,0.87156,1.30733,10,0.57811,0,0.1,0.1,0.1
2020-11-09,0.0209,19.0247,0,294.26637,0.07187,0.00273,0.01091,0.04091,0.55352,0.02062,0.13862,0.20793,0.91797,1.37696,10,0.60852,0,0.1,0.1,0.1
2020-11-10,0.0199,19.07514,0,293.9673,0.07547,0.00287,0.01147,0.043,0.58238,0.02116,0.14504,0.21757,0.9605,1.44074,10,0.63655,0,0.1,0.1,0.1
2020-11-11,0.01885,19.12437,0,293.6759,0.08003,0.00304,0.01217,0.04565,0.61874,0.02194,0.15328,0.22991,1.015,1.52251,10,0.67192,0,0.1,0.1,0.1
2020-11-12,0.01795,19.17238,0,293.39222,0.08397,0.0032,0.01279,0.04795,0.65034,0.02252,0.16027,0.2404,1.06131,1.59196,10,0.7023,0,0.1,0.1,0.1
2020-11-13,0.05125,19.21916,0,293.11629,0.0106,4e-04,0.00161,0.00604,0.21912,0.08806,0.16241,0.24362,1.0755,1.61326,10,0.09013,0,0.1,0.1,0.1
2020-11-14,0.04284,19.26468,0,292.84817,0.03057,0.00113,0.00452,0.01694,0.40347,0.09975,0.22639,0.33958,1.49917,2.24875,10,0.23445,0,0.1,0.1,0.1
2020-11-15,0.03183,19.30895,0,292.58789,0.04991,0.00186,0.00744,0.02789,0.36877,0.01572,0.09899,0.14849,0.65555,0.98332,10,0.39864,0,0.1,0.1,0.1
2020-11-16,0.02987,19.35194,0,292.3355,0.05266,0.00197,0.00788,0.02954,0.39293,0.01582,0.1033,0.15496,0.68409,1.02614,10,0.42791,0,0.1,0.1,0.1
2020-11-17,0.02816,19.39365,0,292.09104,0.05586,0.00209,0.00837,0.03141,0.4189,0.01625,0.1089,0.16335,0.72113,1.08169,10,0.45516,0,0.1,0.1,0.1
2020-11-18,0.03111,19.43405,0,291.85455,0.04396,0.00165,0.00659,0.02472,0.33388,0.02522,0.0966,0.1449,0.63969,0.95954,10,0.35739,0,0.1,0.1,0.1
2020-11-19,0.1129,19.47314,0,291.62605,0.0396,0.0025,0.01002,0.03757,0.558,0.49585,0.66451,0.99677,4.40045,6.60068,10,2.79984,0,0.1,0.1,0.1
2020-11-20,0.05534,19.51091,0,291.40559,0.03401,0.00123,0.00493,0.01849,0.22909,0.0119,0.07059,0.10588,0.46742,0.70113,10,0.18287,0,0.1,0.1,0.1
2020-11-21,0.04276,19.54734,0,291.1932,0.04042,0.00148,0.00593,0.02225,0.28582,0.01289,0.08111,0.12166,0.5371,0.80565,10,0.27779,0,0.1,0.1,0.1
2020-11-22,0.03761,19.58243,0,290.98892,0.04428,0.00164,0.00655,0.02455,0.32094,0.01328,0.08718,0.13077,0.57733,0.866,10,0.33553,0,0.1,0.1,0.1
2020-11-23,0.03485,19.61616,0,290.79276,0.04708,0.00175,0.00699,0.0262,0.3451,0.01354,0.0918,0.13771,0.60793,0.9119,10,0.36832,0,0.1,0.1,0.1
2020-11-24,0.03274,19.64852,0,290.60477,0.05005,0.00186,0.00745,0.02792,0.36903,0.01395,0.09702,0.14553,0.64247,0.96371,10,0.39442,0,0.1,0.1,0.1
2020-11-25,0.12306,19.67951,0,290.42497,0.01618,0.00079,0.00315,0.01183,0.29999,0.23164,0.32131,0.48197,2.12778,3.19167,10,0.6262,0,0.1,0.1,0.1
2020-11-26,0.09756,19.70912,0,290.25339,0.03251,0.00163,0.00651,0.02443,0.43263,0.30123,0.43199,0.64799,2.86068,4.29103,10,1.30977,0,0.1,0.1,0.1
2020-11-27,0.05614,19.73733,0,290.09005,0.03393,0.00124,0.00495,0.01858,0.2326,0.00998,0.06653,0.09979,0.44056,0.66084,10,0.18069,0,0.1,0.1,0.1
2020-11-28,0.04367,19.76414,0,289.93498,0.04032,0.00148,0.00594,0.02227,0.28764,0.01112,0.0775,0.11625,0.51322,0.76983,10,0.27264,0,0.1,0.1,0.1
2020-11-29,0.03851,19.78954,0,289.7882,0.04421,0.00164,0.00655,0.02455,0.32181,0.01166,0.08401,0.12601,0.55629,0.83444,10,0.3282,0,0.1,0.1,0.1
2020-11-30,0.03563,19.81352,0,289.64972,0.04842,0.0018,0.0072,0.02702,0.34577,0.01231,0.089,0.1335,0.58939,0.88408,10,0.36139,0,0.1,0.1,0.1
2020-12-01,0.03354,19.83608,0,289.51958,0.05254,0.00196,0.00785,0.02942,0.36648,0.01293,0.0936,0.1404,0.61983,0.92975,10,0.38547,0,0.1,0.1,0.1
2020-12-02,0.03169,19.8572,0,289.39779,0.057,0.00213,0.00854,0.03202,0.38799,0.01361,0.09855,0.14782,0.65259,0.97889,10,0.40829,0,0.1,0.1,0.1
2020-12-03,0.03003,19.87689,0,289.28436,0.06165,0.00232,0.00926,0.03473,0.40953,0.01429,0.1035,0.15525,0.68539,1.02809,10,0.43026,0,0.1,0.1,0.1
2020-12-04,0.02853,19.89514,0,289.17932,0.06642,0.0025,0.01,0.03751,0.43065,0.01496,0.10836,0.16254,0.71758,1.07637,10,0.45148,0,0.1,0.1,0.1
2020-12-05,0.02704,19.91194,0,289.08268,0.07181,0.00271,0.01084,0.04065,0.45463,0.01571,0.11391,0.17086,0.75432,1.13148,10,0.47547,0,0.1,0.1,0.1
2020-12-06,0.02568,19.92728,0,288.99445,0.07736,0.00293,0.0117,0.04389,0.47849,0.01646,0.11939,0.17908,0.79061,1.18591,10,0.4994,0,0.1,0.1,0.1
2020-12-07,0.02436,19.94117,0,288.91464,0.08344,0.00316,0.01265,0.04744,0.50437,0.01726,0.12534,0.188,0.82999,1.24498,10,0.52529,0,0.1,0.1,0.1
2020-12-08,0.02326,19.95359,0,288.84327,0.08885,0.00337,0.0135,0.05062,0.52509,0.01788,0.12997,0.19495,0.86067,1.291,10,0.54635,0,0.1,0.1,0.1
2020-12-09,0.02203,19.96455,0,288.78035,0.0961,0.00366,0.01463,0.05485,0.55547,0.01882,0.137,0.20549,0.9072,1.3608,10,0.57657,0,0.1,0.1,0.1
2020-12-10,0.02659,19.97404,0,288.72588,0.06492,0.00247,0.00989,0.03707,0.36901,0.0155,0.09465,0.14198,0.62681,0.94021,10,0.38084,0,0.1,0.1,0.1
2020-12-11,0.02165,19.98206,0,288.67988,0.10316,0.00391,0.01565,0.0587,0.5633,0.0206,0.14471,0.21707,0.9583,1.43745,10,0.58804,0,0.1,0.1,0.1
2020-12-12,0.02058,19.9886,0,288.64234,0.11055,0.0042,0.01681,0.06303,0.59168,0.02147,0.15109,0.22663,1.00051,1.50076,10,0.61684,0,0.1,0.1,0.1
2020-12-13,0.01952,19.99367,0,288.61328,0.11901,0.00453,0.01813,0.06797,0.62424,0.02251,0.15861,0.23791,1.05031,1.57547,10,0.64959,0,0.1,0.1,0.1
2020-12-14,0.01858,19.99725,0,288.5927,0.12713,0.00485,0.0194,0.07273,0.65377,0.02342,0.16536,0.24804,1.09502,1.64253,10,0.6795,0,0.1,0.1,0.1
2020-12-15,0.01756,19.99937,0,288.5806,0.13765,0.00526,0.02103,0.07888,0.69416,0.02471,0.1748,0.2622,1.15754,1.73631,10,0.71992,0,0.1,0.1,0.1
2020-12-16,0.01668,20,0,288.57698,0.14763,0.00565,0.02259,0.08472,0.73029,0.02583,0.1831,0.27465,1.21253,1.81879,10,0.75631,0,0.1,0.1,0.1
2020-12-17,0.01583,19.99915,0,288.58185,0.15848,0.00607,0.02429,0.09107,0.76919,0.02703,0.19204,0.28807,1.27173,1.9076,10,0.79546,0,0.1,0.1,0.1
2020-12-18,0.01503,19.99682,0,288.5952,0.16998,0.00652,0.02608,0.09782,0.8097,0.02827,0.20133,0.30199,1.33322,1.99983,10,0.83626,0,0.1,0.1,0.1
2020-12-19,0.01426,19.99301,0,288.61703,0.18247,0.00701,0.02804,0.10513,0.85325,0.0296,0.21131,0.31696,1.39929,2.09894,10,0.88008,0,0.1,0.1,0.1
2020-12-20,0.01355,19.98773,0,288.64734,0.19536,0.00751,0.03005,0.1127,0.89703,0.03091,0.22128,0.33192,1.46535,2.19802,10,0.92423,0,0.1,0.1,0.1
2020-12-21,0.01295,19.98097,0,288.68612,0.2064,0.00795,0.03179,0.1192,0.93084,0.03186,0.22874,0.34312,1.51477,2.27215,10,0.95881,0,0.1,0.1,0.1
2020-12-22,0.02371,19.97273,0,288.73337,0.07062,0.0027,0.0108,0.04052,0.30891,0.01555,0.08325,0.12488,0.55132,0.82698,10,0.32221,0,0.1,0.1,0.1
2020-12-23,0.01434,19.96303,0,288.78908,0.19583,0.00749,0.02995,0.11232,0.83757,0.03351,0.22007,0.33011,1.45733,2.18599,10,0.87421,0,0.1,0.1,0.1
2020-12-24,0.0136,19.95185,0,288.85325,0.2101,0.00804,0.03218,0.12067,0.88395,0.03507,0.23092,0.34637,1.52915,2.29373,10,0.92121,0,0.1,0.1,0.1
2020-12-25,0.01291,19.93921,0,288.92586,0.22496,0.00862,0.0345,0.12937,0.93115,0.03663,0.24198,0.36297,1.60239,2.40359,10,0.9691,0,0.1,0.1,0.1
2020-12-26,0.01225,19.92511,0,289.00691,0.24064,0.00924,0.03695,0.13856,0.98015,0.03824,0.25341,0.38012,1.67812,2.51717,10,1.01885,0,0.1,0.1,0.1
2020-12-27,0.01166,19.90956,0,289.09638,0.25604,0.00984,0.03936,0.14759,1.02636,0.03971,0.26404,0.39606,1.74849,2.62274,10,1.06599,0,0.1,0.1,0.1
2020-12-28,0.01107,19.89254,0,289.19426,0.27378,0.01053,0.04213,0.158,1.08033,0.04145,0.27657,0.41486,1.83149,2.74724,10,1.12083,0,0.1,0.1,0.1
2020-12-29,0.0203,19.87408,0,289.30054,0.07924,0.00305,0.0122,0.04574,0.30743,0.01292,0.07921,0.11882,0.52455,0.78683,10,0.31981,0,0.1,0.1,0.1
2020-12-30,0.04092,19.84898,0,289.44521,0.03373,0.00127,0.00508,0.01903,0.12563,0.01586,0.04423,0.06635,0.29291,0.43937,10,0.13428,0,0.1,0.1,0.1
2020-12-31,0.06788,19.82728,0,289.57032,0.02137,8e-04,0.00318,0.01194,0.14789,0.05941,0.10538,0.15807,0.69782,1.04673,10,0.08526,0,0.1,0.1,0.1
2021-01-01,0.03278,19.80416,0,289.70378,0.09724,0.00363,0.01452,0.05443,0.40763,0.02355,0.12739,0.19109,0.8436,1.2654,10,0.38745,0,0.1,0.1,0.1
2021-01-02,0.03065,19.77961,0,289.84555,0.10314,0.00386,0.01544,0.0579,0.4687,0.02432,0.13734,0.20601,0.90949,1.36423,10,0.41835,0,0.1,0.1,0.1
2021-01-03,0.02893,19.75365,0,289.99564,0.1085,0.00407,0.01627,0.06102,0.53005,0.02535,0.14983,0.22475,0.99221,1.48832,10,0.44398,0,0.1,0.1,0.1
2021-01-04,0.02738,19.72628,0,290.154,0.11395,0.00428,0.01711,0.06418,0.59544,0.02655,0.16408,0.24612,1.08657,1.62985,10,0.46859,0,0.1,0.1,0.1
2021-01-05,0.0613,19.69751,0,290.32062,0.02222,0.00086,0.00343,0.01284,0.18231,0.09093,0.12831,0.19246,0.84967,1.27451,10,0.16224,0,0.1,0.1,0.1
2021-01-06,0.07728,19.66736,0,290.49547,0.03437,0.00138,0.00553,0.02074,0.38383,0.33216,0.3834,0.57511,2.53894,3.80841,10,0.5142,0,0.1,0.1,0.1
2021-01-07,0.03798,19.63582,0,290.67853,0.08799,0.00326,0.01306,0.04896,0.51967,0.0233,0.15082,0.22623,0.99873,1.4981,10,0.29136,0,0.1,0.1,0.1
2021-01-08,0.03208,19.60291,0,290.86977,0.0983,0.00367,0.0147,0.05511,0.63344,0.02485,0.16987,0.2548,1.12489,1.68734,10,0.38118,0,0.1,0.1,0.1
2021-01-09,0.02934,19.56864,0,291.06916,0.10431,0.00391,0.01565,0.0587,0.718,0.02595,0.18524,0.27786,1.22669,1.84003,10,0.42968,0,0.1,0.1,0.1
2021-01-10,0.03572,19.53302,0,291.27667,0.07106,0.00265,0.01062,0.03981,0.64265,0.07581,0.24537,0.36806,1.62487,2.4373,10,0.29345,0,0.1,0.1,0.1
2021-01-11,0.02757,19.49605,0,291.49227,0.10963,0.00411,0.01645,0.0617,0.83161,0.02806,0.21312,0.31968,1.41131,2.11696,10,0.46003,0,0.1,0.1,0.1
2021-01-12,0.02591,19.45776,0,291.71593,0.11544,0.00434,0.01737,0.06514,0.92343,0.02939,0.23046,0.34569,1.52612,2.28918,10,0.49237,0,0.1,0.1,0.1
2021-01-13,0.02447,19.41814,0,291.94761,0.12141,0.00457,0.0183,0.06862,1.01909,0.03106,0.2506,0.3759,1.65948,2.48922,10,0.52219,0,0.1,0.1,0.1
2021-01-14,0.0232,19.37722,0,292.18728,0.12708,0.00479,0.01918,0.07192,1.11646,0.03277,0.27161,0.40742,1.79866,2.69798,10,0.54949,0,0.1,0.1,0.1
2021-01-15,0.02205,19.335,0,292.43489,0.13262,0.00501,0.02004,0.07514,1.21738,0.03455,0.29351,0.44027,1.94365,2.91548,10,0.57626,0,0.1,0.1,0.1
2021-01-16,0.0509,19.2915,0,292.69042,0.0295,0.00111,0.00445,0.01669,0.39331,0.06968,0.17284,0.25926,1.14455,1.71683,10,0.12862,0,0.1,0.1,0.1
2021-01-17,0.02423,19.24673,0,292.95382,0.12282,0.00463,0.01851,0.06942,1.20272,0.03332,0.2916,0.43741,1.93103,2.89655,10,0.50043,0,0.1,0.1,0.1
2021-01-18,0.0221,19.20071,0,293.22505,0.13144,0.00497,0.01987,0.07451,1.35425,0.03589,0.32261,0.48391,2.13635,3.20453,10,0.56661,0,0.1,0.1,0.1
2021-01-19,0.0207,19.15344,0,293.50407,0.13852,0.00524,0.02098,0.07866,1.48969,0.03827,0.35134,0.52701,2.32662,3.48992,10,0.61038,0,0.1,0.1,0.1
2021-01-20,0.01954,19.10494,0,293.79083,0.14552,0.00552,0.02206,0.08273,1.62812,0.04078,0.3813,0.57196,2.52503,3.78754,10,0.6484,0,0.1,0.1,0.1
2021-01-21,0.01852,19.05523,0,294.08528,0.15242,0.00578,0.02313,0.08675,1.7712,0.04336,0.41233,0.61849,2.73046,4.09569,10,0.68359,0,0.1,0.1,0.1
2021-01-22,0.01757,19.00431,0,294.38738,0.15956,0.00606,0.02424,0.09089,1.92312,0.04613,0.44533,0.668,2.94904,4.42356,10,0.7191,0,0.1,0.1,0.1
2021-01-23,0.01671,18.95222,0,294.69708,0.16619,0.00632,0.02527,0.09475,2.0759,0.04887,0.47841,0.71762,3.16808,4.75212,10,0.75297,0,0.1,0.1,0.1
2021-01-24,0.01603,18.89895,0,295.01433,0.1703,0.00648,0.02591,0.09718,2.203,0.05096,0.50545,0.75817,3.34713,5.0207,10,0.77628,0,0.1,0.1,0.1
2021-01-25,0.04259,18.84453,0,295.33907,0.02639,0.001,0.004,0.01499,0.38072,0.03966,0.12275,0.18412,0.81286,1.21929,10,0.11983,0,0.1,0.1,0.1
2021-01-26,0.01704,18.78897,0,295.67125,0.16129,0.00611,0.02443,0.09161,2.19842,0.05043,0.50929,0.76393,3.37254,5.05881,10,0.72955,0,0.1,0.1,0.1
2021-01-27,0.01599,18.73229,0,296.01081,0.17046,0.00646,0.02586,0.09697,2.40867,0.05423,0.55415,0.83122,3.66963,5.50445,10,0.78422,0,0.1,0.1,0.1
2021-01-28,0.01513,18.6745,0,296.3577,0.17834,0.00677,0.02708,0.10157,2.6063,0.05778,0.59671,0.89507,3.95147,5.92721,10,0.82902,0,0.1,0.1,0.1
2021-01-29,0.01434,18.61563,0,296.71185,0.18688,0.0071,0.02841,0.10654,2.82065,0.06166,0.64301,0.96451,4.25807,6.38711,10,0.87352,0,0.1,0.1,0.1
2021-01-30,0.01362,18.55569,0,297.07321,0.19536,0.00743,0.02972,0.11147,3.04287,0.06569,0.69115,1.03672,4.57685,6.86528,10,0.91818,0,0.1,0.1,0.1
2021-01-31,0.01291,18.4947,0,297.44171,0.20451,0.00779,0.03115,0.11681,3.14768,0.06852,0.71467,1.07201,4.73262,7.09893,10,0.96717,0,0.1,0.1,0.1
2021-02-01,0.01227,18.43267,0,297.81728,0.21342,0.00814,0.03254,0.12203,3.24073,0.07112,0.73558,1.10336,4.87105,7.30658,10,1.01588,0,0.1,0.1,0.1
2021-02-02,0.01168,18.36962,0,298.19986,0.22146,0.00845,0.0338,0.12675,3.31589,0.07334,0.75243,1.12865,4.98268,7.47402,10,1.06144,0,0.1,0.1,0.1
2021-02-03,0.0388,18.30558,0,298.58938,0.02051,0.00078,0.00311,0.01167,0.43297,0.06329,0.17693,0.2654,1.17166,1.75749,10,0.1012,0,0.1,0.1,0.1
2021-02-04,0.01864,18.24056,0,298.98576,0.12171,0.00455,0.01821,0.06828,1.7487,0.10513,0.49441,0.74162,3.27404,4.91106,10,0.56274,0,0.1,0.1,0.1
2021-02-05,0.01499,18.17459,0,299.38895,0.17285,0.00649,0.02595,0.0973,2.36674,0.05819,0.56768,0.85152,3.75925,5.63888,10,0.82681,0,0.1,0.1,0.1
2021-02-06,0.0141,18.10767,0,299.79885,0.18153,0.00683,0.02731,0.10241,2.45579,0.06083,0.58638,0.87958,3.88309,5.82464,10,0.88425,0,0.1,0.1,0.1
2021-02-07,0.01335,18.03983,0,300.2154,0.1897,0.00715,0.02859,0.1072,2.52861,0.06324,0.60276,0.90415,3.99157,5.98735,10,0.93373,0,0.1,0.1,0.1
2021-02-08,0.01266,17.97109,0,300.63852,0.19817,0.00748,0.02991,0.11215,2.59862,0.06568,0.61893,0.92839,4.09861,6.14791,10,0.98262,0,0.1,0.1,0.1
2021-02-09,0.01199,17.90148,0,301.06811,0.20783,0.00785,0.0314,0.11777,2.67812,0.06845,0.63774,0.95661,4.2232,6.3348,10,1.03757,0,0.1,0.1,0.1
2021-02-10,0.01138,17.831,0,301.50412,0.21711,0.00821,0.03285,0.12319,2.74721,0.071,0.6542,0.98129,4.33216,6.49823,10,1.09169,0,0.1,0.1,0.1
2021-02-11,0.01079,17.75969,0,301.94643,0.22713,0.0086,0.03441,0.12903,2.81969,0.07368,0.67151,1.00727,4.44683,6.67024,10,1.15023,0,0.1,0.1,0.1
2021-02-12,0.01028,17.68756,0,302.39498,0.23533,0.00892,0.03569,0.13385,2.86372,0.07567,0.68212,1.02318,4.51706,6.77559,10,1.201,0,0.1,0.1,0.1
2021-02-13,0.00973,17.61464,0,302.84967,0.24724,0.00939,0.03754,0.14078,2.94634,0.07873,0.70199,1.05298,4.64863,6.97294,10,1.2706,0,0.1,0.1,0.1
2021-02-14,0.011,17.54094,0,303.31042,0.18166,0.0069,0.02762,0.10356,2.11802,0.05773,0.5051,0.75764,3.3448,5.0172,10,0.94146,0,0.1,0.1,0.1
2021-02-15,0.07014,17.46649,0,303.77711,0.00803,3e-04,0.00119,0.00445,0.17659,0.07095,0.1174,0.17609,0.77741,1.16611,10,0.05248,0,0.1,0.1,0.1
2021-02-16,0.01781,17.39131,0,304.24967,0.13826,0.0051,0.02041,0.07654,1.41921,0.05136,0.3945,0.59175,2.61241,3.91861,10,0.67533,0,0.1,0.1,0.1
2021-02-17,0.01634,17.31542,0,304.728,0.14688,0.00546,0.02182,0.08183,1.49885,0.05285,0.40155,0.60232,2.65909,3.98863,10,0.75726,0,0.1,0.1,0.1
2021-02-18,0.01532,17.23885,0,305.21199,0.15423,0.00575,0.02299,0.08621,1.54426,0.05458,0.40886,0.6133,2.70754,4.06131,10,0.81435,0,0.1,0.1,0.1
2021-02-19,0.01448,17.16161,0,305.70154,0.16126,0.00602,0.02409,0.09033,1.57561,0.05641,0.41602,0.62403,2.75494,4.13241,10,0.86257,0,0.1,0.1,0.1
2021-02-20,0.01371,17.08374,0,306.19655,0.1687,0.00631,0.02525,0.09468,1.60399,0.05836,0.42368,0.63551,2.80562,4.20843,10,0.91042,0,0.1,0.1,0.1
2021-02-21,0.013,17.00525,0,306.69691,0.1762,0.0066,0.02641,0.09904,1.62669,0.06031,0.43036,0.64555,2.84991,4.27487,10,0.95862,0,0.1,0.1,0.1
2021-02-22,0.01233,16.92616,0,307.20251,0.18404,0.00691,0.02763,0.1036,1.64653,0.06229,0.43678,0.65517,2.89239,4.33858,10,1.00926,0,0.1,0.1,0.1
2021-02-23,0.01169,16.84651,0,307.71325,0.1923,0.00723,0.02891,0.10841,1.66408,0.06429,0.44281,0.66422,2.93235,4.39853,10,1.06307,0,0.1,0.1,0.1
2021-02-24,0.01111,16.76631,0,308.229,0.20006,0.00753,0.03012,0.11295,1.67102,0.066,0.44625,0.66938,2.95513,4.4327,10,1.11526,0,0.1,0.1,0.1
2021-02-25,0.13759,16.68558,0,308.74965,0.02589,0.00165,0.0066,0.02476,0.25206,0.42534,0.42348,0.63521,2.8043,4.20645,10,1.76766,0,0.1,0.1,0.1
2021-02-26,0.16123,16.60436,0,309.27509,0.67362,0.04883,0.19531,0.7324,1.8263,1.62894,2.21864,3.32796,14.69204,22.03806,10,48.38967,0,0.1,0.1,0.1
2021-02-27,0.16475,16.52266,0,309.8052,0.01823,0.00062,0.00247,0.00925,0.16294,0.04632,0.09579,0.14369,0.63434,0.95151,10,0.79081,0,0.1,0.1,0.1
2021-02-28,0.07162,16.44052,0,310.33984,0.0395,0.00143,0.00574,0.02152,0.23734,0.01826,0.08507,0.12761,0.56335,0.84503,10,0.09697,0,0.1,0.1,0.1
2021-03-01,0.0428,16.35794,0,310.8789,0.05883,0.00215,0.00859,0.03222,0.36933,0.02513,0.12305,0.18457,0.81484,1.22227,10,0.22831,0,0.1,0.1,0.1
2021-03-02,0.03319,16.27497,0,311.42225,0.06978,0.00256,0.01024,0.0384,0.4545,0.02874,0.14342,0.21513,0.94976,1.42464,10,0.35014,0,0.1,0.1,0.1
2021-03-03,0.02922,16.19161,0,311.96976,0.07625,0.00281,0.01123,0.0421,0.5063,0.03053,0.15479,0.23219,1.02506,1.53759,10,0.42438,0,0.1,0.1,0.1
2021-03-04,0.02703,16.10791,0,312.5213,0.081,0.00299,0.01195,0.04482,0.5428,0.03169,0.16309,0.24464,1.08001,1.62002,10,0.46782,0,0.1,0.1,0.1
2021-03-05,0.02543,16.02387,0,313.07673,0.08538,0.00316,0.01262,0.04733,0.57519,0.03275,0.17087,0.2563,1.13151,1.69727,10,0.49977,0,0.1,0.1,0.1
2021-03-06,0.02397,15.93954,0,313.63591,0.09023,0.00334,0.01336,0.05009,0.61017,0.03399,0.17965,0.26947,1.18965,1.78447,10,0.53131,0,0.1,0.1,0.1
2021-03-07,0.02275,15.85492,0,314.19871,0.09448,0.0035,0.01401,0.05253,0.64106,0.03493,0.18712,0.28068,1.23914,1.8587,10,0.55802,0,0.1,0.1,0.1
2021-03-08,0.02157,15.77005,0,314.76498,0.09938,0.00369,0.01476,0.05533,0.67631,0.03609,0.19584,0.29375,1.29684,1.94526,10,0.58805,0,0.1,0.1,0.1
2021-03-09,0.0206,15.68496,0,315.33458,0.10284,0.00382,0.01529,0.05734,0.70191,0.0367,0.2017,0.30255,1.33567,2.0035,10,0.61028,0,0.1,0.1,0.1
2021-03-10,0.01939,15.59966,0,315.90737,0.10964,0.00408,0.01632,0.06122,0.75046,0.03845,0.21414,0.3212,1.41803,2.12704,10,0.65149,0,0.1,0.1,0.1
2021-03-11,0.01839,15.51419,0,316.48319,0.11512,0.00429,0.01716,0.06436,0.79013,0.03969,0.22381,0.33571,1.48207,2.2231,10,0.68543,0,0.1,0.1,0.1
2021-03-12,0.01745,15.42856,0,317.06189,0.12075,0.00451,0.01802,0.06759,0.83101,0.04093,0.2337,0.35055,1.54759,2.32139,10,0.72054,0,0.1,0.1,0.1
2021-03-13,0.01656,15.3428,0,317.64332,0.12673,0.00474,0.01894,0.07103,0.87454,0.04225,0.24422,0.36633,1.61727,2.4259,10,0.75794,0,0.1,0.1,0.1
2021-03-14,0.01628,15.25695,0,318.22733,0.1238,0.00463,0.01853,0.06948,0.85639,0.0406,0.23809,0.35714,1.57668,2.36502,10,0.74291,0,0.1,0.1,0.1
2021-03-15,0.01492,15.17101,0,318.81375,0.1393,0.00522,0.02087,0.07828,0.96577,0.04496,0.26778,0.40167,1.77327,2.6599,10,0.83719,0,0.1,0.1,0.1
2021-03-16,0.01418,15.08503,0,319.40243,0.14575,0.00547,0.02187,0.082,1.01299,0.04628,0.279,0.4185,1.84754,2.77132,10,0.87814,0,0.1,0.1,0.1
2021-03-17,0.01342,14.99902,0,319.9932,0.15371,0.00577,0.02309,0.08658,1.07094,0.04804,0.29303,0.43955,1.94049,2.91073,10,0.92796,0,0.1,0.1,0.1
2021-03-18,0.01273,14.91302,0,320.5859,0.16145,0.00607,0.02428,0.09104,1.12753,0.04967,0.30655,0.45982,2.03,3.045,10,0.97693,0,0.1,0.1,0.1
2021-03-19,0.01207,14.82703,0,321.18036,0.16979,0.00639,0.02556,0.09586,1.18857,0.05143,0.32113,0.48169,2.12655,3.18983,10,1.02976,0,0.1,0.1,0.1
2021-03-20,0.01777,14.7411,0,321.77641,0.07624,0.00287,0.01148,0.04304,0.60288,0.07882,0.22624,0.33936,1.4982,2.2473,10,0.46386,0,0.1,0.1,0.1
2021-03-21,0.01154,14.65525,0,322.37388,0.17563,0.00661,0.02645,0.09917,1.22972,0.05269,0.33212,0.49818,2.19935,3.29902,10,1.06906,0,0.1,0.1,0.1
2021-03-22,0.04776,14.5695,0,322.97259,0.01343,5e-04,0.00199,0.00746,0.15663,0.06054,0.10345,0.15518,0.68508,1.02762,10,0.08141,0,0.1,0.1,0.1
2021-03-23,0.01724,14.48387,0,323.57237,0.12092,0.00446,0.01783,0.06688,0.80187,0.0445,0.25889,0.38834,1.71443,2.57164,10,0.71409,0,0.1,0.1,0.1
2021-03-24,0.01611,14.3984,0,324.17305,0.12809,0.00474,0.01895,0.07107,0.85918,0.04542,0.26612,0.39918,1.76227,2.64341,10,0.77293,0,0.1,0.1,0.1
2021-03-25,0.0152,14.31311,0,324.77444,0.13483,0.005,0.01999,0.07496,0.90972,0.0467,0.27635,0.41452,1.83,2.745,10,0.82106,0,0.1,0.1,0.1
2021-03-26,0.01441,14.22802,0,325.37635,0.14149,0.00525,0.02101,0.07879,0.95851,0.04803,0.28762,0.43143,1.90464,2.85697,10,0.86515,0,0.1,0.1,0.1
2021-03-27,0.01364,14.14315,0,325.97862,0.14899,0.00554,0.02216,0.08309,1.01263,0.0497,0.3009,0.45135,1.99261,2.98892,10,0.91347,0,0.1,0.1,0.1
2021-03-28,0.01293,14.05854,0,326.58104,0.15654,0.00583,0.02331,0.08742,1.06716,0.05137,0.31442,0.47163,2.08214,3.12321,10,0.96233,0,0.1,0.1,0.1
2021-03-29,0.01227,13.97421,0,327.18344,0.16407,0.00612,0.02447,0.09174,1.12173,0.05298,0.32787,0.49181,2.17121,3.25681,10,1.01145,0,0.1,0.1,0.1
2021-03-30,0.01165,13.89019,0,327.78562,0.17198,0.00642,0.02568,0.09629,1.17909,0.05464,0.34196,0.51294,2.26449,3.39673,10,1.06317,0,0.1,0.1,0.1
2021-03-31,0.01111,13.80649,0,328.38739,0.17876,0.00668,0.02672,0.10021,1.22899,0.05591,0.35372,0.53058,2.34235,3.51353,10,1.10881,0,0.1,0.1,0.1
2021-04-01,0.01049,13.72314,0,328.98856,0.18937,0.00709,0.02836,0.10637,1.3153,0.06142,0.37578,0.56367,2.48847,3.7327,10,1.17551,0,0.1,0.1,0.1
2021-04-02,0.00995,13.64018,0,329.58893,0.1993,0.00748,0.02991,0.11216,1.39851,0.06681,0.39666,0.59499,2.62672,3.94008,10,1.23858,0,0.1,0.1,0.1
2021-04-03,0.00945,13.55761,0,330.18832,0.20928,0.00787,0.03147,0.118,1.48327,0.07228,0.41772,0.62658,2.76617,4.14926,10,1.30205,0,0.1,0.1,0.1
2021-04-04,0.00894,13.47548,0,330.78651,0.22099,0.00832,0.03329,0.12482,1.58178,0.07842,0.44236,0.66355,2.92938,4.39407,10,1.37605,0,0.1,0.1,0.1
2021-04-05,0.00849,13.39379,0,331.38332,0.23195,0.00875,0.035,0.13124,1.67634,0.08436,0.46562,0.69843,3.0834,4.6251,10,1.4459,0,0.1,0.1,0.1
2021-04-06,0.00806,13.31258,0,331.97854,0.24351,0.0092,0.0368,0.13801,1.77663,0.09056,0.49019,0.73529,3.24612,4.86918,10,1.51949,0,0.1,0.1,0.1
2021-04-07,0.00766,13.23186,0,332.57197,0.25518,0.00966,0.03863,0.14486,1.87922,0.09684,0.51512,0.77269,3.4112,5.1168,10,1.59415,0,0.1,0.1,0.1
2021-04-08,0.00727,13.15168,0,333.16341,0.26879,0.01019,0.04075,0.15282,1.99759,0.1039,0.54408,0.81613,3.60298,5.40447,10,1.68043,0,0.1,0.1,0.1
2021-04-09,0.0069,13.07203,0,333.75266,0.28214,0.01071,0.04284,0.16066,2.1158,0.11089,0.57269,0.85903,3.79239,5.68859,10,1.76558,0,0.1,0.1,0.1
2021-04-10,0.00654,12.99296,0,334.3395,0.29725,0.0113,0.0452,0.16951,2.24888,0.11861,0.605,0.9075,4.00635,6.00952,10,1.86146,0,0.1,0.1,0.1
2021-04-11,0.01135,12.91448,0,334.92373,0.09574,0.00364,0.01456,0.0546,0.76807,0.11393,0.27929,0.41893,1.84948,2.77421,10,0.60134,0,0.1,0.1,0.1
2021-04-12,0.00631,12.83662,0,335.50516,0.30892,0.01174,0.04695,0.17606,2.36245,0.13381,0.63863,0.95794,4.22904,6.34356,10,1.93016,0,0.1,0.1,0.1
2021-04-13,0.00598,12.7594,0,336.08356,0.32472,0.01236,0.04946,0.18546,2.50848,0.14049,0.67108,1.00661,4.44393,6.6659,10,2.03382,0,0.1,0.1,0.1
2021-04-14,0.00568,12.68285,0,336.65874,0.34133,0.01301,0.05206,0.19522,2.65956,0.14908,0.70658,1.05988,4.67907,7.0186,10,2.13987,0,0.1,0.1,0.1
2021-04-15,0.01475,12.60698,0,337.23047,0.05006,0.0019,0.00761,0.02854,0.39418,0.0524,0.13182,0.19773,0.87292,1.30937,10,0.31418,0,0.1,0.1,0.1
2021-04-16,0.06352,12.53181,0,337.79857,0.00944,0.00038,0.00153,0.00572,0.17224,0.19403,0.20182,0.30273,1.33649,2.00473,10,0.24324,0,0.1,0.1,0.1
2021-04-17,0.01253,12.45738,0,338.3628,0.1696,0.00625,0.02498,0.09368,1.22029,0.13906,0.43535,0.65302,2.88293,4.32439,10,0.87881,0,0.1,0.1,0.1
2021-04-18,0.01094,12.3837,0,338.92297,0.18575,0.0069,0.02761,0.10355,1.39158,0.14015,0.45217,0.67826,2.99432,4.49148,10,1.08493,0,0.1,0.1,0.1
2021-04-19,0.01009,12.31079,0,339.47887,0.19805,0.00739,0.02958,0.11091,1.51468,0.14531,0.4722,0.7083,3.12697,4.69045,10,1.20629,0,0.1,0.1,0.1
2021-04-20,0.00947,12.23868,0,340.03029,0.20915,0.00783,0.03132,0.11743,1.62078,0.15285,0.49563,0.74344,3.28209,4.92313,10,1.29477,0,0.1,0.1,0.1
2021-04-21,0.00896,12.16739,0,340.57701,0.22016,0.00826,0.03304,0.12391,1.72471,0.16086,0.52083,0.78124,3.44896,5.17344,10,1.36987,0,0.1,0.1,0.1
2021-04-22,0.02153,12.09693,0,341.11882,0.03777,0.00142,0.00566,0.02123,0.72697,0.29294,0.50546,0.75819,3.34722,5.02083,10,0.25185,0,0.1,0.1,0.1
2021-04-23,0.01767,12.02734,0,341.65553,0.08004,0.00295,0.01179,0.0442,0.89355,0.29809,0.54947,0.82421,3.63865,5.45797,10,0.45005,0,0.1,0.1,0.1
2021-04-24,0.01094,11.95862,0,342.18691,0.1836,0.00682,0.02729,0.10233,1.41272,0.1753,0.50283,0.75424,3.32977,4.99466,10,1.09591,0,0.1,0.1,0.1
2021-04-25,0.01015,11.8908,0,342.71276,0.1955,0.0073,0.02919,0.10947,1.53877,0.17872,0.51147,0.76721,3.38701,5.08051,10,1.20325,0,0.1,0.1,0.1
2021-04-26,0.00956,11.82391,0,343.23288,0.20621,0.00772,0.03088,0.1158,1.64574,0.18574,0.53091,0.79637,3.51576,5.27364,10,1.28264,0,0.1,0.1,0.1
2021-04-27,0.00904,11.75795,0,343.74706,0.21736,0.00816,0.03263,0.12236,1.75398,0.1945,0.55643,0.83464,3.68472,5.52707,10,1.35655,0,0.1,0.1,0.1
2021-04-28,0.00857,11.69295,0,344.25508,0.22888,0.00861,0.03443,0.12911,1.86518,0.20439,0.58459,0.87689,3.87125,5.80687,10,1.43069,0,0.1,0.1,0.1
2021-04-29,0.00813,11.62893,0,344.75676,0.24054,0.00906,0.03625,0.13594,1.97849,0.21469,0.61382,0.92074,4.0648,6.0972,10,1.50539,0,0.1,0.1,0.1
2021-04-30,0.00773,11.56591,0,345.25187,0.25132,0.00949,0.03795,0.1423,2.08594,0.22405,0.64119,0.96178,4.24601,6.36901,10,1.57503,0,0.1,0.1,0.1
2021-05-01,0.0073,11.50391,0,345.74023,0.2655,0.01003,0.04012,0.15046,2.2033,0.23335,0.67278,1.00918,4.45525,6.68287,10,1.67168,0,0.1,0.1,0.1
2021-05-02,0.00693,11.44294,0,346.22163,0.27786,0.01051,0.04203,0.1576,2.30488,0.2408,0.6993,1.04896,4.63086,6.94629,10,1.75887,0,0.1,0.1,0.1
2021-05-03,0.00658,11.38302,0,346.69587,0.29075,0.011,0.04402,0.16506,2.4106,0.24844,0.72679,1.09018,4.81285,7.21927,10,1.85047,0,0.1,0.1,0.1
2021-05-04,0.0063,11.32417,0,347.16275,0.29864,0.01131,0.04525,0.16968,2.47449,0.2516,0.74164,1.11246,4.91123,7.36685,10,1.91198,0,0.1,0.1,0.1
2021-05-05,0.00592,11.26641,0,347.62209,0.3191,0.0121,0.04839,0.18146,2.64208,0.26505,0.7877,1.18155,5.21622,7.82433,10,2.05332,0,0.1,0.1,0.1
2021-05-06,0.00561,11.20976,0,348.07368,0.33382,0.01267,0.05066,0.18999,2.76186,0.27337,0.8185,1.22774,5.42017,8.13025,10,2.16013,0,0.1,0.1,0.1
2021-05-07,0.00532,11.15422,0,348.51733,0.34997,0.01329,0.05316,0.19934,2.89314,0.28257,0.85238,1.27857,5.64456,8.46683,10,2.27741,0,0.1,0.1,0.1
2021-05-08,0.00505,11.09983,0,348.95287,0.36651,0.01393,0.05571,0.20892,3.02707,0.29175,0.88671,1.33007,5.87191,8.80787,10,2.39869,0,0.1,0.1,0.1
2021-05-09,0.0048,11.04659,0,349.38009,0.38277,0.01456,0.05823,0.21836,3.15819,0.30039,0.91991,1.37986,6.09171,9.13757,10,2.51991,0,0.1,0.1,0.1
2021-05-10,0.0245,10.99452,0,349.79881,0.02151,8e-04,0.0032,0.01199,0.44275,0.19892,0.34581,0.51871,2.28996,3.43495,10,0.13564,0,0.1,0.1,0.1
2021-05-11,0.0074,10.94363,0,350.20886,0.25505,0.00948,0.03792,0.14221,1.97277,0.30491,0.73273,1.0991,4.85222,7.27834,10,1.58307,0,0.1,0.1,0.1
2021-05-12,0.00681,10.89394,0,350.61006,0.27159,0.01015,0.0406,0.15225,2.13844,0.29589,0.72482,1.08723,4.79982,7.19973,10,1.76838,0,0.1,0.1,0.1
2021-05-13,0.00641,10.84547,0,351.00223,0.2849,0.01067,0.0427,0.16012,2.25571,0.29709,0.73681,1.10522,4.87923,7.31885,10,1.89127,0,0.1,0.1,0.1
2021-05-14,0.00606,10.79823,0,351.38519,0.29897,0.01122,0.04489,0.16832,2.37078,0.30324,0.76093,1.1414,5.03897,7.55845,10,2.00303,0,0.1,0.1,0.1
2021-05-15,0.01085,10.75223,0,351.75879,0.09183,0.00344,0.01376,0.05161,0.98808,0.36152,0.64067,0.96101,4.2426,6.3639,10,0.61335,0,0.1,0.1,0.1
2021-05-16,0.01798,10.70749,0,352.12284,0.03456,0.00131,0.00522,0.01959,0.38454,0.18609,0.27737,0.41605,1.83677,2.75515,10,0.44787,0,0.1,0.1,0.1
2021-05-17,0.01517,10.66402,0,352.4772,0.07711,0.00283,0.01132,0.04244,1.09456,0.56798,0.79235,1.18853,5.24703,7.87055,10,0.56163,0,0.1,0.1,0.1
2021-05-18,0.00889,10.62184,0,352.8217,0.19784,0.00729,0.02915,0.1093,1.4963,0.38145,0.70149,1.05223,4.64533,6.968,10,1.20418,0,0.1,0.1,0.1
2021-05-19,0.07698,10.58094,0,353.15619,0.16469,0.01142,0.04566,0.17124,0.8044,1.83843,1.6273,2.44095,10.77616,16.16424,10,23.12903,0,0.1,0.1,0.1
2021-05-20,0.11236,10.54136,0,353.48052,0.03676,0.00219,0.00875,0.03281,0.27961,0.38927,0.41373,0.62059,2.73974,4.1096,10,2.02431,0,0.1,0.1,0.1
2021-05-21,0.08051,10.50309,0,353.79453,0.02163,0.00079,0.00315,0.01183,0.29618,0.21411,0.27507,0.41261,1.82156,2.73234,10,0.45413,0,0.1,0.1,0.1
2021-05-22,0.10434,10.46616,0,354.09809,0.01732,0.00062,0.00249,0.00933,0.22604,0.13702,0.1936,0.2904,1.28203,1.92305,10,0.21617,0,0.1,0.1,0.1
2021-05-23,0.07737,10.43057,0,354.39106,0.02441,0.00088,0.0035,0.01313,0.24306,0.14065,0.19342,0.29012,1.28081,1.92122,10,0.30752,0,0.1,0.1,0.1
2021-05-24,0.1576,10.39633,0,354.67331,0.06315,0.00413,0.01652,0.06196,0.47506,0.49151,0.60227,0.90341,3.98832,5.98248,10,5.85921,0,0.1,0.1,0.1
2021-05-25,0.12106,10.36345,0,354.94469,0.01606,0.00057,0.00228,0.00856,0.14744,0.07236,0.10287,0.1543,0.68122,1.02182,10,0.16929,0,0.1,0.1,0.1
2021-05-26,0.14309,10.33194,0,355.2051,0.11075,0.00739,0.02954,0.11078,0.67766,0.59259,0.79292,1.18939,5.25082,7.87623,10,9.55073,0,0.1,0.1,0.1
2021-05-27,0.12184,10.30182,0,355.4544,0.0186,0.00065,0.0026,0.00973,0.14223,0.05694,0.08413,0.1262,0.55714,0.83572,10,0.69386,0,0.1,0.1,0.1
2021-05-28,0.14363,10.27308,0,355.69249,0.01574,6e-04,0.00239,0.00896,0.16081,0.1025,0.13683,0.20525,0.9061,1.35915,10,0.82116,0,0.1,0.1,0.1
2021-05-29,0.1073,10.24575,0,355.91925,0.0161,0.00059,0.00235,0.00881,0.1769,0.07126,0.1127,0.16905,0.74631,1.11946,10,0.1442,0,0.1,0.1,0.1
2021-05-30,0.11525,10.21982,0,356.13457,0.01551,0.00055,0.0022,0.00827,0.14737,0.05122,0.08675,0.13013,0.57448,0.86172,10,0.13921,0,0.1,0.1,0.1
2021-05-31,0.08177,10.1953,0,356.33836,0.02249,0.00081,0.00325,0.0122,0.15511,0.03762,0.06384,0.09576,0.42277,0.63415,10,0.14128,0,0.1,0.1,0.1
2021-06-01,0.06919,10.17221,0,356.53051,0.02501,0.00091,0.00364,0.01365,0.17937,0.03873,0.06743,0.10114,0.44652,0.66977,10,0.18416,0,0.1,0.1,0.1
2021-06-02,0.06368,10.15055,0,356.71095,0.02643,0.00096,0.00386,0.01446,0.19407,0.03924,0.06976,0.10464,0.46198,0.69297,10,0.20682,0,0.1,0.1,0.1
2021-06-03,0.0603,10.13032,0,356.87957,0.02751,0.001,0.00402,0.01507,0.20553,0.03985,0.07217,0.10826,0.47794,0.71691,10,0.22041,0,0.1,0.1,0.1
2021-06-04,0.05755,10.11153,0,357.03632,0.02855,0.00104,0.00417,0.01565,0.2165,0.04058,0.07479,0.11219,0.49528,0.74293,10,0.23119,0,0.1,0.1,0.1
2021-06-05,0.0549,10.09419,0,357.1811,0.02969,0.00109,0.00434,0.01629,0.22845,0.04146,0.0778,0.1167,0.5152,0.77279,10,0.24211,0,0.1,0.1,0.1
2021-06-06,0.05227,10.0783,0,357.31385,0.03093,0.00113,0.00453,0.01698,0.24149,0.04239,0.08109,0.12164,0.537,0.8055,10,0.25364,0,0.1,0.1,0.1
2021-06-07,0.0498,10.06387,0,357.43451,0.03211,0.00118,0.00471,0.01765,0.25442,0.04319,0.08427,0.12641,0.55806,0.83709,10,0.26487,0,0.1,0.1,0.1
2021-06-08,0.07043,10.05089,0,357.54302,0.01768,0.00064,0.00258,0.00967,0.33304,0.11306,0.21736,0.32604,1.43936,2.15904,10,0.14226,0,0.1,0.1,0.1
2021-06-09,0.06387,10.03939,0,357.63933,0.02286,0.00083,0.00333,0.01248,0.28865,0.08076,0.15791,0.23686,1.04568,1.56852,10,0.17954,0,0.1,0.1,0.1
2021-06-10,0.0533,10.02935,0,357.72339,0.02973,0.00109,0.00434,0.01628,0.24168,0.04138,0.08308,0.12462,0.55014,0.82522,10,0.24256,0,0.1,0.1,0.1
2021-06-11,0.08014,10.02078,0,357.79516,0.01994,0.00081,0.00325,0.0122,0.28725,0.22576,0.26136,0.39204,1.73073,2.5961,10,0.91866,0,0.1,0.1,0.1
2021-06-12,0.05778,10.01368,0,357.85461,0.02755,0.001,0.00402,0.01507,0.25528,0.05418,0.10609,0.15913,0.70253,1.05379,10,0.20514,0,0.1,0.1,0.1
2021-06-13,0.06793,10.00806,0,357.90171,0.01966,0.00071,0.00286,0.01072,0.35871,0.12321,0.23395,0.35093,1.54925,2.32388,10,0.15544,0,0.1,0.1,0.1
2021-06-14,0.06859,10.00392,0,357.93644,0.02154,0.00078,0.00311,0.01167,0.27311,0.07544,0.14802,0.22203,0.98022,1.47033,10,0.16308,0,0.1,0.1,0.1
2021-06-15,0.05578,10.00125,0,357.95878,0.02799,0.00102,0.00406,0.01524,0.25121,0.04293,0.09053,0.1358,0.59953,0.89929,10,0.22737,0,0.1,0.1,0.1
2021-06-16,0.05167,10.00007,0,357.96872,0.02928,0.00107,0.00427,0.016,0.25913,0.04103,0.08571,0.12857,0.56761,0.85141,10,0.25103,0,0.1,0.1,0.1
2021-06-17,0.04867,10.00036,0,357.96626,0.03083,0.00112,0.0045,0.01686,0.2759,0.04005,0.08713,0.13069,0.57697,0.86546,10,0.2698,0,0.1,0.1,0.1
2021-06-18,0.04633,10.00213,0,357.95139,0.03204,0.00117,0.00468,0.01754,0.29132,0.04097,0.09065,0.13597,0.60027,0.9004,10,0.28366,0,0.1,0.1,0.1
2021-06-19,0.04421,10.00539,0,357.92412,0.03325,0.00121,0.00486,0.01821,0.3068,0.04198,0.09446,0.14169,0.62554,0.93831,10,0.29675,0,0.1,0.1,0.1
2021-06-20,0.05061,10.01012,0,357.88447,0.02569,0.00094,0.00375,0.01405,0.3181,0.08742,0.15539,0.23309,1.02902,1.54353,10,0.25829,0,0.1,0.1,0.1
2021-06-21,0.18745,10.01632,0,357.83246,0.02022,0.00113,0.00452,0.01695,0.29582,0.28038,0.34246,0.51369,2.26779,3.40168,10,2.00774,0,0.1,0.1,0.1
2021-06-22,0.12576,10.02401,0,357.7681,0.01542,0.00051,0.00203,0.0076,0.13504,0.03336,0.06101,0.09151,0.40399,0.60598,10,0.70429,0,0.1,0.1,0.1
2021-06-23,0.12342,10.03316,0,357.69144,0.02614,0.00158,0.00632,0.02369,0.2927,0.25083,0.3371,0.50564,2.23228,3.34843,10,1.27285,0,0.1,0.1,0.1
2021-06-24,0.1983,10.04379,0,357.6025,0.01167,0.00039,0.00157,0.0059,0.1691,0.08457,0.12513,0.1877,0.82863,1.24294,10,1.27134,0,0.1,0.1,0.1
2021-06-25,0.32421,10.05588,0,357.50134,0.12266,0.00751,0.03002,0.11258,0.65084,0.36258,0.60777,0.91165,4.0247,6.03705,10,16.17701,0,0.1,0.1,0.1
2021-06-26,0.28231,10.06943,0,357.38799,0.00783,0.00028,0.0011,0.00414,0.09247,0.03522,0.05879,0.08818,0.38931,0.58397,10,1.28078,0,0.1,0.1,0.1
2021-06-27,0.47522,10.08444,0,357.26252,0.09867,0.00592,0.02366,0.08874,0.49437,0.23942,0.43315,0.64973,2.86837,4.30255,10,16.40573,0,0.1,0.1,0.1
2021-06-28,0.55445,10.10091,0,357.12498,0.00508,0.00021,0.00083,0.00311,0.05589,0.01923,0.03444,0.05166,0.22807,0.3421,10,1.59428,0,0.1,0.1,0.1
2021-06-29,0.25536,10.11883,0,356.97543,0.00761,0.00024,0.00096,0.0036,0.06588,0.00892,0.02068,0.03101,0.13692,0.20538,10,0.19653,0,0.1,0.1,0.1
2021-06-30,0.15823,10.13819,0,356.81396,0.01068,0.00035,0.00138,0.00519,0.09858,0.01215,0.02984,0.04476,0.19762,0.29642,10,0.07805,0,0.1,0.1,0.1
2021-07-01,0.1261,10.15899,0,356.64062,0.01251,0.00041,0.00162,0.00609,0.1179,0.01358,0.03474,0.05211,0.23005,0.34507,10,0.10881,0,0.1,0.1,0.1
2021-07-02,0.11336,10.18122,0,356.45552,0.01349,0.00044,0.00175,0.00658,0.12876,0.01424,0.03734,0.05602,0.2473,0.37095,10,0.12596,0,0.1,0.1,0.1
2021-07-03,0.10643,10.20488,0,356.25873,0.01316,0.00046,0.00185,0.00693,0.13697,0.01561,0.03926,0.05889,0.25997,0.38995,10,0.13207,0,0.1,0.1,0.1
2021-07-04,0.10125,10.22996,0,356.05034,0.01329,0.00048,0.00194,0.00726,0.14427,0.01644,0.04099,0.06148,0.27142,0.40714,10,0.13795,0,0.1,0.1,0.1
2021-07-05,0.09667,10.25645,0,355.83046,0.01385,0.00051,0.00202,0.00758,0.15152,0.01686,0.04272,0.06409,0.28292,0.42439,10,0.14417,0,0.1,0.1,0.1
2021-07-06,0.39337,10.28434,0,355.59919,0.05914,0.00364,0.01455,0.05456,0.45919,0.2576,0.42852,0.64278,2.83771,4.25657,10,8.79378,0,0.1,0.1,0.1
2021-07-07,0.22585,10.31363,0,355.35663,0.00829,0.00027,0.00107,0.00401,0.07705,0.00857,0.0229,0.03434,0.15162,0.22743,10,0.10344,0,0.1,0.1,0.1
2021-07-08,0.13853,10.3443,0,355.1029,0.01194,0.00039,0.00157,0.00589,0.11598,0.01206,0.03345,0.05018,0.22152,0.33228,10,0.08656,0,0.1,0.1,0.1
2021-07-09,0.10996,10.37636,0,354.83811,0.01355,0.00046,0.00185,0.00693,0.13916,0.01427,0.03918,0.05877,0.25944,0.38916,10,0.12076,0,0.1,0.1,0.1
2021-07-10,0.0988,10.40978,0,354.56239,0.01359,5e-04,0.002,0.00749,0.15231,0.01605,0.0422,0.0633,0.27944,0.41916,10,0.13765,0,0.1,0.1,0.1
2021-07-11,0.09257,10.44456,0,354.27587,0.0143,0.00053,0.00211,0.0079,0.16186,0.01661,0.04441,0.06662,0.2941,0.44115,10,0.14889,0,0.1,0.1,0.1
2021-07-12,0.15437,10.48068,0,353.97867,0.0084,3e-04,0.00121,0.00453,0.1991,0.07567,0.13497,0.20245,0.89376,1.34065,10,0.19587,0,0.1,0.1,0.1
2021-07-13,0.17036,10.51815,0,353.67094,0.0096,0.00031,0.00126,0.00471,0.10438,0.02284,0.04519,0.06778,0.29922,0.44884,10,0.07497,0,0.1,0.1,0.1
2021-07-14,0.22121,10.55694,0,353.35281,0.00836,0.00032,0.00127,0.00477,0.1365,0.06715,0.10383,0.15574,0.68755,1.03132,10,0.29014,0,0.1,0.1,0.1
2021-07-15,0.25018,10.59704,0,353.02443,0.01628,0.00085,0.00341,0.01278,0.19686,0.10153,0.16481,0.24721,1.09136,1.63705,10,1.26417,0,0.1,0.1,0.1
2021-07-16,0.31065,10.63845,0,352.68594,0.00645,0.00024,0.00097,0.00363,0.1026,0.04515,0.07404,0.11107,0.49033,0.7355,10,0.35994,0,0.1,0.1,0.1
2021-07-17,0.23833,10.68115,0,352.3375,0.00753,0.00024,0.00096,0.00359,0.08272,0.01438,0.0321,0.04814,0.21255,0.31882,10,0.08474,0,0.1,0.1,0.1
2021-07-18,0.25121,10.72513,0,351.97927,0.01118,0.00053,0.00211,0.00792,0.17209,0.08774,0.14117,0.21176,0.93486,1.40229,10,0.74699,0,0.1,0.1,0.1
2021-07-19,0.22118,10.77037,0,351.6114,0.00792,0.00025,0.00102,0.00382,0.08246,0.01279,0.0292,0.0438,0.19339,0.29008,10,0.08618,0,0.1,0.1,0.1
2021-07-20,0.15382,10.81687,0,351.23406,0.01025,0.00034,0.00135,0.00508,0.10415,0.01134,0.03039,0.04558,0.20124,0.30186,10,0.08628,0,0.1,0.1,0.1
2021-07-21,0.25143,10.8646,0,350.84741,0.00789,0.00032,0.0013,0.00487,0.13903,0.06632,0.10753,0.1613,0.71209,1.06813,10,0.41621,0,0.1,0.1,0.1
2021-07-22,0.46974,10.91355,0,350.45164,0.07233,0.00434,0.01736,0.06508,0.42772,0.21289,0.37829,0.56743,2.50504,3.75757,10,11.34515,0,0.1,0.1,0.1
2021-07-23,0.34545,10.96372,0,350.0469,0.00743,0.00031,0.00125,0.00469,0.0935,0.03158,0.05803,0.08705,0.38429,0.57644,10,0.79028,0,0.1,0.1,0.1
2021-07-24,0.44758,11.01508,0,349.63338,0.04424,0.00262,0.0105,0.03936,0.33796,0.16666,0.29628,0.44442,1.96198,2.94296,10,6.92589,0,0.1,0.1,0.1
2021-07-25,0.34398,11.06761,0,349.21125,0.00537,0.00017,7e-04,0.00261,0.05457,0.0057,0.01604,0.02406,0.10622,0.15933,10,0.56722,0,0.1,0.1,0.1
2021-07-26,0.45476,11.12132,0,348.78071,0.17093,0.00999,0.03995,0.1498,0.57801,0.25463,0.48289,0.72434,3.19775,4.79663,10,27.66378,0,0.1,0.1,0.1
2021-07-27,0.70063,11.17617,0,348.34192,0.11384,0.00653,0.0261,0.09789,0.30269,0.12565,0.24596,0.36894,1.62876,2.44314,10,20.22646,0,0.1,0.1,0.1
2021-07-28,0.3236,11.23215,0,347.89509,0.00556,0.00018,0.00073,0.00273,0.05717,0.00481,0.01554,0.02331,0.10292,0.15438,10,0.4999,0,0.1,0.1,0.1
2021-07-29,0.48507,11.28924,0,347.4404,0.04762,0.00281,0.01126,0.04221,0.23739,0.10267,0.19365,0.29047,1.28234,1.92351,10,7.49471,0,0.1,0.1,0.1
2021-07-30,0.40306,11.34744,0,346.97804,0.00721,0.00032,0.00129,0.00482,0.08296,0.02583,0.04975,0.07462,0.32944,0.49417,10,1.0168,0,0.1,0.1,0.1
2021-07-31,0.68292,11.40671,0,346.50821,0.06378,0.00359,0.01437,0.0539,0.21942,0.09014,0.17594,0.26391,1.16509,1.74764,10,11.81375,0,0.1,0.1,0.1
2021-08-01,0.27577,11.46705,0,346.0311,0.00627,2e-04,0.00082,0.00307,0.06465,0.00618,0.01808,0.02713,0.11975,0.17963,10,0.21875,0,0.1,0.1,0.1
2021-08-02,0.32659,11.52843,0,345.54691,0.03457,0.00205,0.00819,0.03072,0.22308,0.09809,0.17891,0.26837,1.18479,1.77718,10,4.42919,0,0.1,0.1,0.1
2021-08-03,0.29188,11.59085,0,345.05584,0.00568,0.00018,0.00074,0.00277,0.06568,0.01112,0.02499,0.03748,0.16547,0.2482,10,0.10372,0,0.1,0.1,0.1
2021-08-04,0.2531,11.65427,0,344.55809,0.0064,0.00022,0.00087,0.00325,0.08602,0.02115,0.04186,0.06279,0.2772,0.4158,10,0.11832,0,0.1,0.1,0.1
2021-08-05,0.25844,11.71868,0,344.05387,0.00635,0.00021,0.00083,0.0031,0.07242,0.01189,0.02692,0.04038,0.17825,0.26738,10,0.08079,0,0.1,0.1,0.1
2021-08-06,0.1906,11.78406,0,343.54337,0.00801,0.00026,0.00105,0.00395,0.08362,0.00853,0.02371,0.03557,0.15704,0.23556,10,0.08552,0,0.1,0.1,0.1
2021-08-07,0.16416,11.85039,0,343.02681,0.00872,0.00029,0.00117,0.00437,0.09382,0.00871,0.02579,0.03869,0.17079,0.25618,10,0.09009,0,0.1,0.1,0.1
2021-08-08,0.21963,11.91765,0,342.50439,0.00638,0.00021,0.00083,0.00312,0.09065,0.02097,0.04289,0.06434,0.28403,0.42604,10,0.0773,0,0.1,0.1,0.1
2021-08-09,0.20102,11.98583,0,341.97631,0.0078,0.00025,0.00101,0.00378,0.08273,0.01073,0.0267,0.04006,0.17684,0.26525,10,0.08273,0,0.1,0.1,0.1
2021-08-10,0.16409,12.0549,0,341.44279,0.00878,0.00029,0.00117,0.00437,0.09286,0.00934,0.02621,0.03931,0.17354,0.26032,10,0.08834,0,0.1,0.1,0.1
2021-08-11,0.14888,12.12484,0,340.90402,0.00937,0.00031,0.00125,0.00468,0.10029,0.00928,0.02749,0.04123,0.18203,0.27304,10,0.10003,0,0.1,0.1,0.1
2021-08-12,0.13978,12.19563,0,340.36023,0.00986,0.00033,0.00131,0.00492,0.10585,0.00939,0.02864,0.04295,0.18963,0.28444,10,0.10716,0,0.1,0.1,0.1
2021-08-13,0.13278,12.26725,0,339.81162,0.01031,0.00034,0.00137,0.00514,0.11068,0.00965,0.02975,0.04463,0.19702,0.29554,10,0.11259,0,0.1,0.1,0.1
2021-08-14,0.12653,12.33968,0,339.2584,0.01076,0.00036,0.00143,0.00537,0.11551,0.00992,0.03091,0.04636,0.20467,0.30701,10,0.11764,0,0.1,0.1,0.1
2021-08-15,0.12043,12.4129,0,338.70078,0.01125,0.00037,0.0015,0.00561,0.12073,0.0102,0.03216,0.04824,0.21296,0.31943,10,0.12296,0,0.1,0.1,0.1
2021-08-16,0.11447,12.48688,0,338.13897,0.01177,0.00039,0.00157,0.00587,0.12637,0.0105,0.0335,0.05026,0.22187,0.3328,10,0.12864,0,0.1,0.1,0.1
2021-08-17,0.10872,12.56161,0,337.57317,0.01223,0.00041,0.00164,0.00615,0.13239,0.01092,0.03494,0.05241,0.23137,0.34706,10,0.13393,0,0.1,0.1,0.1
2021-08-18,0.10321,12.63705,0,337.0036,0.01156,0.00043,0.00172,0.00645,0.13929,0.01253,0.0365,0.05475,0.24171,0.36256,10,0.1364,0,0.1,0.1,0.1
2021-08-19,0.09795,12.7132,0,336.43048,0.01211,0.00045,0.0018,0.00677,0.14602,0.01292,0.03809,0.05714,0.25226,0.37839,10,0.14304,0,0.1,0.1,0.1
2021-08-20,0.09299,12.79002,0,335.85399,0.01268,0.00047,0.00189,0.00709,0.15299,0.01331,0.03974,0.05961,0.26316,0.39475,10,0.14996,0,0.1,0.1,0.1
2021-08-21,0.08831,12.8675,0,335.27436,0.01326,0.00049,0.00198,0.00742,0.16016,0.0137,0.04143,0.06214,0.27433,0.41149,10,0.15712,0,0.1,0.1,0.1
2021-08-22,0.08382,12.94561,0,334.6918,0.01389,0.00052,0.00207,0.00778,0.16786,0.01413,0.04324,0.06486,0.28633,0.42949,10,0.16481,0,0.1,0.1,0.1
2021-08-23,0.79819,13.02433,0,334.1065,0.01732,0.00102,0.0041,0.01537,0.19954,0.10895,0.18518,0.27778,1.22631,1.83946,10,2.96435,0,0.1,0.1,0.1
2021-08-24,1.40342,13.10363,0,333.51868,0.01189,0.00069,0.00275,0.01031,0.07916,0.03304,0.06284,0.09426,0.41613,0.62419,10,2.28539,0,0.1,0.1,0.1
2021-08-25,0.52225,13.18349,0,332.92854,0.00352,0.00011,0.00045,0.00168,0.03318,0.00455,0.01039,0.01559,0.06882,0.10323,10,0.81605,0,0.1,0.1,0.1
2021-08-26,0.25719,13.26389,0,332.33628,0.00647,0.00021,0.00082,0.00309,0.06124,0.0074,0.01798,0.02697,0.11907,0.17861,10,0.15408,0,0.1,0.1,0.1
2021-08-27,0.17157,13.3448,0,331.74212,0.00846,0.00028,0.0011,0.00414,0.08453,0.00933,0.02409,0.03614,0.15955,0.23932,10,0.07998,0,0.1,0.1,0.1
2021-08-28,0.14225,13.42621,0,331.14624,0.00951,0.00031,0.00125,0.00468,0.09709,0.0101,0.02715,0.04072,0.17976,0.26964,10,0.10017,0,0.1,0.1,0.1
2021-08-29,0.12975,13.50808,0,330.54886,0.01013,0.00033,0.00133,0.00498,0.10412,0.01052,0.02883,0.04325,0.19092,0.28637,10,0.1129,0,0.1,0.1,0.1
2021-08-30,0.12233,13.59039,0,329.95017,0.01059,0.00035,0.00139,0.00521,0.10916,0.01084,0.03004,0.04507,0.19896,0.29844,10,0.12045,0,0.1,0.1,0.1
2021-08-31,0.11619,13.67311,0,329.35036,0.01106,0.00036,0.00145,0.00544,0.11403,0.01118,0.03124,0.04686,0.20686,0.31029,10,0.12659,0,0.1,0.1,0.1
2021-09-01,0.11048,13.75623,0,328.74965,0.01166,0.00038,0.00153,0.00574,0.11962,0.01131,0.03253,0.04879,0.21541,0.32311,10,0.13255,0,0.1,0.1,0.1
2021-09-02,0.10509,13.83972,0,328.14822,0.01136,4e-04,0.00161,0.00605,0.12578,0.01228,0.03387,0.05081,0.22432,0.33648,10,0.13496,0,0.1,0.1,0.1
2021-09-03,0.20095,13.92355,0,327.54626,0.0088,0.00035,0.00141,0.00527,0.16261,0.0782,0.12556,0.18834,0.83147,1.24721,10,0.39689,0,0.1,0.1,0.1
2021-09-04,0.13472,14.00771,0,326.94397,0.01101,0.00036,0.00144,0.00539,0.10455,0.01157,0.03081,0.04622,0.20406,0.30609,10,0.09131,0,0.1,0.1,0.1
2021-09-05,0.10839,14.09215,0,326.34154,0.01216,0.00042,0.00167,0.00625,0.12442,0.0123,0.03458,0.05187,0.22898,0.34347,10,0.12359,0,0.1,0.1,0.1
2021-09-06,0.09942,14.17686,0,325.73916,0.01179,0.00043,0.00173,0.0065,0.13138,0.01504,0.03807,0.0571,0.25208,0.37812,10,0.13476,0,0.1,0.1,0.1
2021-09-07,0.09201,14.26182,0,325.13701,0.01289,0.00047,0.00189,0.00711,0.14238,0.01565,0.04128,0.06192,0.27336,0.41004,10,0.14891,0,0.1,0.1,0.1
2021-09-08,0.08658,14.34699,0,324.53528,0.0137,0.00051,0.00202,0.00758,0.15104,0.01363,0.0403,0.06045,0.26688,0.40032,10,0.15944,0,0.1,0.1,0.1
2021-09-09,0.08217,14.43236,0,323.93416,0.01443,0.00053,0.00213,0.00801,0.1588,0.01371,0.04182,0.06272,0.27691,0.41537,10,0.16763,0,0.1,0.1,0.1
2021-09-10,0.07798,14.5179,0,323.33381,0.01521,0.00056,0.00226,0.00846,0.16694,0.01385,0.04357,0.06536,0.28854,0.43281,10,0.17599,0,0.1,0.1,0.1
2021-09-11,0.07399,14.60357,0,322.73443,0.01606,6e-04,0.00239,0.00895,0.17567,0.01402,0.04551,0.06827,0.30139,0.45208,10,0.18476,0,0.1,0.1,0.1
2021-09-12,0.07024,14.68937,0,322.13619,0.01695,0.00063,0.00252,0.00947,0.1847,0.0142,0.04753,0.07129,0.31474,0.47211,10,0.19383,0,0.1,0.1,0.1
2021-09-13,0.08878,14.77526,0,321.53927,0.01091,0.00041,0.00162,0.00608,0.2091,0.05063,0.10895,0.16342,0.72147,1.08221,10,0.12264,0,0.1,0.1,0.1
2021-09-14,0.25376,14.86121,0,320.94383,0.01171,0.00056,0.00226,0.00846,0.20183,0.11352,0.18108,0.27162,1.19915,1.79872,10,0.95161,0,0.1,0.1,0.1
2021-09-15,0.12893,14.94721,0,320.35005,0.01266,0.00041,0.00166,0.00622,0.10874,0.01223,0.03364,0.05046,0.22279,0.33418,10,0.08425,0,0.1,0.1,0.1
2021-09-16,0.22224,15.03322,0,319.7581,0.00906,0.00036,0.00143,0.00536,0.16031,0.07697,0.128,0.192,0.84762,1.27143,10,0.34168,0,0.1,0.1,0.1
2021-09-17,0.17717,15.11922,0,319.16814,0.01026,0.00033,0.00131,0.00492,0.0856,0.01104,0.02862,0.04294,0.18956,0.28434,10,0.06614,0,0.1,0.1,0.1
2021-09-18,0.11552,15.20518,0,318.58034,0.01348,0.00045,0.00179,0.00672,0.11671,0.0114,0.03396,0.05094,0.22488,0.33732,10,0.10464,0,0.1,0.1,0.1
2021-09-19,0.4744,15.29109,0,317.99486,0.04093,0.00237,0.00949,0.03557,0.36627,0.18794,0.32948,0.49421,2.18183,3.27274,10,6.92343,0,0.1,0.1,0.1
2021-09-20,0.31651,15.37691,0,317.41186,0.00629,2e-04,8e-04,0.00299,0.05217,0.00655,0.01789,0.02683,0.11844,0.17767,10,0.46673,0,0.1,0.1,0.1
2021-09-21,0.20592,15.46262,0,316.83149,0.00864,0.00029,0.00117,0.0044,0.11869,0.03618,0.07047,0.1057,0.46663,0.69995,10,0.13159,0,0.1,0.1,0.1
2021-09-22,0.17567,15.54819,0,316.25392,0.01008,0.00033,0.0013,0.00488,0.08292,0.00902,0.02654,0.03981,0.17576,0.26364,10,0.0701,0,0.1,0.1,0.1
2021-09-23,0.62701,15.63359,0,315.67928,0.0185,0.00107,0.0043,0.01611,0.19491,0.09952,0.17393,0.2609,1.1518,1.7277,10,2.87278,0,0.1,0.1,0.1
2021-09-24,0.67579,15.71881,0,315.10775,0.00622,0.00029,0.00118,0.00442,0.06397,0.02531,0.04679,0.07018,0.30982,0.46474,10,1.24988,0,0.1,0.1,0.1
2021-09-25,0.31224,15.80382,0,314.53945,0.00631,2e-04,8e-04,0.00301,0.04648,0.0043,0.0138,0.02069,0.09136,0.13704,10,0.42437,0,0.1,0.1,0.1
2021-09-26,0.20277,15.88859,0,313.97454,0.00826,0.00027,0.00108,0.00406,0.08093,0.01534,0.03518,0.05277,0.23298,0.34947,10,0.08661,0,0.1,0.1,0.1
2021-09-27,0.6885,15.9731,0,313.41317,0.02639,0.00156,0.00624,0.02342,0.22532,0.10531,0.1933,0.28995,1.28006,1.92009,10,4.27249,0,0.1,0.1,0.1
2021-09-28,0.26378,16.05732,0,312.85546,0.00716,0.00023,0.00092,0.00346,0.05337,0.00398,0.01517,0.02276,0.10047,0.1507,10,0.17799,0,0.1,0.1,0.1
2021-09-29,0.19335,16.14123,0,312.30156,0.00845,0.00028,0.00111,0.00417,0.08377,0.01673,0.03687,0.0553,0.24415,0.36623,10,0.0944,0,0.1,0.1,0.1
2021-09-30,0.21104,16.22479,0,311.75161,0.01023,0.00043,0.0017,0.00639,0.13736,0.05502,0.09944,0.14916,0.6585,0.98774,10,0.42944,0,0.1,0.1,0.1
2021-10-01,0.31144,16.308,0,311.20574,0.05432,0.00307,0.01229,0.04608,0.4035,0.18559,0.3414,0.51209,2.26076,3.39113,10,8.18363,0,0.1,0.1,0.1
2021-10-02,0.43276,16.39082,0,310.66408,0.0391,0.00216,0.00865,0.03242,0.26428,0.11414,0.21613,0.32419,1.4312,2.14681,10,6.51943,0,0.1,0.1,0.1
2021-10-03,0.34014,16.47323,0,310.12676,0.00747,0.00031,0.00122,0.00459,0.08361,0.03056,0.05739,0.08608,0.38004,0.57005,10,0.70014,0,0.1,0.1,0.1
2021-10-04,0.26275,16.5552,0,309.5939,0.00732,0.00023,0.00094,0.00351,0.05312,0.0046,0.0164,0.0246,0.10861,0.16292,10,0.14634,0,0.1,0.1,0.1
2021-10-05,0.39802,16.63671,0,309.06564,0.01908,0.00107,0.00428,0.01604,0.20666,0.10187,0.18023,0.27035,1.19351,1.79027,10,2.57274,0,0.1,0.1,0.1
2021-10-06,0.28775,16.71774,0,308.54209,0.00679,0.00022,0.00087,0.00326,0.05069,0.00473,0.0163,0.02445,0.10792,0.16188,10,0.26859,0,0.1,0.1,0.1
2021-10-07,0.1877,16.79826,0,308.02337,0.00915,3e-04,0.0012,0.00448,0.06791,0.00444,0.01901,0.02852,0.12591,0.18886,10,0.07528,0,0.1,0.1,0.1
2021-10-08,0.15354,16.87824,0,307.5096,0.01031,0.00034,0.00137,0.00512,0.07961,0.00474,0.02169,0.03254,0.14366,0.21549,10,0.09345,0,0.1,0.1,0.1
2021-10-09,0.13894,16.95767,0,307.00089,0.0111,0.00037,0.00147,0.00552,0.08634,0.00488,0.02319,0.03478,0.15356,0.23034,10,0.1062,0,0.1,0.1,0.1
2021-10-10,0.13028,17.03653,0,306.49736,0.01175,0.00039,0.00156,0.00585,0.09131,0.00497,0.02431,0.03646,0.16097,0.24146,10,0.11392,0,0.1,0.1,0.1
2021-10-11,0.1233,17.11477,0,305.99911,0.01242,0.00041,0.00165,0.00619,0.09615,0.00504,0.02541,0.03812,0.16829,0.25244,10,0.12019,0,0.1,0.1,0.1
2021-10-12,0.11702,17.1924,0,305.50626,0.0131,0.00044,0.00174,0.00653,0.10094,0.00511,0.02651,0.03977,0.17556,0.26334,10,0.12604,0,0.1,0.1,0.1
2021-10-13,0.11793,17.26937,0,305.01891,0.01243,0.00041,0.00165,0.0062,0.1032,0.01142,0.03479,0.05219,0.2304,0.3456,10,0.11881,0,0.1,0.1,0.1
2021-10-14,0.1124,17.34567,0,304.53716,0.01411,0.00047,0.00187,0.00703,0.10623,0.00569,0.02896,0.04344,0.19176,0.28763,10,0.12575,0,0.1,0.1,0.1
2021-10-15,0.10322,17.42128,0,304.06111,0.01363,5e-04,0.00202,0.00756,0.11428,0.00649,0.02993,0.04489,0.19818,0.29727,10,0.13482,0,0.1,0.1,0.1
2021-10-16,0.09693,17.49618,0,303.59087,0.01432,0.00054,0.00214,0.00803,0.12106,0.00668,0.0313,0.04695,0.20726,0.31089,10,0.14384,0,0.1,0.1,0.1
2021-10-17,0.09172,17.57033,0,303.12653,0.01512,0.00057,0.00227,0.00849,0.12744,0.0068,0.03269,0.04904,0.21648,0.32472,10,0.15167,0,0.1,0.1,0.1
2021-10-18,0.08695,17.64372,0,302.66818,0.01596,6e-04,0.0024,0.00898,0.134,0.00695,0.03417,0.05125,0.22625,0.33938,10,0.15941,0,0.1,0.1,0.1
2021-10-19,0.08257,17.71633,0,302.21592,0.01682,0.00063,0.00253,0.00948,0.14056,0.00708,0.03565,0.05347,0.23605,0.35407,10,0.16708,0,0.1,0.1,0.1
2021-10-20,0.09271,17.78814,0,301.76984,0.01374,0.00051,0.00205,0.0077,0.16114,0.0231,0.06593,0.09889,0.43658,0.65487,10,0.1437,0,0.1,0.1,0.1
2021-10-21,0.07874,17.85912,0,301.33002,0.01803,0.00068,0.00271,0.01017,0.14766,0.00736,0.03775,0.05663,0.24999,0.37499,10,0.17088,0,0.1,0.1,0.1
2021-10-22,0.07347,17.92926,0,300.89656,0.01914,0.00072,0.00289,0.01083,0.15692,0.00745,0.03959,0.05939,0.26217,0.39325,10,0.18476,0,0.1,0.1,0.1
2021-10-23,0.07007,17.99853,0,300.46953,0.01983,0.00075,0.003,0.01124,0.1621,0.00758,0.04066,0.06099,0.26925,0.40388,10,0.1919,0,0.1,0.1,0.1
2021-10-24,0.0838,18.06691,0,300.04901,0.01487,0.00056,0.00224,0.0084,0.15969,0.02228,0.06358,0.09538,0.42106,0.6316,10,0.13672,0,0.1,0.1,0.1
2021-10-25,0.06645,18.13438,0,299.6351,0.0215,0.00081,0.00325,0.01218,0.17228,0.00787,0.04355,0.06533,0.28842,0.43263,10,0.20043,0,0.1,0.1,0.1
2021-10-26,0.06213,18.20093,0,299.22785,0.02286,0.00087,0.00346,0.01299,0.18313,0.00801,0.0458,0.0687,0.30328,0.45493,10,0.21612,0,0.1,0.1,0.1
2021-10-27,0.05904,18.26653,0,298.82736,0.02391,0.00091,0.00363,0.01361,0.19079,0.00814,0.04746,0.07119,0.31427,0.4714,10,0.22627,0,0.1,0.1,0.1
2021-10-28,0.05562,18.33116,0,298.4337,0.02556,0.00097,0.00388,0.01457,0.20297,0.00838,0.05024,0.07537,0.33273,0.49909,10,0.24093,0,0.1,0.1,0.1
2021-10-29,0.05283,18.39481,0,298.04693,0.02694,0.00102,0.0041,0.01537,0.21282,0.00856,0.05243,0.07865,0.34723,0.52084,10,0.25273,0,0.1,0.1,0.1
2021-10-30,0.07718,18.45745,0,297.66713,0.01397,0.00053,0.00214,0.00802,0.17067,0.04522,0.09237,0.13855,0.61168,0.91752,10,0.17586,0,0.1,0.1,0.1
2021-10-31,0.0506,18.51907,0,297.29436,0.02875,0.00109,0.00437,0.01639,0.22228,0.00897,0.05528,0.08293,0.3661,0.54914,10,0.25685,0,0.1,0.1,0.1
2021-11-01,0.0471,18.57965,0,296.92869,0.0307,0.00117,0.00468,0.01753,0.23874,0.00927,0.05873,0.0881,0.38894,0.58341,10,0.2794,0,0.1,0.1,0.1
2021-11-02,0.04458,18.63917,0,296.57019,0.03232,0.00123,0.00493,0.01849,0.25216,0.00952,0.06161,0.09241,0.40798,0.61198,10,0.29505,0,0.1,0.1,0.1
2021-11-03,0.04322,18.69761,0,296.21892,0.03262,0.00125,0.00498,0.01868,0.25516,0.01024,0.06242,0.09362,0.41333,0.61999,10,0.29712,0,0.1,0.1,0.1
2021-11-04,0.04062,18.75495,0,295.87494,0.03519,0.00134,0.00538,0.02016,0.27514,0.01048,0.06754,0.10131,0.44726,0.67089,10,0.31841,0,0.1,0.1,0.1
2021-11-05,0.08439,18.81119,0,295.5383,0.01151,0.00044,0.00175,0.00658,0.27258,0.09304,0.18723,0.28085,1.23988,1.85982,10,0.10432,0,0.1,0.1,0.1
2021-11-06,0.11681,18.8663,0,295.20908,0.01458,0.00056,0.00223,0.00837,0.22032,0.10633,0.1769,0.26535,1.17145,1.75718,10,0.23783,0,0.1,0.1,0.1
2021-11-07,0.07766,18.92026,0,294.88731,0.02304,0.00085,0.00339,0.0127,0.15981,0.00907,0.04626,0.06939,0.30632,0.45948,10,0.12892,0,0.1,0.1,0.1
2021-11-08,0.05779,18.97307,0,294.57306,0.02807,0.00105,0.00418,0.01568,0.20502,0.00978,0.05525,0.08287,0.36584,0.54876,10,0.20623,0,0.1,0.1,0.1
2021-11-09,0.05005,19.0247,0,294.26637,0.03093,0.00116,0.00464,0.01742,0.23214,0.00993,0.06013,0.09019,0.39816,0.59724,10,0.25503,0,0.1,0.1,0.1
2021-11-10,0.04911,19.07514,0,293.9673,0.02928,0.0011,0.00441,0.01653,0.22343,0.01224,0.0605,0.09075,0.40064,0.60096,10,0.25033,0,0.1,0.1,0.1
2021-11-11,0.04466,19.12437,0,293.6759,0.03392,0.00128,0.0051,0.01914,0.27102,0.01829,0.07981,0.11972,0.52852,0.79278,10,0.29009,0,0.1,0.1,0.1
2021-11-12,0.04174,19.17238,0,293.39222,0.03655,0.00138,0.00552,0.02068,0.27829,0.01085,0.0706,0.1059,0.46753,0.7013,10,0.31397,0,0.1,0.1,0.1
2021-11-13,0.03967,19.21916,0,293.11629,0.03833,0.00145,0.00579,0.02173,0.29287,0.01105,0.07355,0.11033,0.48709,0.73063,10,0.32905,0,0.1,0.1,0.1
2021-11-14,0.07259,19.26468,0,292.84817,0.01776,0.00067,0.00269,0.01009,0.20716,0.06692,0.12578,0.18867,0.83294,1.24941,10,0.15392,0,0.1,0.1,0.1
2021-11-15,0.27562,19.30895,0,292.58789,0.09336,0.00561,0.02244,0.08415,0.89448,0.50325,0.84808,1.27212,5.61607,8.4241,10,13.38379,0,0.1,0.1,0.1
2021-11-16,0.20229,19.35194,0,292.3355,0.01221,0.00042,0.00166,0.00624,0.1049,0.02647,0.05773,0.08659,0.38228,0.57342,10,1.06423,0,0.1,0.1,0.1
2021-11-17,0.10313,19.39365,0,292.09104,0.02002,7e-04,0.00279,0.01048,0.12988,0.00562,0.03627,0.0544,0.24016,0.36025,10,0.5612,0,0.1,0.1,0.1
2021-11-18,0.06756,19.43405,0,291.85455,0.02603,0.00096,0.00386,0.01447,0.18614,0.00814,0.04976,0.07464,0.32952,0.49428,10,0.16382,0,0.1,0.1,0.1
2021-11-19,0.05491,19.47314,0,291.62605,0.03011,0.00112,0.00449,0.01683,0.22127,0.00901,0.05743,0.08615,0.38034,0.57051,10,0.22674,0,0.1,0.1,0.1
2021-11-20,0.04928,19.51091,0,291.40559,0.03273,0.00122,0.00489,0.01835,0.24375,0.00946,0.06225,0.09337,0.4122,0.6183,10,0.26321,0,0.1,0.1,0.1
2021-11-21,0.04591,19.54734,0,291.1932,0.03487,0.00131,0.00522,0.01959,0.26138,0.00978,0.0661,0.09916,0.43774,0.65662,10,0.28585,0,0.1,0.1,0.1
2021-11-22,0.04332,19.58243,0,290.98892,0.03691,0.00139,0.00554,0.02078,0.27779,0.01009,0.06976,0.10463,0.46193,0.69289,10,0.30351,0,0.1,0.1,0.1
2021-11-23,0.0515,19.61616,0,290.79276,0.02482,0.00093,0.00373,0.014,0.19122,0.01385,0.05537,0.08306,0.36669,0.55004,10,0.20637,0,0.1,0.1,0.1
2021-11-24,0.0686,19.64852,0,290.60477,0.01959,0.00073,0.00291,0.0109,0.30611,0.08244,0.18009,0.27013,1.19257,1.78885,10,0.14088,0,0.1,0.1,0.1
2021-11-25,0.04837,19.67951,0,290.42497,0.03435,0.00128,0.00512,0.01921,0.25325,0.00945,0.06585,0.09878,0.43608,0.65411,10,0.26287,0,0.1,0.1,0.1
2021-11-26,0.05954,19.70912,0,290.25339,0.02346,0.00087,0.00349,0.01308,0.2059,0.02633,0.07892,0.11838,0.52264,0.78395,10,0.17564,0,0.1,0.1,0.1
2021-11-27,0.04614,19.73733,0,290.09005,0.03599,0.00134,0.00537,0.02015,0.26613,0.00955,0.06887,0.10331,0.45607,0.68411,10,0.27805,0,0.1,0.1,0.1
2021-11-28,0.0428,19.76414,0,289.93498,0.0384,0.00144,0.00575,0.02157,0.28675,0.00981,0.07289,0.10933,0.48268,0.72402,10,0.30447,0,0.1,0.1,0.1
2021-11-29,0.04031,19.78954,0,289.7882,0.04069,0.00153,0.00611,0.02291,0.30538,0.01011,0.07686,0.11529,0.50899,0.76348,10,0.32433,0,0.1,0.1,0.1
2021-11-30,0.03816,19.81352,0,289.64972,0.043,0.00162,0.00647,0.02425,0.32381,0.01043,0.08094,0.12141,0.53598,0.80398,10,0.3424,0,0.1,0.1,0.1
2021-12-01,0.03615,19.83608,0,289.51958,0.04664,0.00176,0.00703,0.02637,0.34199,0.01096,0.08508,0.12763,0.56343,0.84515,10,0.36088,0,0.1,0.1,0.1
2021-12-02,0.03429,19.8572,0,289.39779,0.05053,0.00191,0.00764,0.02864,0.36069,0.01152,0.08937,0.13405,0.5918,0.88769,10,0.37963,0,0.1,0.1,0.1
2021-12-03,0.03255,19.87689,0,289.28436,0.05461,0.00207,0.00827,0.03103,0.37969,0.01208,0.09371,0.14056,0.62054,0.93081,10,0.3987,0,0.1,0.1,0.1
2021-12-04,0.03091,19.89514,0,289.17932,0.05897,0.00224,0.00895,0.03358,0.39953,0.01266,0.09823,0.14735,0.65049,0.97574,10,0.41863,0,0.1,0.1,0.1
2021-12-05,0.02937,19.91194,0,289.08268,0.06357,0.00242,0.00967,0.03627,0.4199,0.01326,0.10285,0.15428,0.68111,1.02166,10,0.4391,0,0.1,0.1,0.1
2021-12-06,0.04001,19.92728,0,288.99445,0.0345,0.00131,0.00525,0.01969,0.23611,0.01914,0.07152,0.10728,0.4736,0.7104,10,0.2324,0,0.1,0.1,0.1
2021-12-07,0.03559,19.94117,0,288.91464,0.05255,0.00199,0.00794,0.02978,0.32379,0.01252,0.08395,0.12592,0.55591,0.83387,10,0.34174,0,0.1,0.1,0.1
2021-12-08,0.0319,19.95359,0,288.84327,0.06353,0.00241,0.00962,0.03609,0.38262,0.01337,0.09741,0.14612,0.64508,0.96762,10,0.40474,0,0.1,0.1,0.1
2021-12-09,0.03073,19.96455,0,288.78035,0.06631,0.00252,0.01007,0.03775,0.39061,0.01356,0.09912,0.14868,0.6564,0.9846,10,0.41288,0,0.1,0.1,0.1
2021-12-10,0.03077,19.97404,0,288.72588,0.0642,0.00244,0.00976,0.03661,0.36987,0.01438,0.09444,0.14166,0.62538,0.93807,10,0.39034,0,0.1,0.1,0.1
2021-12-11,0.02718,19.98206,0,288.67988,0.07999,0.00304,0.01217,0.04563,0.44963,0.01576,0.11446,0.1717,0.75799,1.13698,10,0.47337,0,0.1,0.1,0.1
2021-12-12,0.02585,19.9886,0,288.64234,0.08573,0.00327,0.01307,0.049,0.47185,0.01644,0.11946,0.17919,0.79109,1.18663,10,0.49589,0,0.1,0.1,0.1
2021-12-13,0.02452,19.99367,0,288.61328,0.09225,0.00352,0.01408,0.05281,0.49729,0.01723,0.12532,0.18798,0.82987,1.24481,10,0.52155,0,0.1,0.1,0.1
2021-12-14,0.02326,19.99725,0,288.5927,0.09928,0.00379,0.01518,0.05692,0.52432,0.01806,0.13155,0.19733,0.87117,1.30675,10,0.54878,0,0.1,0.1,0.1
2021-12-15,0.02203,19.99937,0,288.5806,0.10718,0.0041,0.01641,0.06154,0.55474,0.019,0.1386,0.2079,0.91782,1.37672,10,0.57933,0,0.1,0.1,0.1
2021-12-16,0.02096,20,0,288.57698,0.11462,0.00439,0.01758,0.06591,0.58161,0.0198,0.14471,0.21706,0.95826,1.43738,10,0.60661,0,0.1,0.1,0.1
2021-12-17,0.01999,19.99915,0,288.58185,0.122,0.00468,0.01873,0.07024,0.60705,0.02054,0.15043,0.22564,0.99613,1.4942,10,0.63256,0,0.1,0.1,0.1
2021-12-18,0.0192,19.99682,0,288.5952,0.128,0.00492,0.01968,0.07379,0.62464,0.02102,0.15479,0.23218,1.02501,1.53751,10,0.64979,0,0.1,0.1,0.1
2021-12-19,0.01792,19.99301,0,288.61703,0.14205,0.00547,0.02186,0.08199,0.68015,0.02276,0.16798,0.25197,1.11237,1.66856,10,0.70636,0,0.1,0.1,0.1
2021-12-20,0.01703,19.98773,0,288.64734,0.15207,0.00586,0.02343,0.08788,0.71464,0.02376,0.17581,0.26372,1.16426,1.74639,10,0.74128,0,0.1,0.1,0.1
2021-12-21,0.02006,19.98097,0,288.68612,0.10794,0.00416,0.01662,0.06233,0.49631,0.01692,0.12296,0.18445,0.81428,1.22141,10,0.51614,0,0.1,0.1,0.1
2021-12-22,0.01918,19.97273,0,288.73337,0.12461,0.00478,0.01912,0.0717,0.55785,0.02101,0.14203,0.21304,0.94051,1.41076,10,0.58299,0,0.1,0.1,0.1
2021-12-23,0.01663,19.96303,0,288.78908,0.16514,0.00634,0.02535,0.09506,0.72537,0.02682,0.18447,0.2767,1.22156,1.83234,10,0.75767,0,0.1,0.1,0.1
2021-12-24,0.01577,19.95185,0,288.85325,0.17721,0.00681,0.02724,0.10214,0.76519,0.02808,0.1937,0.29056,1.28273,1.9241,10,0.79806,0,0.1,0.1,0.1
2021-12-25,0.015,19.93921,0,288.92586,0.18905,0.00727,0.02909,0.10909,0.80263,0.02924,0.20228,0.30341,1.33949,2.00923,10,0.83623,0,0.1,0.1,0.1
2021-12-26,0.01429,19.92511,0,289.00691,0.2009,0.00774,0.03095,0.11605,0.83878,0.03033,0.21047,0.3157,1.39372,2.09058,10,0.87322,0,0.1,0.1,0.1
2021-12-27,0.01397,19.90956,0,289.09638,0.20273,0.00782,0.03126,0.11724,0.83232,0.02991,0.20961,0.31442,1.38808,2.08212,10,0.86609,0,0.1,0.1,0.1
2021-12-28,0.01282,19.89254,0,289.19426,0.23217,0.00896,0.03584,0.1344,0.93775,0.03345,0.23537,0.35305,1.55861,2.33792,10,0.97419,0,0.1,0.1,0.1
2021-12-29,0.01219,19.87408,0,289.30054,0.24779,0.00957,0.03829,0.14357,0.98483,0.03487,0.24612,0.36919,1.62986,2.44479,10,1.02218,0,0.1,0.1,0.1
2021-12-30,0.01157,19.85418,0,289.4152,0.26522,0.01025,0.04102,0.15381,1.03744,0.03645,0.25819,0.38729,1.70978,2.56467,10,1.07569,0,0.1,0.1,0.1
2021-12-31,0.01101,19.84898,0,289.44521,0.28228,0.01092,0.04369,0.16384,1.08691,0.0379,0.2694,0.40411,1.78402,2.67603,10,1.12628,0,0.1,0.1,0.1
2022-01-01,0.0193,19.82728,0,289.57032,0.09947,0.00382,0.01528,0.0573,0.40902,0.01672,0.10746,0.1612,0.71164,1.06746,10,0.3987,0,0.1,0.1,0.1
2022-01-02,0.01834,19.80416,0,289.70378,0.13005,0.00497,0.01988,0.07454,0.57241,0.02561,0.15309,0.22964,1.01379,1.52068,10,0.52291,0,0.1,0.1,0.1
2022-01-03,0.01393,19.77961,0,289.84555,0.22308,0.00852,0.0341,0.12786,1.05512,0.04083,0.27561,0.41342,1.82513,2.7377,10,0.89996,0,0.1,0.1,0.1
2022-01-04,0.01323,19.75365,0,289.99564,0.2332,0.00892,0.03567,0.13376,1.18258,0.04325,0.30357,0.45535,2.01027,3.0154,10,0.94502,0,0.1,0.1,0.1
2022-01-05,0.01255,19.72628,0,290.154,0.24443,0.00935,0.03742,0.14031,1.32405,0.04599,0.33476,0.50214,2.2168,3.32519,10,0.99485,0,0.1,0.1,0.1
2022-01-06,0.01191,19.69751,0,290.32062,0.25582,0.0098,0.03919,0.14695,1.47537,0.04888,0.36799,0.55198,2.43686,3.65529,10,1.0459,0,0.1,0.1,0.1
2022-01-07,0.0113,19.66736,0,290.49547,0.26806,0.01027,0.04109,0.1541,1.64121,0.05208,0.4044,0.60661,2.678,4.017,10,1.10094,0,0.1,0.1,0.1
2022-01-08,0.01076,19.63582,0,290.67853,0.27899,0.0107,0.0428,0.16049,1.80847,0.05516,0.44077,0.66115,2.91879,4.37819,10,1.15151,0,0.1,0.1,0.1
2022-01-09,0.01023,19.60291,0,290.86977,0.29126,0.01118,0.04471,0.16766,1.9942,0.05866,0.48125,0.72187,3.18688,4.78032,10,1.20799,0,0.1,0.1,0.1
2022-01-10,0.00967,19.56864,0,291.06916,0.30737,0.0118,0.04722,0.17706,2.21808,0.06311,0.53051,0.79576,3.51306,5.26959,10,1.28032,0,0.1,0.1,0.1
2022-01-11,0.00921,19.53302,0,291.27667,0.31979,0.01229,0.04916,0.18433,2.42745,0.06698,0.57588,0.86381,3.81351,5.72027,10,1.33894,0,0.1,0.1,0.1
2022-01-12,0.00872,19.49605,0,291.49227,0.33673,0.01295,0.05179,0.19422,2.68373,0.07201,0.63197,0.94796,4.18499,6.27748,10,1.4164,0,0.1,0.1,0.1
2022-01-13,0.0083,19.45776,0,291.71593,0.35025,0.01348,0.0539,0.20214,2.92607,0.07651,0.68439,1.02659,4.53211,6.79817,10,1.48105,0,0.1,0.1,0.1
2022-01-14,0.00857,19.41814,0,291.94761,0.31015,0.01194,0.04777,0.17913,2.71057,0.06932,0.63396,0.95094,4.19814,6.29721,10,1.31942,0,0.1,0.1,0.1
2022-01-15,0.00746,19.37722,0,292.18728,0.38592,0.01487,0.05947,0.22303,3.52421,0.08823,0.82124,1.23186,5.43831,8.15747,10,1.64925,0,0.1,0.1,0.1
2022-01-16,0.0071,19.335,0,292.43489,0.40216,0.0155,0.06201,0.23254,3.8332,0.09407,0.88815,1.33223,5.88144,8.82216,10,1.7279,0,0.1,0.1,0.1
2022-01-17,0.00894,19.2915,0,292.69042,0.23922,0.00923,0.03691,0.1384,2.37694,0.05727,0.54785,0.82177,3.62791,5.44187,10,1.03361,0,0.1,0.1,0.1
2022-01-18,0.00959,19.24673,0,292.95382,0.21417,0.0082,0.03282,0.12306,2.18491,0.05755,0.51162,0.76744,3.38803,5.08205,10,0.92696,0,0.1,0.1,0.1
2022-01-19,0.00682,19.20071,0,293.22505,0.41403,0.01586,0.06344,0.23789,4.38801,0.10734,1.0202,1.5303,6.75585,10.13378,10,1.79687,0,0.1,0.1,0.1
2022-01-20,0.03161,19.15344,0,293.50407,0.02653,0.001,0.00401,0.01504,0.327,0.05525,0.1281,0.19215,0.84829,1.27244,10,0.11588,0,0.1,0.1,0.1
2022-01-21,0.01529,19.10494,0,293.79083,0.15114,0.00567,0.02267,0.085,1.65436,0.06526,0.42111,0.63167,2.78866,4.18299,10,0.65535,0,0.1,0.1,0.1
2022-01-22,0.01183,19.05523,0,294.08528,0.23977,0.00901,0.03602,0.13508,2.72415,0.0705,0.65857,0.98785,4.36109,6.54163,10,1.04959,0,0.1,0.1,0.1
2022-01-23,0.01124,19.00431,0,294.38738,0.24986,0.0094,0.0376,0.14099,2.94919,0.07428,0.70644,1.05965,4.67809,7.01713,10,1.10231,0,0.1,0.1,0.1
2022-01-24,0.01379,18.95222,0,294.69708,0.15973,0.006,0.024,0.08998,1.94497,0.0642,0.47831,0.71746,3.1674,4.75109,10,0.7084,0,0.1,0.1,0.1
2022-01-25,0.01038,18.89895,0,295.01433,0.26815,0.01007,0.04028,0.15106,3.37036,0.08248,0.80884,1.21326,5.35621,8.03432,10,1.19307,0,0.1,0.1,0.1
2022-01-26,0.00985,18.84453,0,295.33907,0.28079,0.01056,0.04223,0.15836,3.65506,0.08752,0.8707,1.30605,5.76587,8.6488,10,1.25654,0,0.1,0.1,0.1
2022-01-27,0.00935,18.78897,0,295.67125,0.2935,0.01105,0.04419,0.16571,3.95368,0.09277,0.93592,1.40387,6.19773,9.29659,10,1.32111,0,0.1,0.1,0.1
2022-01-28,0.00886,18.73229,0,296.01081,0.30754,0.01159,0.04635,0.17382,4.28414,0.09867,1.00834,1.5125,6.6773,10.01595,10,1.39224,0,0.1,0.1,0.1
2022-01-29,0.00842,18.6745,0,296.3577,0.32093,0.01211,0.04842,0.18159,4.62055,0.10459,1.08168,1.62252,7.16297,10.74446,10,1.46166,0,0.1,0.1,0.1
2022-01-30,0.00799,18.61563,0,296.71185,0.33553,0.01267,0.05068,0.19005,4.98965,0.11115,1.1622,1.7433,7.69621,11.54431,10,1.53733,0,0.1,0.1,0.1
2022-01-31,0.00758,18.55569,0,297.07321,0.35104,0.01327,0.05307,0.19903,5.38888,0.11829,1.24925,1.87388,8.27268,12.40903,10,1.61808,0,0.1,0.1,0.1
2022-02-01,0.02872,18.4947,0,297.44171,0.02473,0.00093,0.00372,0.01396,0.37329,0.02291,0.09696,0.14544,0.64209,0.96313,10,0.11557,0,0.1,0.1,0.1
2022-02-02,0.01302,18.43267,0,297.81728,0.19175,0.00709,0.02834,0.10628,2.71764,0.07929,0.67667,1.01501,4.481,6.72149,10,0.88666,0,0.1,0.1,0.1
2022-02-03,0.01146,18.36962,0,298.19986,0.2324,0.00861,0.03443,0.12911,3.25633,0.07947,0.79915,1.19872,5.29204,7.93807,10,1.08231,0,0.1,0.1,0.1
2022-02-04,0.01086,18.30558,0,298.58938,0.24304,0.00902,0.03608,0.13529,3.36192,0.08321,0.82336,1.23504,5.45238,8.17858,10,1.14106,0,0.1,0.1,0.1
2022-02-05,0.01031,18.24056,0,298.98576,0.25361,0.00943,0.03771,0.14142,3.45925,0.08686,0.84635,1.26952,5.6046,8.4069,10,1.19997,0,0.1,0.1,0.1
2022-02-06,0.0098,18.17459,0,299.38895,0.26363,0.00982,0.03927,0.14726,3.54317,0.09025,0.86653,1.2998,5.73826,8.60739,10,1.25734,0,0.1,0.1,0.1
2022-02-07,0.0093,18.10767,0,299.79885,0.27494,0.01026,0.04102,0.15383,3.63825,0.09399,0.88959,1.33438,5.89095,8.83643,10,1.32155,0,0.1,0.1,0.1
2022-02-08,0.0088,18.03983,0,300.2154,0.28863,0.01078,0.04313,0.16176,3.75778,0.09844,0.9187,1.37804,6.08369,9.12554,10,1.39782,0,0.1,0.1,0.1
2022-02-09,0.00833,17.97109,0,300.63852,0.30291,0.01134,0.04534,0.17003,3.87696,0.10297,0.9478,1.42169,6.2764,9.4146,10,1.47815,0,0.1,0.1,0.1
2022-02-10,0.00792,17.90148,0,301.06811,0.31476,0.0118,0.04719,0.17695,3.95716,0.10655,0.96746,1.45119,6.40663,9.60995,10,1.54855,0,0.1,0.1,0.1
2022-02-11,0.00753,17.831,0,301.50412,0.32723,0.01228,0.04913,0.18424,4.03744,0.11021,0.98726,1.48088,6.5377,9.80655,10,1.62314,0,0.1,0.1,0.1
2022-02-12,0.01207,17.75969,0,301.94643,0.12012,0.00451,0.01805,0.06768,1.45043,0.04035,0.35616,0.53424,2.35852,3.53778,10,0.60159,0,0.1,0.1,0.1
2022-02-13,0.00961,17.68756,0,302.39498,0.20918,0.00778,0.0311,0.11664,2.40095,0.07386,0.62954,0.94431,4.16889,6.25333,10,1.04823,0,0.1,0.1,0.1
2022-02-14,0.03795,17.61464,0,302.84967,0.01395,0.00052,0.00207,0.00775,0.16671,0.04623,0.07644,0.11465,0.50617,0.75925,10,0.07137,0,0.1,0.1,0.1
2022-02-15,0.10609,17.54094,0,303.31042,0.00688,0.00025,0.00099,0.00372,0.16388,0.11286,0.14757,0.22135,0.97722,1.46583,10,0.09806,0,0.1,0.1,0.1
2022-02-16,0.03638,17.46649,0,303.77711,0.06857,0.00245,0.00979,0.03672,0.64291,0.04947,0.2657,0.39855,1.7595,2.63924,10,0.29785,0,0.1,0.1,0.1
2022-02-17,0.03008,17.39131,0,304.24967,0.08209,0.00298,0.01193,0.04474,0.79456,0.03357,0.24856,0.37284,1.646,2.469,10,0.40677,0,0.1,0.1,0.1
2022-02-18,0.02759,17.31542,0,304.728,0.08728,0.0032,0.01279,0.04795,0.84669,0.03424,0.24331,0.36497,1.61123,2.41684,10,0.45568,0,0.1,0.1,0.1
2022-02-19,0.02577,17.23885,0,305.21199,0.09232,0.00339,0.01358,0.05092,0.88034,0.03556,0.24579,0.36868,1.62763,2.44144,10,0.49291,0,0.1,0.1,0.1
2022-02-20,0.02433,17.16161,0,305.70154,0.09673,0.00357,0.01426,0.05349,0.89982,0.03687,0.24922,0.37383,1.65038,2.47557,10,0.52289,0,0.1,0.1,0.1
2022-02-21,0.02304,17.08374,0,306.19655,0.10105,0.00373,0.01493,0.056,0.9136,0.03821,0.25291,0.37936,1.67477,2.51215,10,0.55136,0,0.1,0.1,0.1
2022-02-22,0.02185,17.00525,0,306.69691,0.1054,0.0039,0.01561,0.05853,0.92393,0.03952,0.25633,0.38449,1.69743,2.54615,10,0.58008,0,0.1,0.1,0.1
2022-02-23,0.02072,16.92616,0,307.20251,0.10999,0.00408,0.01632,0.06119,0.93255,0.0409,0.25963,0.38945,1.7193,2.57895,10,0.61039,0,0.1,0.1,0.1
2022-02-24,0.01962,16.84651,0,307.71325,0.11508,0.00428,0.0171,0.06413,0.94151,0.04239,0.26331,0.39496,1.74365,2.61548,10,0.64381,0,0.1,0.1,0.1
2022-02-25,0.01859,16.76631,0,308.229,0.12026,0.00448,0.0179,0.06714,0.94722,0.04385,0.26629,0.39943,1.76339,2.64509,10,0.67843,0,0.1,0.1,0.1
2022-02-26,0.01766,16.68558,0,308.74965,0.12515,0.00467,0.01866,0.06998,0.94632,0.04511,0.26763,0.40144,1.77225,2.65837,10,0.71213,0,0.1,0.1,0.1
2022-02-27,0.01675,16.60436,0,309.27509,0.13054,0.00487,0.0195,0.07312,0.94485,0.04646,0.26904,0.40355,1.78158,2.67237,10,0.74921,0,0.1,0.1,0.1
2022-02-28,0.01586,16.52266,0,309.8052,0.13653,0.00511,0.02043,0.0766,0.94273,0.04793,0.27053,0.4058,1.7915,2.68725,10,0.79023,0,0.1,0.1,0.1
2022-03-01,0.01503,16.44052,0,310.33984,0.14368,0.00538,0.02152,0.08071,0.99339,0.04956,0.28305,0.42457,1.87438,2.81157,10,0.8333,0,0.1,0.1,0.1
2022-03-02,0.01426,16.35794,0,310.8789,0.15075,0.00565,0.02261,0.08478,1.04497,0.05113,0.29557,0.44336,1.95732,2.93597,10,0.87619,0,0.1,0.1,0.1
2022-03-03,0.01356,16.27497,0,311.42225,0.15751,0.00591,0.02365,0.08868,1.09454,0.05254,0.30738,0.46108,2.03553,3.0533,10,0.91768,0,0.1,0.1,0.1
2022-03-04,0.01283,16.19161,0,311.96976,0.1664,0.00625,0.02501,0.0938,1.15913,0.05459,0.32325,0.48488,2.14062,3.21093,10,0.97118,0,0.1,0.1,0.1
2022-03-05,0.01221,16.10791,0,312.5213,0.17351,0.00653,0.02611,0.09791,1.21152,0.056,0.33556,0.50334,2.22211,3.33317,10,1.0153,0,0.1,0.1,0.1
2022-03-06,0.11295,16.02387,0,313.07673,0.00475,0.00021,0.00082,0.00308,0.14545,0.16188,0.17238,0.25857,1.1415,1.71224,10,0.24227,0,0.1,0.1,0.1
2022-03-07,0.07966,15.93954,0,313.63591,0.07691,0.00474,0.01896,0.0711,0.50137,1.00119,0.9592,1.43881,6.35195,9.52792,10,6.17159,0,0.1,0.1,0.1
2022-03-08,0.03638,15.85492,0,314.19871,0.06849,0.00243,0.00973,0.03647,0.40218,0.03534,0.16744,0.25115,1.10878,1.66317,10,0.27376,0,0.1,0.1,0.1
2022-03-09,2.69243,15.77005,0,314.76498,0.06621,0.00391,0.01563,0.0586,0.09027,0.0388,0.07483,0.11224,0.49552,0.74328,10,12.48302,0,0.1,0.1,0.1
2022-03-10,2.38945,15.68496,0,315.33458,0.10736,0.00607,0.02428,0.09106,0.03329,0.01176,0.02507,0.0376,0.166,0.249,10,22.97545,0,0.1,0.1,0.1
2022-03-11,0.51785,15.59966,0,315.90737,0.00665,0.00022,0.00088,0.00329,0.0361,0.00144,0.00971,0.01456,0.06427,0.0964,10,0.86967,0,0.1,0.1,0.1
2022-03-12,0.21311,15.51419,0,316.48319,0.0146,0.00048,0.00194,0.00727,0.0823,0.00322,0.02232,0.03347,0.14778,0.22167,10,0.05611,0,0.1,0.1,0.1
2022-03-13,0.12028,15.42856,0,317.06189,0.02228,0.00076,0.00305,0.01142,0.13339,0.00568,0.03678,0.05518,0.24358,0.36537,10,0.09032,0,0.1,0.1,0.1
2022-03-14,0.08987,15.3428,0,317.64332,0.02499,0.00093,0.00372,0.01395,0.16755,0.00853,0.04656,0.06985,0.30836,0.46254,10,0.13698,0,0.1,0.1,0.1
2022-03-15,0.078,15.25695,0,318.22733,0.02755,0.00102,0.0041,0.01536,0.18712,0.00952,0.05199,0.07799,0.3443,0.51646,10,0.16839,0,0.1,0.1,0.1
2022-03-16,0.07179,15.17101,0,318.81375,0.02938,0.00109,0.00437,0.01639,0.20086,0.01009,0.05555,0.08332,0.36784,0.55175,10,0.18665,0,0.1,0.1,0.1
2022-03-17,0.0674,15.08503,0,319.40243,0.03102,0.00116,0.00462,0.01733,0.21299,0.01051,0.05854,0.08781,0.38768,0.58152,10,0.19969,0,0.1,0.1,0.1
2022-03-18,0.06375,14.99902,0,319.9932,0.0326,0.00122,0.00486,0.01823,0.22455,0.01087,0.06133,0.09199,0.40613,0.60919,10,0.21084,0,0.1,0.1,0.1
2022-03-19,0.06036,14.91302,0,320.5859,0.03428,0.00128,0.00512,0.01919,0.23677,0.01125,0.06426,0.09639,0.42553,0.63829,10,0.22215,0,0.1,0.1,0.1
2022-03-20,0.05725,14.82703,0,321.18036,0.03599,0.00135,0.00538,0.02018,0.24921,0.01162,0.06722,0.10083,0.44512,0.66768,10,0.23342,0,0.1,0.1,0.1
2022-03-21,0.0544,14.7411,0,321.77641,0.03765,0.00141,0.00564,0.02113,0.26138,0.01197,0.07007,0.10511,0.46403,0.69605,10,0.24448,0,0.1,0.1,0.1
2022-03-22,0.05152,14.65525,0,322.37388,0.03965,0.00149,0.00594,0.02229,0.27595,0.01241,0.07354,0.11032,0.48701,0.73052,10,0.25756,0,0.1,0.1,0.1
2022-03-23,0.04886,14.5695,0,322.97259,0.04165,0.00156,0.00625,0.02344,0.29057,0.01283,0.07699,0.11549,0.50985,0.76477,10,0.27074,0,0.1,0.1,0.1
2022-03-24,0.06174,14.48387,0,323.57237,0.02564,0.00096,0.00385,0.01443,0.1844,0.01478,0.05666,0.08499,0.37521,0.56281,10,0.16564,0,0.1,0.1,0.1
2022-03-25,0.15493,14.3984,0,324.17305,0.02584,0.00143,0.00574,0.02152,0.34162,0.27673,0.37129,0.55694,2.45875,3.68813,10,2.29373,0,0.1,0.1,0.1
2022-03-26,0.07395,14.31311,0,324.77444,0.0317,0.00118,0.00472,0.0177,0.20643,0.01024,0.0587,0.08805,0.38872,0.58307,10,0.13916,0,0.1,0.1,0.1
2022-03-27,0.1394,14.22802,0,325.37635,0.01819,0.00085,0.00341,0.01279,0.27483,0.23201,0.29897,0.44845,1.9798,2.9697,10,1.50705,0,0.1,0.1,0.1
2022-03-28,0.13903,14.14315,0,325.97862,0.02097,0.00069,0.00276,0.01036,0.11343,0.00725,0.04057,0.06086,0.26869,0.40303,10,0.12221,0,0.1,0.1,0.1
2022-03-29,0.08636,14.05854,0,326.58104,0.02693,0.00099,0.00395,0.01482,0.17061,0.00986,0.05314,0.07971,0.35189,0.52783,10,0.12521,0,0.1,0.1,0.1
2022-03-30,0.0689,13.97421,0,327.18344,0.0309,0.00114,0.00458,0.01716,0.20597,0.01041,0.05859,0.08788,0.38798,0.58196,10,0.1803,0,0.1,0.1,0.1
2022-03-31,0.06166,13.89019,0,327.78562,0.03315,0.00123,0.00493,0.0185,0.22623,0.01064,0.06151,0.09227,0.40735,0.61103,10,0.21172,0,0.1,0.1,0.1
2022-04-01,0.08277,13.80649,0,328.38739,0.02233,0.00084,0.00334,0.01254,0.16867,0.0622,0.0903,0.13545,0.59799,0.89698,10,0.29155,0,0.1,0.1,0.1
2022-04-02,0.0625,13.72314,0,328.98856,0.0333,0.00124,0.00495,0.01858,0.22758,0.0121,0.06451,0.09677,0.4272,0.6408,10,0.20117,0,0.1,0.1,0.1
2022-04-03,2.86786,13.64018,0,329.58893,0.04876,0.00279,0.01117,0.04187,0.0774,0.03248,0.06366,0.09549,0.42156,0.63233,10,9.77081,0,0.1,0.1,0.1
2022-04-04,0.69661,13.55761,0,330.18832,0.00777,0.00037,0.00148,0.00554,0.03228,0.00541,0.01403,0.02104,0.0929,0.13935,10,0.6866,0,0.1,0.1,0.1
2022-04-05,0.27999,13.47548,0,330.78651,0.01079,0.00036,0.00143,0.00536,0.06188,0.00305,0.01689,0.02534,0.11187,0.1678,10,0.09591,0,0.1,0.1,0.1
2022-04-06,0.15083,13.39379,0,331.38332,0.0175,0.00059,0.00235,0.00882,0.10658,0.00523,0.02883,0.04325,0.19094,0.28641,10,0.07324,0,0.1,0.1,0.1
2022-04-07,0.10973,13.31258,0,331.97854,0.02089,0.00073,0.00293,0.01098,0.13836,0.00743,0.03705,0.05557,0.24534,0.36801,10,0.11542,0,0.1,0.1,0.1
2022-04-08,0.09444,13.23186,0,332.57197,0.02161,0.00081,0.00324,0.01217,0.15726,0.00937,0.04172,0.06258,0.27629,0.41443,10,0.14102,0,0.1,0.1,0.1
2022-04-09,0.0868,13.15168,0,333.16341,0.02304,0.00087,0.00347,0.01299,0.1703,0.01023,0.0449,0.06735,0.29733,0.44599,10,0.15692,0,0.1,0.1,0.1
2022-04-10,0.15945,13.07203,0,333.75266,0.08844,0.00546,0.02184,0.08192,0.56449,0.36373,0.5548,0.8322,3.67392,5.51088,10,11.15844,0,0.1,0.1,0.1
2022-04-11,1.65952,12.99296,0,334.3395,0.0603,0.00348,0.01393,0.05224,0.11875,0.04966,0.09789,0.14683,0.64821,0.97232,10,11.59694,0,0.1,0.1,0.1
2022-04-12,0.49336,12.91448,0,334.92373,0.00618,0.00021,0.00083,0.00311,0.0379,0.00246,0.0107,0.01605,0.07086,0.10629,10,0.2134,0,0.1,0.1,0.1
2022-04-13,0.26093,12.83662,0,335.50516,0.01042,0.00034,0.00138,0.00516,0.06695,0.00571,0.02074,0.03112,0.13737,0.20606,10,0.04282,0,0.1,0.1,0.1
2022-04-14,0.17293,12.7594,0,336.08356,0.01476,0.00049,0.00197,0.00739,0.0958,0.00707,0.02802,0.04204,0.18558,0.27837,10,0.06923,0,0.1,0.1,0.1
2022-04-15,0.38735,12.68285,0,336.65874,0.07818,0.00477,0.0191,0.07161,0.29342,0.15118,0.26344,0.39517,1.74455,2.61683,10,10.22703,0,0.1,0.1,0.1
2022-04-16,0.25235,12.60698,0,337.23047,0.01114,0.00037,0.00148,0.00554,0.07674,0.00789,0.02502,0.03753,0.16568,0.24852,10,0.95413,0,0.1,0.1,0.1
2022-04-17,0.16013,12.53181,0,337.79857,0.01532,0.00052,0.00207,0.00776,0.10308,0.007,0.02828,0.04242,0.18726,0.28089,10,0.07869,0,0.1,0.1,0.1
2022-04-18,0.12979,12.45738,0,338.3628,0.01768,6e-04,0.00238,0.00894,0.12216,0.00813,0.03288,0.04932,0.21773,0.3266,10,0.107,0,0.1,0.1,0.1
2022-04-19,0.11708,12.3837,0,338.92297,0.01907,0.00064,0.00257,0.00964,0.13385,0.00884,0.03563,0.05344,0.23592,0.35388,10,0.1229,0,0.1,0.1,0.1
2022-04-20,0.10986,12.31079,0,339.47887,0.02004,0.00068,0.00271,0.01017,0.14262,0.00951,0.03772,0.05658,0.24977,0.37465,10,0.1316,0,0.1,0.1,0.1
2022-04-21,0.10429,12.23868,0,340.03029,0.01886,0.00071,0.00285,0.01069,0.15161,0.01133,0.03975,0.05963,0.26324,0.39486,10,0.13451,0,0.1,0.1,0.1
2022-04-22,0.0991,12.16739,0,340.57701,0.01973,0.00075,0.003,0.01124,0.1605,0.012,0.04188,0.06282,0.27733,0.41599,10,0.14117,0,0.1,0.1,0.1
2022-04-23,0.09411,12.09693,0,341.11882,0.02073,0.00079,0.00315,0.01182,0.17003,0.01266,0.04415,0.06623,0.29239,0.43858,10,0.14808,0,0.1,0.1,0.1
2022-04-24,0.08934,12.02734,0,341.65553,0.0218,0.00083,0.00332,0.01245,0.18021,0.01335,0.04658,0.06987,0.30844,0.46265,10,0.15529,0,0.1,0.1,0.1
2022-04-25,0.0848,11.95862,0,342.18691,0.02293,0.00087,0.0035,0.01311,0.19106,0.01406,0.04915,0.07373,0.32551,0.48826,10,0.16289,0,0.1,0.1,0.1
2022-04-26,0.08047,11.8908,0,342.71276,0.02412,0.00092,0.00368,0.01381,0.20257,0.01481,0.05188,0.07782,0.34356,0.51533,10,0.1709,0,0.1,0.1,0.1
2022-04-27,0.07846,11.82391,0,343.23288,0.02405,0.00092,0.00368,0.01379,0.20404,0.01619,0.05379,0.08068,0.35619,0.53429,10,0.17012,0,0.1,0.1,0.1
2022-04-28,0.10689,11.75795,0,343.74706,0.01487,0.00057,0.00227,0.0085,0.17948,0.0435,0.08752,0.13129,0.5796,0.86939,10,0.10373,0,0.1,0.1,0.1
2022-04-29,0.11541,11.69295,0,344.25508,0.01678,0.00062,0.00249,0.00935,0.18581,0.05601,0.09904,0.14856,0.65584,0.98376,10,0.19919,0,0.1,0.1,0.1
2022-04-30,0.09141,11.62893,0,344.75676,0.02246,0.00085,0.00342,0.01281,0.18774,0.01726,0.05234,0.07851,0.34658,0.51987,10,0.1358,0,0.1,0.1,0.1
2022-05-01,0.07952,11.56591,0,345.25187,0.02472,0.00094,0.00377,0.01415,0.20989,0.01749,0.05574,0.08361,0.36911,0.55367,10,0.16625,0,0.1,0.1,0.1
2022-05-02,0.11354,11.50391,0,345.74023,0.01955,0.00081,0.00326,0.01221,0.26924,0.1734,0.22777,0.34165,1.50831,2.26247,10,0.82261,0,0.1,0.1,0.1
2022-05-03,0.09446,11.44294,0,346.22163,0.02246,0.00084,0.00336,0.01262,0.18133,0.01831,0.05241,0.07862,0.34707,0.5206,10,0.12217,0,0.1,0.1,0.1
2022-05-04,0.07775,11.38302,0,346.69587,0.02527,0.00096,0.00385,0.01443,0.21136,0.01888,0.0572,0.08581,0.37881,0.56822,10,0.16487,0,0.1,0.1,0.1
2022-05-05,0.07075,11.32417,0,347.16275,0.02694,0.00103,0.00411,0.01542,0.22729,0.01916,0.05978,0.08968,0.39589,0.59384,10,0.1881,0,0.1,0.1,0.1
2022-05-06,0.06666,11.26641,0,347.62209,0.0282,0.00108,0.00431,0.01615,0.23821,0.01966,0.06197,0.09296,0.41038,0.61557,10,0.20174,0,0.1,0.1,0.1
2022-05-07,0.06341,11.20976,0,348.07368,0.02938,0.00112,0.00449,0.01684,0.24802,0.02027,0.06418,0.09627,0.425,0.6375,10,0.21232,0,0.1,0.1,0.1
2022-05-08,0.06034,11.15422,0,348.51733,0.03066,0.00117,0.00469,0.01757,0.25842,0.02095,0.06662,0.09993,0.44118,0.66178,10,0.22272,0,0.1,0.1,0.1
2022-05-09,0.05743,11.09983,0,348.95287,0.03197,0.00122,0.00489,0.01833,0.26905,0.02161,0.06912,0.10368,0.45774,0.6866,10,0.2332,0,0.1,0.1,0.1
2022-05-10,1.31352,11.04659,0,349.38009,0.16439,0.00946,0.03782,0.14183,0.25522,0.11304,0.21518,0.32277,1.42495,2.13743,10,32.89307,0,0.1,0.1,0.1
2022-05-11,0.58249,10.99452,0,349.79881,0.0049,0.00016,0.00065,0.00245,0.03269,0.00391,0.00987,0.0148,0.06535,0.09803,10,0.28584,0,0.1,0.1,0.1
2022-05-12,0.24293,10.94363,0,350.20886,0.01088,0.00036,0.00144,0.00542,0.07338,0.00827,0.02167,0.03251,0.1435,0.21525,10,0.05756,0,0.1,0.1,0.1
2022-05-13,0.13953,10.89394,0,350.61006,0.01662,0.00056,0.00224,0.00842,0.1168,0.01211,0.03336,0.05004,0.22093,0.33139,10,0.08216,0,0.1,0.1,0.1
2022-05-14,0.10628,10.84547,0,351.00223,0.01893,0.00068,0.00271,0.01017,0.14384,0.0147,0.03991,0.05987,0.26431,0.39646,10,0.12116,0,0.1,0.1,0.1
2022-05-15,0.49015,10.79823,0,351.38519,0.03629,0.00218,0.00872,0.03271,0.23881,0.12779,0.21776,0.32664,1.44202,2.16303,10,4.86412,0,0.1,0.1,0.1
2022-05-16,0.41386,10.75223,0,351.75879,0.00625,0.00021,0.00084,0.00314,0.0471,0.00894,0.01879,0.02819,0.12445,0.18667,10,0.16326,0,0.1,0.1,0.1
2022-05-17,0.26365,10.70749,0,352.12284,0.00953,0.00031,0.00125,0.0047,0.06353,0.00898,0.02047,0.03071,0.13557,0.20336,10,0.06218,0,0.1,0.1,0.1
2022-05-18,0.16172,10.66402,0,352.4772,0.01353,0.00046,0.00182,0.00683,0.09488,0.01201,0.02928,0.04392,0.19392,0.29087,10,0.07494,0,0.1,0.1,0.1
2022-05-19,0.21518,10.62184,0,352.8217,0.01094,0.00039,0.00157,0.00588,0.10798,0.03967,0.0666,0.0999,0.44103,0.66154,10,0.2145,0,0.1,0.1,0.1
2022-05-20,0.1433,10.58094,0,353.15619,0.01479,5e-04,0.00199,0.00745,0.10204,0.01246,0.03065,0.04597,0.20296,0.30443,10,0.09023,0,0.1,0.1,0.1
2022-05-21,0.12045,10.54136,0,353.48052,0.01661,0.00056,0.00223,0.00837,0.11613,0.01286,0.03337,0.05005,0.22095,0.33142,10,0.11626,0,0.1,0.1,0.1
2022-05-22,0.11055,10.50309,0,353.79453,0.01761,0.00059,0.00237,0.00888,0.12358,0.01314,0.03483,0.05225,0.23066,0.34599,10,0.12984,0,0.1,0.1,0.1
2022-05-23,0.17211,10.46616,0,354.09809,0.01538,0.00066,0.00265,0.00993,0.20508,0.11511,0.16825,0.25238,1.11417,1.67126,10,0.91736,0,0.1,0.1,0.1
2022-05-24,0.12259,10.43057,0,354.39106,0.01655,0.00056,0.00222,0.00834,0.11343,0.01323,0.03347,0.05021,0.22167,0.3325,10,0.10716,0,0.1,0.1,0.1
2022-05-25,0.10638,10.39633,0,354.67331,0.01712,0.00061,0.00245,0.00917,0.12605,0.01447,0.03586,0.0538,0.2375,0.35624,10,0.1288,0,0.1,0.1,0.1
2022-05-26,0.11862,10.36345,0,354.94469,0.01408,0.00051,0.00202,0.00759,0.15642,0.03755,0.07555,0.11332,0.50029,0.75044,10,0.11911,0,0.1,0.1,0.1
2022-05-27,0.1146,10.33194,0,355.2051,0.01711,0.00058,0.00232,0.00872,0.11731,0.015,0.03598,0.05397,0.23825,0.35737,10,0.11347,0,0.1,0.1,0.1
2022-05-28,0.09954,10.30182,0,355.4544,0.017,0.00064,0.00256,0.0096,0.13067,0.0162,0.03773,0.0566,0.24988,0.37482,10,0.13508,0,0.1,0.1,0.1
2022-05-29,0.13609,10.27308,0,355.69249,0.0242,0.00126,0.00504,0.01889,0.36046,0.23761,0.34211,0.51317,2.26551,3.39826,10,1.89671,0,0.1,0.1,0.1
2022-05-30,0.12849,10.24575,0,355.91925,0.01609,0.00054,0.00216,0.0081,0.10608,0.0139,0.03306,0.04959,0.21891,0.32836,10,0.0905,0,0.1,0.1,0.1
2022-05-31,0.10768,10.21982,0,356.13457,0.0158,0.00058,0.0023,0.00864,0.13025,0.02317,0.04863,0.07295,0.32206,0.48308,10,0.11618,0,0.1,0.1,0.1
2022-06-01,0.28367,10.1953,0,356.33836,0.00709,0.00025,0.00098,0.00369,0.09784,0.04833,0.07576,0.11364,0.50169,0.75254,10,0.16213,0,0.1,0.1,0.1
2022-06-02,0.20825,10.17221,0,356.53051,0.01077,0.00035,0.0014,0.00526,0.06842,0.01253,0.02398,0.03596,0.15878,0.23816,10,0.05146,0,0.1,0.1,0.1
2022-06-03,0.13921,10.15055,0,356.71095,0.01407,0.00047,0.00187,0.00703,0.10495,0.01784,0.03799,0.05699,0.25158,0.37738,10,0.08969,0,0.1,0.1,0.1
2022-06-04,0.11511,10.13032,0,356.87957,0.01599,0.00053,0.00213,0.008,0.11912,0.01771,0.03987,0.05981,0.26404,0.39606,10,0.11902,0,0.1,0.1,0.1
2022-06-05,0.18049,10.11153,0,357.03632,0.01024,0.00035,0.00141,0.00529,0.12799,0.05125,0.08488,0.12733,0.56211,0.84316,10,0.12867,0,0.1,0.1,0.1
2022-06-06,0.17972,10.09419,0,357.1811,0.01086,0.00036,0.00145,0.00544,0.10066,0.02682,0.04928,0.07392,0.32635,0.48953,10,0.07817,0,0.1,0.1,0.1
2022-06-07,0.13047,10.0783,0,357.31385,0.01444,0.00048,0.00192,0.0072,0.10342,0.01375,0.03178,0.04767,0.21046,0.31569,10,0.09955,0,0.1,0.1,0.1
2022-06-08,0.1113,10.06387,0,357.43451,0.01582,0.00053,0.00213,0.008,0.11815,0.01408,0.03445,0.05168,0.22815,0.34223,10,0.12475,0,0.1,0.1,0.1
2022-06-09,0.10263,10.05089,0,357.54302,0.01511,0.00056,0.00226,0.00847,0.12782,0.01537,0.03627,0.0544,0.24018,0.36026,10,0.13466,0,0.1,0.1,0.1
2022-06-10,0.09716,10.03939,0,357.63933,0.01574,0.00059,0.00235,0.00883,0.13524,0.01568,0.03789,0.05683,0.25091,0.37636,10,0.14308,0,0.1,0.1,0.1
2022-06-11,0.10334,10.02935,0,357.72339,0.01394,0.00051,0.00206,0.00772,0.12957,0.02067,0.04446,0.06669,0.29442,0.44162,10,0.13762,0,0.1,0.1,0.1
2022-06-12,0.12515,10.02078,0,357.79516,0.01416,0.00047,0.00189,0.00707,0.14919,0.04017,0.07536,0.11303,0.49902,0.74853,10,0.11506,0,0.1,0.1,0.1
2022-06-13,0.10371,10.01368,0,357.85461,0.0157,0.00056,0.00225,0.00843,0.13902,0.01971,0.04547,0.06821,0.30113,0.45169,10,0.12421,0,0.1,0.1,0.1
2022-06-14,0.09169,10.00806,0,357.90171,0.01647,0.00061,0.00245,0.00921,0.14773,0.01683,0.04167,0.06251,0.27595,0.41392,10,0.14686,0,0.1,0.1,0.1
2022-06-15,0.09987,10.00392,0,357.93644,0.01503,0.00056,0.00222,0.00834,0.16574,0.03814,0.07214,0.10821,0.47773,0.71659,10,0.15076,0,0.1,0.1,0.1
2022-06-16,0.0877,10.00125,0,357.95878,0.01711,0.00064,0.00255,0.00955,0.15708,0.01738,0.04413,0.0662,0.29226,0.43839,10,0.15039,0,0.1,0.1,0.1
2022-06-17,0.08077,10.00007,0,357.96872,0.01807,0.00067,0.0027,0.01011,0.16949,0.0178,0.04652,0.06978,0.30805,0.46208,10,0.16753,0,0.1,0.1,0.1
2022-06-18,0.07628,10.00036,0,357.96626,0.01887,7e-04,0.00282,0.01057,0.17987,0.01828,0.04879,0.07319,0.32312,0.48468,10,0.17855,0,0.1,0.1,0.1
2022-06-19,0.07267,10.00213,0,357.95139,0.01961,0.00073,0.00293,0.01098,0.18962,0.01878,0.05105,0.07657,0.33805,0.50708,10,0.18734,0,0.1,0.1,0.1
2022-06-20,0.1176,10.00539,0,357.92412,0.01088,0.00038,0.00153,0.00575,0.20962,0.07823,0.13829,0.20744,0.91579,1.37368,10,0.1249,0,0.1,0.1,0.1
2022-06-21,0.13214,10.01012,0,357.88447,0.01361,0.00044,0.00178,0.00667,0.15276,0.03701,0.07577,0.11365,0.50173,0.75259,10,0.08041,0,0.1,0.1,0.1
2022-06-22,0.12335,10.01632,0,357.83246,0.01806,0.00092,0.00367,0.01378,0.32684,0.21396,0.31311,0.46966,2.07342,3.11013,10,0.91377,0,0.1,0.1,0.1
2022-06-23,0.19274,10.02401,0,357.7681,0.01099,0.00038,0.00153,0.00575,0.15513,0.06333,0.10202,0.15303,0.67558,1.01337,10,0.31799,0,0.1,0.1,0.1
2022-06-24,0.12996,10.03316,0,357.69144,0.01332,0.00043,0.00174,0.00652,0.12936,0.02047,0.04709,0.07064,0.31187,0.4678,10,0.08597,0,0.1,0.1,0.1
2022-06-25,0.09884,10.04379,0,357.6025,0.01505,0.00054,0.00218,0.00816,0.14849,0.01765,0.0431,0.06465,0.28541,0.42812,10,0.12716,0,0.1,0.1,0.1
2022-06-26,0.08713,10.05588,0,357.50134,0.01607,0.00059,0.00236,0.00885,0.16531,0.01805,0.04616,0.06925,0.3057,0.45856,10,0.15309,0,0.1,0.1,0.1
2022-06-27,0.0814,10.06943,0,357.38799,0.01678,0.00062,0.00247,0.00926,0.17628,0.01834,0.04836,0.07255,0.32027,0.48041,10,0.16697,0,0.1,0.1,0.1
2022-06-28,0.07741,10.08444,0,357.26252,0.01741,0.00064,0.00256,0.00962,0.18591,0.01878,0.05053,0.07579,0.33459,0.50189,10,0.17633,0,0.1,0.1,0.1
2022-06-29,0.0741,10.10091,0,357.12498,0.01798,0.00066,0.00265,0.00993,0.19487,0.01923,0.05261,0.07891,0.34839,0.52258,10,0.18389,0,0.1,0.1,0.1
2022-06-30,0.57105,10.11883,0,356.97543,0.15982,0.00922,0.03686,0.13824,0.60554,0.28382,0.52033,0.78049,3.44565,5.16847,10,28.02973,0,0.1,0.1,0.1
2022-07-01,0.82667,10.13819,0,356.81396,0.05284,0.00303,0.01213,0.04549,0.2606,0.1163,0.21887,0.3283,1.44936,2.17405,10,8.87928,0,0.1,0.1,0.1
2022-07-02,0.42338,10.15899,0,356.64062,0.00478,0.00016,0.00062,0.00234,0.04669,0.00608,0.01526,0.0229,0.10108,0.15161,10,0.23181,0,0.1,0.1,0.1
2022-07-03,0.20231,10.18122,0,356.45552,0.00893,0.00029,0.00116,0.00435,0.08436,0.00892,0.02442,0.03663,0.16173,0.24259,10,0.05242,0,0.1,0.1,0.1
2022-07-04,0.3617,10.20488,0,356.25873,0.0096,0.00047,0.00189,0.00708,0.13058,0.06031,0.10327,0.1549,0.68385,1.02578,10,0.82961,0,0.1,0.1,0.1
2022-07-05,0.9639,10.22996,0,356.05034,0.02172,0.00125,0.00501,0.01881,0.12346,0.05385,0.1009,0.15135,0.66816,1.00224,10,3.41815,0,0.1,0.1,0.1
2022-07-06,0.42887,10.25645,0,355.83046,0.00451,0.00015,0.00058,0.00219,0.04332,0.00556,0.01367,0.02051,0.09054,0.13581,10,0.17556,0,0.1,0.1,0.1
2022-07-07,0.32881,10.28434,0,355.59919,0.00553,0.00018,0.00073,0.00275,0.06597,0.01536,0.03083,0.04625,0.20417,0.30625,10,0.09704,0,0.1,0.1,0.1
2022-07-08,0.40934,10.31363,0,355.35663,0.01408,0.00077,0.00307,0.0115,0.13599,0.05998,0.10665,0.15998,0.70627,1.05941,10,1.4556,0,0.1,0.1,0.1
2022-07-09,0.22894,10.3443,0,355.1029,0.00746,0.00024,0.00096,0.00359,0.07693,0.01028,0.02553,0.0383,0.16908,0.25362,10,0.05435,0,0.1,0.1,0.1
2022-07-10,0.27632,10.37636,0,354.83811,0.00918,0.00041,0.00164,0.00615,0.12399,0.04798,0.08587,0.12881,0.56866,0.85299,10,0.48969,0,0.1,0.1,0.1
2022-07-11,0.23377,10.40978,0,354.56239,0.0074,0.00024,0.00095,0.00356,0.07201,0.00896,0.02243,0.03364,0.14853,0.2228,10,0.05361,0,0.1,0.1,0.1
2022-07-12,0.53876,10.44456,0,354.27587,0.01018,0.00054,0.00217,0.00814,0.11533,0.05335,0.09361,0.14042,0.61989,0.92984,10,1.23088,0,0.1,0.1,0.1
2022-07-13,0.3079,10.48068,0,353.97867,0.00586,0.00019,0.00076,0.00283,0.05784,0.00728,0.01814,0.02721,0.12015,0.18022,10,0.09383,0,0.1,0.1,0.1
2022-07-14,0.20191,10.51815,0,353.67094,0.00808,0.00026,0.00105,0.00394,0.07949,0.00828,0.02264,0.03396,0.1499,0.22486,10,0.06728,0,0.1,0.1,0.1
2022-07-15,0.16614,10.55694,0,353.35281,0.00907,3e-04,0.00121,0.00452,0.0929,0.00883,0.02572,0.03858,0.17033,0.25549,10,0.08743,0,0.1,0.1,0.1
2022-07-16,0.15103,10.59704,0,353.02443,0.00973,0.00032,0.00129,0.00486,0.10077,0.0091,0.02749,0.04123,0.18203,0.27304,10,0.09879,0,0.1,0.1,0.1
2022-07-17,0.14218,10.63845,0,352.68594,0.01023,0.00034,0.00136,0.00511,0.10675,0.00931,0.02885,0.04328,0.19107,0.28661,10,0.1055,0,0.1,0.1,0.1
2022-07-18,0.13519,10.68115,0,352.3375,0.01071,0.00036,0.00143,0.00535,0.11241,0.00951,0.03016,0.04524,0.19974,0.29962,10,0.11072,0,0.1,0.1,0.1
2022-07-19,0.83291,10.72513,0,351.97927,0.04787,0.00278,0.01111,0.04165,0.26098,0.11949,0.22226,0.33338,1.4718,2.2077,10,8.05158,0,0.1,0.1,0.1
2022-07-20,0.78841,10.77037,0,351.6114,0.01074,6e-04,0.00239,0.00898,0.08442,0.03455,0.06441,0.09662,0.42656,0.63984,10,1.47957,0,0.1,0.1,0.1
2022-07-21,0.55777,10.81687,0,351.23406,0.00343,0.00011,0.00045,0.00169,0.03398,0.00393,0.01012,0.01518,0.067,0.1005,10,0.22492,0,0.1,0.1,0.1
2022-07-22,0.36155,10.8646,0,350.84741,0.00546,2e-04,0.00079,0.00298,0.06471,0.01567,0.03113,0.0467,0.20616,0.30924,10,0.19765,0,0.1,0.1,0.1
2022-07-23,0.37992,10.91355,0,350.45164,0.02241,0.00125,0.005,0.01874,0.20513,0.09014,0.16444,0.24665,1.08891,1.63336,10,2.901,0,0.1,0.1,0.1
2022-07-24,0.29308,10.96372,0,350.0469,0.00589,0.00019,0.00077,0.00288,0.06221,0.00715,0.01914,0.02871,0.12673,0.1901,10,0.07372,0,0.1,0.1,0.1
2022-07-25,0.20424,11.01508,0,349.63338,0.00778,0.00025,0.00102,0.00382,0.08035,0.00763,0.02232,0.03348,0.1478,0.22169,10,0.06824,0,0.1,0.1,0.1
2022-07-26,0.42135,11.06761,0,349.21125,0.00533,0.00022,0.00089,0.00334,0.09472,0.03886,0.06839,0.10259,0.4529,0.67935,10,0.33967,0,0.1,0.1,0.1
2022-07-27,0.30409,11.12132,0,348.78071,0.00577,0.00019,0.00075,0.00282,0.0583,0.00648,0.01701,0.02552,0.11266,0.16899,10,0.0884,0,0.1,0.1,0.1
2022-07-28,0.20654,11.17617,0,348.34192,0.0077,0.00025,0.00101,0.00378,0.08015,0.00774,0.02237,0.03356,0.14814,0.22221,10,0.06736,0,0.1,0.1,0.1
2022-07-29,0.1725,11.23215,0,347.89509,0.00853,0.00029,0.00115,0.0043,0.09269,0.00805,0.02512,0.03768,0.16636,0.24954,10,0.0853,0,0.1,0.1,0.1
2022-07-30,0.15758,11.28924,0,347.4404,0.00913,0.00031,0.00123,0.00461,0.10026,0.00824,0.02678,0.04016,0.17732,0.26597,10,0.09552,0,0.1,0.1,0.1
2022-07-31,0.16742,11.34744,0,346.97804,0.0084,0.00028,0.00113,0.00425,0.09709,0.01336,0.03213,0.0482,0.21279,0.31919,10,0.09182,0,0.1,0.1,0.1
2022-08-01,0.17201,11.40671,0,346.50821,0.00849,0.00028,0.00114,0.00427,0.10849,0.01648,0.04017,0.06026,0.26603,0.39905,10,0.07948,0,0.1,0.1,0.1
2022-08-02,0.15044,11.46705,0,346.0311,0.00969,0.00032,0.0013,0.00487,0.1054,0.00913,0.02873,0.0431,0.19028,0.28541,10,0.0963,0,0.1,0.1,0.1
2022-08-03,0.13757,11.52843,0,345.54691,0.01034,0.00035,0.00139,0.00521,0.11336,0.00913,0.03018,0.04527,0.19986,0.2998,10,0.10762,0,0.1,0.1,0.1
2022-08-04,0.12955,11.59085,0,345.05584,0.01086,0.00036,0.00146,0.00547,0.1193,0.0093,0.03144,0.04715,0.20818,0.31226,10,0.11469,0,0.1,0.1,0.1
2022-08-05,0.1347,11.65427,0,344.55809,0.01017,0.00035,0.00138,0.00518,0.12851,0.02549,0.0522,0.07829,0.34564,0.51846,10,0.12309,0,0.1,0.1,0.1
2022-08-06,0.12908,11.71868,0,344.05387,0.01115,0.00037,0.00149,0.00559,0.12616,0.01316,0.03826,0.05739,0.25338,0.38007,10,0.10891,0,0.1,0.1,0.1
2022-08-07,0.20167,11.78406,0,343.54337,0.01285,7e-04,0.0028,0.0105,0.2103,0.10672,0.17991,0.26987,1.19141,1.78712,10,0.70682,0,0.1,0.1,0.1
2022-08-08,0.38833,11.85039,0,343.02681,0.00853,0.00039,0.00154,0.00579,0.1306,0.05535,0.0973,0.14595,0.64434,0.96652,10,0.7812,0,0.1,0.1,0.1
2022-08-09,0.54267,11.91765,0,342.50439,0.0653,0.00376,0.01504,0.05641,0.39354,0.18145,0.33564,0.50347,2.22267,3.33401,10,10.96361,0,0.1,0.1,0.1
2022-08-10,0.34492,11.98583,0,341.97631,0.00518,0.00017,0.00068,0.00254,0.05307,0.00578,0.01568,0.02353,0.10387,0.1558,10,0.12993,0,0.1,0.1,0.1
2022-08-11,0.19852,12.0549,0,341.44279,0.00804,0.00026,0.00106,0.00396,0.08266,0.00798,0.02303,0.03455,0.15251,0.22877,10,0.06273,0,0.1,0.1,0.1
2022-08-12,0.28916,12.12484,0,340.90402,0.0339,0.00195,0.00779,0.02921,0.38281,0.19002,0.33344,0.50016,2.20806,3.31209,10,4.40077,0,0.1,0.1,0.1
2022-08-13,0.35368,12.19563,0,340.36023,0.00627,0.00026,0.00102,0.00384,0.09787,0.03594,0.06521,0.09782,0.43184,0.64776,10,0.3021,0,0.1,0.1,0.1
2022-08-14,0.27097,12.26725,0,339.81162,0.00631,2e-04,0.00082,0.00307,0.06535,0.00821,0.02058,0.03086,0.13625,0.20438,10,0.06482,0,0.1,0.1,0.1
2022-08-15,0.17586,12.33968,0,339.2584,0.00862,0.00028,0.00114,0.00426,0.08871,0.00904,0.02494,0.0374,0.16513,0.24769,10,0.07426,0,0.1,0.1,0.1
2022-08-16,0.1436,12.4129,0,338.70078,0.00981,0.00033,0.0013,0.00488,0.1033,0.00974,0.02833,0.04249,0.18758,0.28137,10,0.09878,0,0.1,0.1,0.1
2022-08-17,0.13029,12.48688,0,338.13897,0.01048,0.00035,0.00139,0.00521,0.11118,0.01011,0.03012,0.04517,0.19943,0.29914,10,0.11225,0,0.1,0.1,0.1
2022-08-18,0.40204,12.56161,0,337.57317,0.0087,0.00044,0.00174,0.00654,0.14387,0.0718,0.12087,0.1813,0.8004,1.20059,10,0.74761,0,0.1,0.1,0.1
2022-08-19,0.26633,12.63705,0,337.0036,0.00644,0.00021,0.00083,0.0031,0.06187,0.00782,0.01858,0.02788,0.12307,0.18461,10,0.06006,0,0.1,0.1,0.1
2022-08-20,0.17018,12.7132,0,336.43048,0.00885,0.00029,0.00116,0.00435,0.08941,0.00982,0.02558,0.03837,0.16938,0.25407,10,0.07543,0,0.1,0.1,0.1
2022-08-21,0.13764,12.79002,0,335.85399,0.01011,0.00033,0.00133,0.005,0.10497,0.01039,0.02907,0.0436,0.19249,0.28873,10,0.10205,0,0.1,0.1,0.1
2022-08-22,0.12434,12.8675,0,335.27436,0.01083,0.00036,0.00143,0.00536,0.11339,0.01068,0.0309,0.04634,0.2046,0.3069,10,0.11683,0,0.1,0.1,0.1
2022-08-23,0.11648,12.94561,0,334.6918,0.01139,0.00038,0.0015,0.00564,0.11964,0.01097,0.03232,0.04847,0.214,0.321,10,0.12572,0,0.1,0.1,0.1
2022-08-24,0.11013,13.02433,0,334.1065,0.01194,0.00039,0.00158,0.00591,0.12559,0.01129,0.03372,0.05057,0.22327,0.3349,10,0.1327,0,0.1,0.1,0.1
2022-08-25,0.10443,13.10363,0,333.51868,0.01141,0.00041,0.00165,0.0062,0.13206,0.01271,0.03518,0.05278,0.23299,0.34948,10,0.13547,0,0.1,0.1,0.1
2022-08-26,0.17462,13.18349,0,332.92854,0.00754,0.00026,0.00105,0.00392,0.133,0.04757,0.08345,0.12518,0.55265,0.82897,10,0.1381,0,0.1,0.1,0.1
2022-08-27,0.17152,13.26389,0,332.33628,0.00894,0.00029,0.00117,0.00439,0.1078,0.02357,0.04726,0.07088,0.31293,0.4694,10,0.08277,0,0.1,0.1,0.1
2022-08-28,0.57428,13.3448,0,331.74212,0.08769,0.00519,0.02077,0.07788,0.6534,0.30791,0.56975,0.85463,3.77294,5.65941,10,14.91808,0,0.1,0.1,0.1
2022-08-29,0.42491,13.42621,0,331.14624,0.00418,0.00014,0.00055,0.00205,0.03984,0.00409,0.01132,0.01698,0.07497,0.11246,10,0.17023,0,0.1,0.1,0.1
2022-08-30,0.20222,13.50808,0,330.54886,0.00792,0.00026,0.00103,0.00387,0.07686,0.00771,0.02155,0.03232,0.14268,0.21402,10,0.05289,0,0.1,0.1,0.1
2022-08-31,1.29649,13.59039,0,329.95017,0.09321,0.00526,0.02103,0.07888,0.18534,0.07922,0.15309,0.22963,1.01377,1.52065,10,17.2651,0,0.1,0.1,0.1
2022-09-01,0.69732,13.67311,0,329.35036,0.00276,9e-05,0.00037,0.00139,0.02642,0.00437,0.0095,0.01424,0.06289,0.09433,10,0.30789,0,0.1,0.1,0.1
2022-09-02,0.30748,13.75623,0,328.74965,0.0056,0.00018,0.00072,0.0027,0.05144,0.00608,0.01502,0.02253,0.09947,0.14921,10,0.09998,0,0.1,0.1,0.1
2022-09-03,0.17982,13.83972,0,328.14822,0.00847,0.00027,0.0011,0.00412,0.0806,0.00874,0.02293,0.03439,0.15184,0.22776,10,0.06835,0,0.1,0.1,0.1
2022-09-04,0.57307,13.92355,0,327.54626,0.1754,0.01009,0.04037,0.1514,0.39621,0.17462,0.33312,0.49968,2.20596,3.30895,10,30.34154,0,0.1,0.1,0.1
2022-09-05,0.3294,14.00771,0,326.94397,0.00533,0.00017,0.00069,0.00259,0.04817,0.00502,0.01378,0.02067,0.09124,0.13686,10,0.11719,0,0.1,0.1,0.1
2022-09-06,0.4081,14.09215,0,326.34154,0.04362,0.00246,0.00984,0.03689,0.24418,0.10544,0.19931,0.29897,1.31988,1.97982,10,6.70224,0,0.1,0.1,0.1
2022-09-07,0.54155,14.17686,0,325.73916,0.05755,0.00334,0.01337,0.05015,0.27446,0.1191,0.2281,0.34214,1.51047,2.26571,10,9.56292,0,0.1,0.1,0.1
2022-09-08,0.58194,14.26182,0,325.13701,0.00416,0.00017,0.00068,0.00255,0.04249,0.01227,0.02381,0.03571,0.15766,0.23648,10,0.30509,0,0.1,0.1,0.1
2022-09-09,0.39504,14.34699,0,324.53528,0.0048,0.00016,0.00065,0.00245,0.04603,0.00924,0.01936,0.02904,0.1282,0.1923,10,0.16895,0,0.1,0.1,0.1
2022-09-10,0.35458,14.43236,0,323.93416,0.00757,0.00033,0.00132,0.00497,0.0828,0.0295,0.05442,0.08164,0.36041,0.54061,10,0.4482,0,0.1,0.1,0.1
2022-09-11,0.21319,14.5179,0,323.33381,0.00764,0.00025,0.00098,0.00368,0.06676,0.0072,0.01953,0.0293,0.12936,0.19404,10,0.05812,0,0.1,0.1,0.1
2022-09-12,0.16316,14.60357,0,322.73443,0.009,3e-04,0.00118,0.00443,0.08216,0.008,0.02326,0.03489,0.15401,0.23102,10,0.0837,0,0.1,0.1,0.1
2022-09-13,0.14078,14.68937,0,322.13619,0.01,0.00033,0.00131,0.00493,0.09256,0.00826,0.02558,0.03838,0.16942,0.25412,10,0.103,0,0.1,0.1,0.1
2022-09-14,0.13011,14.77526,0,321.53927,0.01064,0.00035,0.0014,0.00525,0.09888,0.00829,0.02695,0.04042,0.17846,0.26769,10,0.11336,0,0.1,0.1,0.1
2022-09-15,0.12247,14.86121,0,320.94383,0.01126,0.00037,0.00148,0.00556,0.10447,0.00835,0.02819,0.04229,0.1867,0.28005,10,0.12064,0,0.1,0.1,0.1
2022-09-16,0.11588,14.94721,0,320.35005,0.01191,0.00039,0.00157,0.00589,0.11009,0.00838,0.02946,0.04419,0.19507,0.29261,10,0.12706,0,0.1,0.1,0.1
2022-09-17,0.10984,15.03322,0,319.7581,0.01258,0.00042,0.00166,0.00623,0.11587,0.00845,0.03077,0.04616,0.20378,0.30567,10,0.13325,0,0.1,0.1,0.1
2022-09-18,0.10421,15.11922,0,319.16814,0.01202,0.00044,0.00176,0.0066,0.12235,0.0096,0.03217,0.04825,0.21301,0.31952,10,0.1354,0,0.1,0.1,0.1
2022-09-19,0.09898,15.20518,0,318.58034,0.01253,0.00046,0.00186,0.00697,0.12853,0.00981,0.03355,0.05032,0.22215,0.33323,10,0.1416,0,0.1,0.1,0.1
2022-09-20,0.10627,15.29109,0,317.99486,0.011,4e-04,0.0016,0.00601,0.14077,0.02463,0.05758,0.08637,0.3813,0.57196,10,0.13606,0,0.1,0.1,0.1
2022-09-21,0.09786,15.37691,0,317.41186,0.01315,0.00049,0.00195,0.0073,0.13467,0.01208,0.03836,0.05754,0.25404,0.38106,10,0.13621,0,0.1,0.1,0.1
2022-09-22,0.08926,15.46262,0,316.83149,0.01418,0.00053,0.00211,0.00791,0.14243,0.01011,0.03702,0.05553,0.24514,0.36771,10,0.15336,0,0.1,0.1,0.1
2022-09-23,0.08369,15.54819,0,316.25392,0.01503,0.00056,0.00224,0.00841,0.15115,0.01013,0.03878,0.05817,0.25682,0.38523,10,0.16434,0,0.1,0.1,0.1
2022-09-24,0.07915,15.63359,0,315.67928,0.01587,0.00059,0.00237,0.0089,0.15928,0.0102,0.04053,0.06079,0.26838,0.40257,10,0.17346,0,0.1,0.1,0.1
2022-09-25,0.12666,15.71881,0,315.10775,0.01011,0.00036,0.00145,0.00542,0.13235,0.04063,0.07606,0.11408,0.50365,0.75547,10,0.13651,0,0.1,0.1,0.1
2022-09-26,0.08961,15.80382,0,314.53945,0.01548,0.00057,0.0023,0.00862,0.14583,0.01029,0.03891,0.05836,0.25766,0.38648,10,0.13611,0,0.1,0.1,0.1
2022-09-27,0.07657,15.88859,0,313.97454,0.01711,0.00064,0.00256,0.00959,0.16568,0.01038,0.04271,0.06407,0.28285,0.42428,10,0.17114,0,0.1,0.1,0.1
2022-09-28,0.07014,15.9731,0,313.41317,0.01831,0.00069,0.00275,0.0103,0.17873,0.01042,0.04529,0.06794,0.29995,0.44992,10,0.19117,0,0.1,0.1,0.1
2022-09-29,0.08376,16.05732,0,312.85546,0.01353,0.00052,0.00206,0.00774,0.22057,0.07025,0.13376,0.20064,0.88578,1.32867,10,0.20836,0,0.1,0.1,0.1
2022-09-30,0.10442,16.14123,0,312.30156,0.01313,0.00048,0.00192,0.00722,0.21971,0.05128,0.11703,0.17554,0.77498,1.16247,10,0.0984,0,0.1,0.1,0.1
2022-10-01,0.08274,16.22479,0,311.75161,0.01704,0.00063,0.00251,0.00943,0.16973,0.01969,0.05739,0.08609,0.38006,0.57008,10,0.14482,0,0.1,0.1,0.1
2022-10-02,0.07019,16.308,0,311.20574,0.01919,0.00071,0.00286,0.01072,0.17784,0.01101,0.04653,0.06979,0.30812,0.46218,10,0.18552,0,0.1,0.1,0.1
2022-10-03,0.06439,16.39082,0,310.66408,0.02046,0.00077,0.00306,0.01149,0.19155,0.01098,0.04905,0.07357,0.3248,0.48721,10,0.20696,0,0.1,0.1,0.1
2022-10-04,0.06043,16.47323,0,310.12676,0.02167,0.00081,0.00325,0.0122,0.20297,0.01112,0.05142,0.07713,0.34051,0.51076,10,0.22172,0,0.1,0.1,0.1
2022-10-05,0.05715,16.5552,0,309.5939,0.02289,0.00086,0.00344,0.01292,0.21377,0.01134,0.05379,0.08069,0.35622,0.53432,10,0.23424,0,0.1,0.1,0.1
2022-10-06,0.08459,16.63671,0,309.06564,0.01302,0.00049,0.00195,0.0073,0.19071,0.05289,0.10628,0.15942,0.70379,1.05568,10,0.12535,0,0.1,0.1,0.1
2022-10-07,0.07603,16.71774,0,308.54209,0.02012,0.00074,0.00296,0.01112,0.16916,0.01211,0.04704,0.07056,0.3115,0.46725,10,0.14536,0,0.1,0.1,0.1
2022-10-08,0.16626,16.79826,0,308.02337,0.05003,0.00286,0.01144,0.04291,0.70646,0.39176,0.66065,0.99097,4.37488,6.56232,10,5.80694,0,0.1,0.1,0.1
2022-10-09,0.08571,16.87824,0,307.5096,0.01878,0.00069,0.00277,0.01037,0.15324,0.01064,0.04239,0.06358,0.2807,0.42104,10,0.11853,0,0.1,0.1,0.1
2022-10-10,0.06428,16.95767,0,307.00089,0.02258,0.00084,0.00336,0.01261,0.19334,0.01177,0.05114,0.07671,0.33866,0.50798,10,0.1873,0,0.1,0.1,0.1
2022-10-11,0.05594,17.03653,0,306.49736,0.02476,0.00093,0.00371,0.0139,0.21628,0.01212,0.05579,0.08368,0.36943,0.55415,10,0.23016,0,0.1,0.1,0.1
2022-10-12,0.07185,17.11477,0,305.99911,0.01717,0.00063,0.00254,0.00952,0.38054,0.10193,0.22829,0.34244,1.51177,2.26765,10,0.15039,0,0.1,0.1,0.1
2022-10-13,0.06066,17.1924,0,305.50626,0.02433,9e-04,0.00359,0.01347,0.20071,0.01336,0.05551,0.08326,0.36758,0.55137,10,0.19966,0,0.1,0.1,0.1
2022-10-14,0.05304,17.26937,0,305.01891,0.02651,0.00099,0.00395,0.01483,0.22481,0.013,0.05928,0.08892,0.39257,0.58886,10,0.24275,0,0.1,0.1,0.1
2022-10-15,0.04896,17.34567,0,304.53716,0.02825,0.00106,0.00423,0.01588,0.24136,0.01296,0.0623,0.09346,0.41258,0.61887,10,0.26805,0,0.1,0.1,0.1
2022-10-16,0.04615,17.42128,0,304.06111,0.02978,0.00112,0.00448,0.01679,0.25426,0.01307,0.06494,0.09741,0.43002,0.64503,10,0.28509,0,0.1,0.1,0.1
2022-10-17,0.04358,17.49618,0,303.59087,0.0316,0.00119,0.00476,0.01785,0.26887,0.01339,0.0682,0.1023,0.45161,0.67742,10,0.3022,0,0.1,0.1,0.1
2022-10-18,0.04137,17.57033,0,303.12653,0.03328,0.00126,0.00502,0.01883,0.28194,0.01364,0.07111,0.10667,0.4709,0.70636,10,0.31732,0,0.1,0.1,0.1
2022-10-19,0.03927,17.64372,0,302.66818,0.03512,0.00133,0.00531,0.0199,0.29613,0.01394,0.07431,0.11147,0.4921,0.73815,10,0.33331,0,0.1,0.1,0.1
2022-10-20,0.03733,17.71633,0,302.21592,0.03697,0.0014,0.0056,0.02098,0.31013,0.01422,0.07746,0.11619,0.51294,0.76942,10,0.34923,0,0.1,0.1,0.1
2022-10-21,0.05078,17.78814,0,301.76984,0.0193,0.00073,0.00292,0.01097,0.32389,0.07352,0.17316,0.25974,1.14666,1.72,10,0.18726,0,0.1,0.1,0.1
2022-10-22,0.04631,17.85912,0,301.33002,0.031,0.00116,0.00463,0.01737,0.36523,0.05787,0.15817,0.23726,1.04743,1.57114,10,0.25049,0,0.1,0.1,0.1
2022-10-23,0.03884,17.92926,0,300.89656,0.03713,0.0014,0.00558,0.02093,0.29793,0.01485,0.07743,0.11614,0.51273,0.76909,10,0.32503,0,0.1,0.1,0.1
2022-10-24,0.03591,17.99853,0,300.46953,0.03955,0.00149,0.00597,0.02237,0.31843,0.01502,0.08163,0.12244,0.54055,0.81082,10,0.35825,0,0.1,0.1,0.1
2022-10-25,0.04253,18.06691,0,300.04901,0.02657,0.001,0.00402,0.01506,0.21887,0.02359,0.06955,0.10432,0.46053,0.6908,10,0.24391,0,0.1,0.1,0.1
2022-10-26,0.09448,18.13438,0,299.6351,0.01261,0.00054,0.00216,0.0081,0.33683,0.19043,0.31016,0.46523,2.05388,3.08082,10,0.45483,0,0.1,0.1,0.1
2022-10-27,0.13409,18.20093,0,299.22785,0.01527,0.00052,0.00206,0.00773,0.14655,0.03797,0.08087,0.12131,0.53556,0.80334,10,0.42981,0,0.1,0.1,0.1
2022-10-28,0.07087,18.26653,0,298.82736,0.02486,0.00091,0.00364,0.01364,0.17443,0.01171,0.05094,0.07641,0.33734,0.50601,10,0.1347,0,0.1,0.1,0.1
2022-10-29,0.05121,18.33116,0,298.4337,0.03097,0.00115,0.00459,0.01721,0.22731,0.01295,0.06276,0.09414,0.41561,0.62341,10,0.2266,0,0.1,0.1,0.1
2022-10-30,0.04374,18.39481,0,298.04693,0.03442,0.00129,0.00514,0.01928,0.25812,0.01319,0.06894,0.10341,0.45652,0.68478,10,0.28745,0,0.1,0.1,0.1
2022-10-31,0.04004,18.45745,0,297.66713,0.03691,0.00138,0.00554,0.02077,0.27837,0.01337,0.07311,0.10967,0.48417,0.72626,10,0.32246,0,0.1,0.1,0.1
2022-11-01,0.03772,18.51907,0,297.29436,0.03883,0.00146,0.00584,0.02189,0.29451,0.01358,0.07654,0.1148,0.50683,0.76024,10,0.34347,0,0.1,0.1,0.1
2022-11-02,0.04874,18.57965,0,296.92869,0.02238,0.00084,0.00337,0.01264,0.39081,0.09586,0.22331,0.33497,1.4788,2.2182,10,0.205,0,0.1,0.1,0.1
2022-11-03,0.05005,18.63917,0,296.57019,0.03,0.00111,0.00444,0.01665,0.35616,0.0682,0.17136,0.25704,1.13478,1.70217,10,0.21794,0,0.1,0.1,0.1
2022-11-04,0.04003,18.69761,0,296.21892,0.03836,0.00143,0.00573,0.02151,0.28528,0.0137,0.07618,0.11427,0.50446,0.7567,10,0.31206,0,0.1,0.1,0.1
2022-11-05,0.0366,18.75495,0,295.87494,0.04114,0.00155,0.00618,0.02318,0.3105,0.01383,0.08098,0.12147,0.53625,0.80438,10,0.35093,0,0.1,0.1,0.1
2022-11-06,0.05376,18.81119,0,295.5383,0.01972,0.00074,0.00296,0.01108,0.39852,0.10708,0.24241,0.36361,1.60525,2.40787,10,0.16882,0,0.1,0.1,0.1
2022-11-07,0.04247,18.8663,0,295.20908,0.03768,0.0014,0.0056,0.021,0.27509,0.01367,0.0752,0.1128,0.49799,0.74699,10,0.28194,0,0.1,0.1,0.1
2022-11-08,0.03756,18.92026,0,294.88731,0.04097,0.00154,0.00614,0.02303,0.30663,0.01359,0.08062,0.12093,0.53388,0.80082,10,0.33671,0,0.1,0.1,0.1
2022-11-09,0.03479,18.97307,0,294.57306,0.04372,0.00164,0.00658,0.02467,0.33075,0.0138,0.0854,0.1281,0.56551,0.84826,10,0.36998,0,0.1,0.1,0.1
2022-11-10,0.03273,19.0247,0,294.26637,0.04641,0.00175,0.007,0.02624,0.35288,0.01417,0.09018,0.13527,0.59719,0.89578,10,0.39514,0,0.1,0.1,0.1
2022-11-11,0.03102,19.07514,0,293.9673,0.04891,0.00185,0.00739,0.0277,0.37311,0.01453,0.09465,0.14198,0.62681,0.94021,10,0.41635,0,0.1,0.1,0.1
2022-11-12,0.02941,19.12437,0,293.6759,0.05168,0.00195,0.00782,0.02931,0.39523,0.01496,0.09961,0.14941,0.65962,0.98944,10,0.43831,0,0.1,0.1,0.1
2022-11-13,0.02792,19.17238,0,293.39222,0.05454,0.00206,0.00826,0.03097,0.41803,0.01541,0.10474,0.15712,0.69363,1.04044,10,0.46048,0,0.1,0.1,0.1
2022-11-14,0.02648,19.21916,0,293.11629,0.0577,0.00219,0.00875,0.0328,0.44315,0.01593,0.11042,0.16563,0.73122,1.09684,10,0.48481,0,0.1,0.1,0.1
2022-11-15,0.02511,19.26468,0,292.84817,0.06104,0.00232,0.00927,0.03474,0.46975,0.01647,0.11642,0.17463,0.77096,1.15643,10,0.51046,0,0.1,0.1,0.1
2022-11-16,0.02387,19.30895,0,292.58789,0.06425,0.00244,0.00976,0.03662,0.49546,0.01696,0.12215,0.18323,0.80892,1.21338,10,0.53505,0,0.1,0.1,0.1
2022-11-17,0.02501,19.35194,0,292.3355,0.05583,0.00212,0.00848,0.03181,0.43139,0.02122,0.11095,0.16643,0.73475,1.10212,10,0.46289,0,0.1,0.1,0.1
2022-11-18,0.0215,19.39365,0,292.09104,0.07198,0.00274,0.01094,0.04103,0.55504,0.01852,0.13654,0.20481,0.90416,1.35624,10,0.59228,0,0.1,0.1,0.1
2022-11-19,0.02042,19.43405,0,291.85455,0.07599,0.00289,0.01157,0.04337,0.58717,0.01913,0.1436,0.21539,0.95091,1.42636,10,0.62275,0,0.1,0.1,0.1
2022-11-20,0.01941,19.47314,0,291.62605,0.07997,0.00305,0.01218,0.04569,0.61907,0.01972,0.15067,0.22601,0.99777,1.49666,10,0.65277,0,0.1,0.1,0.1
2022-11-21,0.01841,19.51091,0,291.40559,0.08461,0.00323,0.0129,0.04839,0.65611,0.02045,0.15895,0.23843,1.0526,1.5789,10,0.68759,0,0.1,0.1,0.1
2022-11-22,0.0175,19.54734,0,291.1932,0.08912,0.0034,0.01361,0.05102,0.69223,0.02113,0.16695,0.25043,1.10559,1.65839,10,0.7213,0,0.1,0.1,0.1
2022-11-23,0.01664,19.58243,0,290.98892,0.09376,0.00358,0.01433,0.05373,0.72951,0.02181,0.17519,0.26278,1.16012,1.74017,10,0.75591,0,0.1,0.1,0.1
2022-11-24,0.01579,19.61616,0,290.79276,0.09917,0.00379,0.01517,0.05689,0.77283,0.02265,0.18482,0.27723,1.2239,1.83585,10,0.79611,0,0.1,0.1,0.1
2022-11-25,0.01498,19.64852,0,290.60477,0.10488,0.00401,0.01606,0.06022,0.81857,0.02353,0.19497,0.29245,1.29111,1.93666,10,0.83835,0,0.1,0.1,0.1
2022-11-26,0.01424,19.67951,0,290.42497,0.1104,0.00423,0.01692,0.06344,0.86289,0.02434,0.20473,0.30709,1.35573,2.0336,10,0.87899,0,0.1,0.1,0.1
2022-11-27,0.01351,19.70912,0,290.25339,0.11674,0.00448,0.01791,0.06715,0.91375,0.02531,0.21598,0.32397,1.43024,2.14537,10,0.92557,0,0.1,0.1,0.1
2022-11-28,0.01287,19.73733,0,290.09005,0.12245,0.0047,0.0188,0.07049,0.9598,0.02612,0.22604,0.33906,1.49688,2.24532,10,0.96723,0,0.1,0.1,0.1
2022-11-29,0.02322,19.76414,0,289.93498,0.03997,0.00152,0.0061,0.02287,0.39469,0.0605,0.15723,0.23585,1.0412,1.5618,10,0.31194,0,0.1,0.1,0.1
2022-11-30,0.01295,19.78954,0,289.7882,0.12398,0.00473,0.01893,0.07099,0.96114,0.02702,0.23037,0.34556,1.52556,2.28834,10,0.96341,0,0.1,0.1,0.1
2022-12-01,0.01228,19.81352,0,289.64972,0.13448,0.00514,0.02057,0.07715,1.01369,0.02837,0.24198,0.36297,1.60242,2.40363,10,1.0159,0,0.1,0.1,0.1
2022-12-02,0.01165,19.83608,0,289.51958,0.14583,0.00559,0.02235,0.0838,1.06831,0.02982,0.25426,0.38138,1.68371,2.52556,10,1.06959,0,0.1,0.1,0.1
2022-12-03,0.01108,19.8572,0,289.39779,0.15738,0.00604,0.02416,0.09058,1.12127,0.03121,0.26608,0.39912,1.76203,2.64304,10,1.12187,0,0.1,0.1,0.1
2022-12-04,0.01051,19.87689,0,289.28436,0.17059,0.00656,0.02622,0.09834,1.18285,0.03282,0.2799,0.41985,1.85353,2.78029,10,1.18241,0,0.1,0.1,0.1
2022-12-05,0.00998,19.89514,0,289.17932,0.18446,0.0071,0.02839,0.10647,1.24545,0.03446,0.2939,0.44085,1.94622,2.91933,10,1.24408,0,0.1,0.1,0.1
2022-12-06,0.00949,19.91194,0,289.08268,0.1986,0.00765,0.03061,0.11478,1.30652,0.03603,0.30748,0.46122,2.03616,3.05424,10,1.30448,0,0.1,0.1,0.1
2022-12-07,0.009,19.92728,0,288.99445,0.2148,0.00829,0.03315,0.1243,1.37768,0.03787,0.32338,0.48507,2.14144,3.21216,10,1.37459,0,0.1,0.1,0.1
2022-12-08,0.00857,19.94117,0,288.91464,0.23042,0.0089,0.0356,0.13349,1.44152,0.0395,0.3375,0.50625,2.23495,3.35242,10,1.43797,0,0.1,0.1,0.1
2022-12-09,0.00812,19.95359,0,288.84327,0.24948,0.00965,0.03858,0.14468,1.52317,0.0416,0.35573,0.53359,2.35567,3.5335,10,1.5184,0,0.1,0.1,0.1
2022-12-10,0.00771,19.96455,0,288.78035,0.26901,0.01041,0.04164,0.15616,1.60369,0.04365,0.37362,0.56044,2.47417,3.71126,10,1.59797,0,0.1,0.1,0.1
2022-12-11,0.00733,19.97404,0,288.72588,0.28909,0.0112,0.04479,0.16798,1.68353,0.04566,0.3913,0.58695,2.59124,3.88686,10,1.67715,0,0.1,0.1,0.1
2022-12-12,0.00698,19.98206,0,288.67988,0.30973,0.01201,0.04803,0.18012,1.76277,0.04765,0.40878,0.61317,2.70696,4.06044,10,1.75599,0,0.1,0.1,0.1
2022-12-13,0.00663,19.9886,0,288.64234,0.33288,0.01292,0.05167,0.19375,1.85236,0.04989,0.42859,0.64289,2.8382,4.25729,10,1.84493,0,0.1,0.1,0.1
2022-12-14,0.00629,19.99367,0,288.61328,0.35906,0.01394,0.05577,0.20915,1.95437,0.05245,0.45121,0.67682,2.98797,4.48196,10,1.94591,0,0.1,0.1,0.1
2022-12-15,0.00597,19.99725,0,288.5927,0.38682,0.01503,0.06013,0.22549,2.06034,0.0551,0.47467,0.712,3.14331,4.71497,10,2.051,0,0.1,0.1,0.1
2022-12-16,0.0057,19.99937,0,288.5806,0.41054,0.01597,0.06386,0.23948,2.14058,0.05704,0.49214,0.73821,3.25901,4.88851,10,2.13184,0,0.1,0.1,0.1
2022-12-17,0.00538,20,0,288.57698,0.4459,0.01735,0.06941,0.26027,2.27675,0.06045,0.5224,0.7836,3.45939,5.18909,10,2.26646,0,0.1,0.1,0.1
2022-12-18,0.00531,19.99915,0,288.58185,0.44449,0.01731,0.06923,0.25962,2.22311,0.05886,0.51063,0.76594,3.38142,5.07213,10,2.21458,0,0.1,0.1,0.1
2022-12-19,0.00486,19.99682,0,288.5952,0.51391,0.02002,0.0801,0.30036,2.51795,0.06654,0.58235,0.87352,3.85637,5.78455,10,2.50923,0,0.1,0.1,0.1
2022-12-20,0.00463,19.99301,0,288.61703,0.54691,0.02132,0.08529,0.31983,2.62696,0.06916,0.60623,0.90935,4.01454,6.02181,10,2.61901,0,0.1,0.1,0.1
2022-12-21,0.00439,19.98773,0,288.64734,0.58913,0.02298,0.09192,0.34469,2.77498,0.07279,0.63903,0.95855,4.23173,6.34759,10,2.7666,0,0.1,0.1,0.1
2022-12-22,0.00417,19.98097,0,288.68612,0.63225,0.02467,0.09869,0.3701,2.92138,0.07634,0.67135,1.00703,4.44578,6.66867,10,2.91312,0,0.1,0.1,0.1
2022-12-23,0.00396,19.97273,0,288.73337,0.67703,0.02643,0.10573,0.3965,3.06963,0.07991,0.704,1.05601,4.66199,6.99298,10,3.0619,0,0.1,0.1,0.1
2022-12-24,0.00379,19.96303,0,288.78908,0.71717,0.02801,0.11205,0.42019,3.19162,0.08278,0.73055,1.09582,4.83777,7.25665,10,3.18591,0,0.1,0.1,0.1
2022-12-25,0.00358,19.95185,0,288.85325,0.77585,0.03032,0.12127,0.45476,3.38996,0.08759,0.77448,1.16172,5.12866,7.693,10,3.384,0,0.1,0.1,0.1
2022-12-26,0.00339,19.93921,0,288.92586,0.83527,0.03265,0.13061,0.48978,3.58421,0.09227,0.81734,1.22601,5.41251,8.11876,10,3.57879,0,0.1,0.1,0.1
2022-12-27,0.00323,19.92511,0,289.00691,0.89026,0.03481,0.13926,0.52222,3.75271,0.09625,0.85422,1.28133,5.65675,8.48512,10,3.74938,0,0.1,0.1,0.1
2022-12-28,0.00307,19.90956,0,289.09638,0.95056,0.03719,0.14874,0.55779,3.93718,0.10061,0.89465,1.34197,5.92443,8.88665,10,3.93606,0,0.1,0.1,0.1
2022-12-29,0.00292,19.89254,0,289.19426,1.01173,0.03959,0.15837,0.59388,4.11865,0.10486,0.93429,1.40143,6.18695,9.28042,10,4.12053,0,0.1,0.1,0.1
2022-12-30,0.00278,19.87408,0,289.30054,1.07908,0.04224,0.16896,0.63362,4.31852,0.10954,0.978,1.46701,6.47644,9.71467,10,4.32355,0,0.1,0.1,0.1
