time,Volume,Vol Snow,Vol Blue Ice,Vol White Ice,Tot Inflow Vol,Tot Outflow Vol,Overflow Vol,Evaporation,Rain,Local Runoff,Snowfall,Lake Level,Surface Area,Blue Ice Thickness,Snow Thickness,Snow Density,White Ice Thickness,Albedo,Max Temp,Min Temp,Surface Temp,Daily Qsw,Daily Qe,Daily Qh,Daily Qlw,Light,Benthic Light,Surface Wave Height,Surface Wave Length,Surface Wave Period,LakeNumber,Max dT/dz,CD,CHE,z/L
2020-07-30 24:00:00,1097918.159421,    0.000000,    0.000000,    0.000000, 8218.368000,14057.021172,    0.000000, -101.870989,   10.650668,    0.000000,    0.000000,   13.031260,151430.034101,    0.000000,    0.000000,    0.000000,    0.000000,    0.062359,   10.317929,    9.943948,   10.317929,   41.818878,  -19.285203,   30.250602,  -38.867806,  192.789322,    0.000000,    0.099451,    2.066796,    1.150547,    0.019438,    0.158292,    0.001300,    0.001300,    0.000000
2020-07-31 24:00:00,1095341.955382,    0.000000,    0.000000,    0.000000, 9585.216000,12103.309220,    0.000000, -121.080811,   63.599161,    0.000000,    0.000000,   13.014432,151113.890449,    0.000000,    0.000000,    0.000000,    0.000000,    0.062524,   10.415921,   10.128418,   10.415921,   86.143588,  -22.965174,   40.480001,  -33.821337,  236.907583,    0.000000,    0.141757,    2.812962,    1.342262,    0.013628,    0.133651,    0.001300,    0.001300,    0.000000
2020-08-01 24:00:00,1093769.679565,    0.000000,    0.000000,    0.000000, 8125.920000, 9708.335822,    0.000000,  -56.480837,   66.490381,    0.000000,    0.000000,   13.004161,150920.945709,    0.000000,    0.000000,    0.000000,    0.000000,    0.062694,   10.609445,   10.297478,   10.609445,   75.557817,  -10.723777,   43.437119,  -29.620924,  168.049242,    0.000000,    0.145460,    2.876123,    1.357248,    0.014778,    0.235218,    0.001300,    0.001300,    0.000000
2020-08-02 24:00:00,1102482.870820,    0.000000,    0.000000,    0.000000,21128.256000,12364.470792,    0.000000,  -78.552470,   28.674407,    0.000000,    0.000000,   13.061079,151990.201117,    0.000000,    0.000000,    0.000000,    0.000000,    0.062869,   10.878516,   10.345668,   10.878516,   80.514270,  -14.807222,   25.343990,  -45.164563,  224.060721,    0.000000,    0.109517,    2.247175,    1.199703,    0.037811,    0.153093,    0.001300,    0.001300,    0.000000
2020-08-03 24:00:00,1154739.718982,    0.000000,    0.000000,    0.000000,80501.472000,28211.903417,    0.000000,  -46.165140,   13.678935,    0.000000,    0.000000,   13.389166,156372.174022,    0.000000,    0.000000,    0.000000,    0.000000,    0.063049,   11.303072,   10.418870,   11.303072,  107.280556,   -8.456217,    7.820051,  -68.832474,  326.695480,    0.000000,    0.060464,    1.332384,    0.923783,    0.225118,    0.243677,    0.001300,    0.001300,    0.000000
2020-08-04 24:00:00,1156108.057675,    0.000000,    0.000000,    0.000000,42716.160000,41352.791358,    0.000000,  -31.144615,   35.965630,    0.000000,    0.000000,   13.397654,156479.407281,    0.000000,    0.000000,    0.000000,    0.000000,    0.063234,   11.518194,   10.477984,   11.518194,  119.169693,   -5.697796,   -0.031492,  -61.592111,  253.664830,    0.000000,    0.022851,    0.548424,    0.592671,    2.421591,    0.138145,    0.001300,    0.001300,    0.000000
2020-08-05 24:00:00,1149008.760093,    0.000000,    0.000000,    0.000000,38499.840000,47455.086086,    0.000000,  -13.576775, 1806.572391,    0.000000,    0.000000,   13.353616,155923.053200,    0.000000,    0.000000,    0.000000,    0.000000,    0.063425,   11.887929,   10.499437,   11.887929,  113.516630,   -2.491583,    4.272559,  -48.205601,  235.015313,    0.000000,    0.040496,    0.930672,    0.772065,    1.566267,    0.160750,    0.001300,    0.001300,    0.000000
2020-08-06 24:00:00,1129471.989697,    0.000000,    0.000000,    0.000000,29100.384000,50770.385497,    0.000000,  -49.465189, 2113.841910,    0.000000,    0.000000,   13.231979,154386.906744,    0.000000,    0.000000,    0.000000,    0.000000,    0.063620,   12.173636,   10.508766,   12.173636,  108.356885,   -9.165257,   11.771872,  -36.825694,  230.118930,    0.000000,    0.074760,    1.611092,    1.015817,    0.795807,    0.136554,    0.001300,    0.001300,    0.000000
2020-08-07 24:00:00,1104914.942541,    0.000000,    0.000000,    0.000000,20719.584000,47293.871438,    0.000000, -187.527932, 2133.129708,    0.000000,    0.000000,   13.076966,152288.657304,    0.000000,    0.000000,    0.000000,    0.000000,    0.063820,   11.759323,   10.541238,   11.759323,  108.577801,  -35.229263,   -2.558794,  -68.179160,  287.753748,    0.000000,    0.121577,    2.465431,    1.256614,    0.304044,    0.180818,    0.001300,    0.001300,    0.000000
2020-08-08 24:00:00,1108248.321573,    0.000000,    0.000000,    0.000000,39427.776000,35938.368732,    0.000000, -248.098518,   92.890341,    0.000000,    0.000000,   13.098741,152697.719088,    0.000000,    0.000000,    0.000000,    0.000000,    0.064024,   11.779202,   10.581449,   11.779202,  117.530184,  -46.494722,    0.383308,  -71.437906,  277.022356,    0.000000,    0.092535,    1.940494,    1.114838,    0.358142,    0.196241,    0.001300,    0.001300,    0.000000
2020-08-09 24:00:00,1098115.439824,    0.000000,    0.000000,    0.000000,19336.320000,31359.192721,    0.000000, -266.241324, 2088.459860,    0.000000,    0.000000,   13.032549,151454.243731,    0.000000,    0.000000,    0.000000,    0.000000,    0.064234,   11.791150,   10.640657,   11.791150,  120.877224,  -50.301756,    6.249844,  -59.107715,  306.536360,    0.000000,    0.085297,    1.807049,    1.075822,    0.387954,    0.132465,    0.001300,    0.001300,    0.000000
2020-08-10 24:00:00,1089250.159438,    0.000000,    0.000000,    0.000000,13932.000000,25267.293263,    0.000000,  -79.587206, 2525.646316,    0.000000,    0.000000,   12.974121,150291.193413,    0.000000,    0.000000,    0.000000,    0.000000,    0.064448,   11.900547,   10.679897,   11.900547,   88.778412,  -15.150425,   -0.734125,  -48.501052,  137.739042,    0.000000,    0.028717,    0.678044,    0.658999,    2.563172,    0.147863,    0.001300,    0.001300,    0.000000
2020-08-11 24:00:00,1081931.895933,    0.000000,    0.000000,    0.000000,13449.888000,21730.397105,    0.000000,   -5.434538,  969.800534,    0.000000,    0.000000,   12.925341,149251.503737,    0.000000,    0.000000,    0.000000,    0.000000,    0.064667,   12.208583,   10.726856,   12.208583,   91.284904,   -1.041677,    5.533177,  -50.227479,  145.734741,    0.000000,    0.045692,    1.036020,    0.814591,    1.272700,    0.130273,    0.001300,    0.001300,    0.000000
2020-08-12 24:00:00,1087620.760827,    0.000000,    0.000000,    0.000000,29808.864000,24073.780786,    0.000000,  -80.305812,   34.327090,    0.000000,    0.000000,   12.963260,150059.708319,    0.000000,    0.000000,    0.000000,    0.000000,    0.064890,   12.434168,   10.786225,   12.434168,  128.422015,  -15.304841,   -0.400188,  -64.794783,  387.646778,    0.000000,    0.043532,    0.991296,    0.796814,    1.582050,    0.159870,    0.001300,    0.001300,    0.000000
2020-08-13 24:00:00,1094415.423655,    0.000000,    0.000000,    0.000000,28591.488000,21719.553205,    0.000000, -125.303935,   48.017367,    0.000000,    0.000000,   13.008379,151000.189391,    0.000000,    0.000000,    0.000000,    0.000000,    0.065118,   12.544760,   10.878933,   12.544760,  136.401887,  -23.726327,   -5.585208,  -72.090601,  369.943431,    0.000000,    0.037903,    0.874467,    0.748389,    2.193810,    0.134121,    0.001300,    0.001300,    0.000000
2020-08-14 24:00:00,1090666.079977,    0.000000,    0.000000,    0.000000,18297.792000,21742.189314,    0.000000, -306.798794,    6.039274,    0.000000,    0.000000,   12.983559,150492.350145,    0.000000,    0.000000,    0.000000,    0.000000,    0.065350,   12.270364,   11.029348,   12.270364,  134.860223,  -58.296029,  -16.316194,  -77.902463,  141.325056,    0.000000,    0.076017,    1.631448,    1.022215,    0.533638,    0.159453,    0.001300,    0.001300,    0.000000
2020-08-15 24:00:00,1082489.579177,    0.000000,    0.000000,    0.000000,13542.336000,21569.333926,    0.000000, -151.462176,    1.504821,    0.000000,    0.000000,   12.929058,149330.732575,    0.000000,    0.000000,    0.000000,    0.000000,    0.065587,   12.382904,   11.183660,   12.382904,  147.898246,  -29.007193,   -9.746470,  -98.756473,  440.784686,    0.000000,    0.030059,    0.707063,    0.672953,    2.253552,    0.168949,    0.001300,    0.001300,    0.000000
2020-08-16 24:00:00,1084030.000177,    0.000000,    0.000000,    0.000000,26061.696000,24311.237549,    0.000000, -234.427660,   25.383745,    0.000000,    0.000000,   12.939326,149549.576814,    0.000000,    0.000000,    0.000000,    0.000000,    0.065827,   12.397040,   11.330766,   12.397040,  147.326846,  -44.824830,   -9.451540,  -74.466302,    0.000000,    0.000000,    0.059263,    1.307463,    0.915103,    0.695361,    0.194872,    0.001300,    0.001300,    0.000000
2020-08-17 24:00:00,1086785.966236,    0.000000,    0.000000,    0.000000,21011.616000,22145.375824,    0.000000, -309.058233, 4193.294470,    0.000000,    0.000000,   12.957696,149941.110879,    0.000000,    0.000000,    0.000000,    0.000000,    0.066072,   12.380686,   11.508729,   12.380686,  118.439652,  -58.941428,    3.930683,  -34.238955,   67.569300,    0.000000,    0.122867,    2.483043,    1.261094,    0.149742,    0.130140,    0.001300,    0.001300,    0.000000
2020-08-18 24:00:00,1087210.540538,    0.000000,    0.000000,    0.000000,15405.984000,19317.587797,    0.000000, -211.402312, 4553.655529,    0.000000,    0.000000,   12.960526,150001.429221,    0.000000,    0.000000,    0.000000,    0.000000,    0.066322,   12.402817,   12.035142,   12.402817,   74.762664,  -40.301063,   20.660542,  -19.166597,   60.975667,    0.000000,    0.187506,    3.581031,    1.514466,    0.002779,    0.124658,    0.001300,    0.001300,    0.000000
2020-08-19 24:00:00,1082685.240486,    0.000000,    0.000000,    0.000000,12436.416000,18142.943990,    0.000000,   -3.979859, 1185.646657,    0.000000,    0.000000,   12.930362,149358.529749,    0.000000,    0.000000,    0.000000,    0.000000,    0.066575,   12.697476,   12.254904,   12.697476,   85.278269,   -0.761907,    7.327503,  -48.148238,  264.793475,    0.000000,    0.062732,    1.375812,    0.938718,    0.173515,    0.138059,    0.001300,    0.001300,    0.000000
2020-08-20 24:00:00,1077429.389861,    0.000000,    0.000000,    0.000000,11261.376000,17688.220463,    0.000000,  -85.885467, 1252.290921,    0.000000,    0.000000,   12.895273,148650.834817,    0.000000,    0.000000,    0.000000,    0.000000,    0.066832,   12.760915,   12.521939,   12.760915,  133.691572,  -16.517212,   22.322155,  -56.091373,  313.641655,    0.000000,    0.165489,    3.213420,    1.434627,    0.034728,    0.160350,    0.001300,    0.001300,    0.000000
2020-08-21 24:00:00,1074471.306714,    0.000000,    0.000000,    0.000000,10587.456000,14173.620995,    0.000000, -152.118163,  782.039566,    0.000000,    0.000000,   12.875319,148395.195025,    0.000000,    0.000000,    0.000000,    0.000000,    0.067093,   12.913199,   12.528268,   12.913199,  146.827028,  -29.299338,    4.866567,  -75.095114,   84.652957,    0.000000,    0.116804,    2.374635,    1.233258,    0.082668,    0.156104,    0.001300,    0.001300,    0.000000
2020-08-22 24:00:00,1075265.821957,    0.000000,    0.000000,    0.000000,10054.368000,11939.551587,    0.000000,  -76.266722, 2760.728645,    0.000000,    0.000000,   12.880678,148463.857636,    0.000000,    0.000000,    0.000000,    0.000000,    0.067358,   13.419351,   12.547231,   13.419351,  151.363768,  -14.677450,    2.411762,  -64.475970,  360.216183,    0.000000,    0.051507,    1.153125,    0.859397,    0.633142,    0.123167,    0.001300,    0.001300,    0.000000
2020-08-23 24:00:00,1085841.623902,    0.000000,    0.000000,    0.000000,20917.440000,13367.191702,    0.000000, -184.758905, 3215.462369,    0.000000,    0.000000,   12.951401,149806.950231,    0.000000,    0.000000,    0.000000,    0.000000,    0.067627,   13.303857,   12.618028,   13.303857,  137.303354,  -35.230731,    3.525380,  -55.535344,  348.389943,    0.000000,    0.124213,    2.505164,    1.266699,    0.186680,    0.195782,    0.001300,    0.001300,    0.000000
2020-08-24 24:00:00,1086356.987177,    0.000000,    0.000000,    0.000000,12584.160000,13369.686156,    0.000000, -347.588296, 1647.345328,    0.000000,    0.000000,   12.954836,149880.166763,    0.000000,    0.000000,    0.000000,    0.000000,    0.067899,   13.136182,   12.810382,   13.136182,  132.908174,  -66.258547,   -8.744042,  -68.184178,  269.149654,    0.000000,    0.162374,    3.161735,    1.423043,    0.025771,    0.178943,    0.001300,    0.001300,    0.000000
2020-08-25 24:00:00,1083674.888529,    0.000000,    0.000000,    0.000000,10221.984000,13143.123272,    0.000000, -546.620445,  785.454472,    0.000000,    0.000000,   12.936959,149499.126880,    0.000000,    0.000000,    0.000000,    0.000000,    0.068175,   12.997711,   12.867801,   12.997711,  145.742365, -104.480792,  -13.832400,  -79.439553,  350.335604,    0.000000,    0.165007,    3.205891,    1.432946,    0.007842,    0.194117,    0.001300,    0.001300,    0.000000
2020-08-26 24:00:00,1080530.567308,    0.000000,    0.000000,    0.000000, 9218.880000,12864.233114,    0.000000, -568.277972, 1067.663867,    0.000000,    0.000000,   12.916000,149052.420047,    0.000000,    0.000000,    0.000000,    0.000000,    0.068454,   12.833850,   12.686529,   12.833850,  144.647579, -108.965694,  -16.279601,  -82.365348,  315.595023,    0.000000,    0.130750,    2.620287,    1.295477,    0.011269,    0.242176,    0.001300,    0.001300,    0.000000
2020-08-27 24:00:00,1082232.582268,    0.000000,    0.000000,    0.000000,15329.952000,14350.790985,    0.000000, -350.656882, 1069.056538,    0.000000,    0.000000,   12.927345,149294.221587,    0.000000,    0.000000,    0.000000,    0.000000,    0.068737,   12.880007,   12.601914,   12.880007,  140.922685,  -67.136902,  -12.695976,  -77.860139,  324.894580,    0.000000,    0.103657,    2.140251,    1.170814,    0.032030,    0.244998,    0.001300,    0.001300,    0.000000
2020-08-28 24:00:00,1099845.061689,    0.000000,    0.000000,    0.000000,35474.112000,17669.114422,    0.000000, -216.939924,   25.377754,    0.000000,    0.000000,   13.043848,151666.497482,    0.000000,    0.000000,    0.000000,    0.000000,    0.069023,   13.120579,   12.603207,   13.120579,  145.696170,  -40.883476,   -4.719443,  -77.351047,  121.618295,    0.000000,    0.065028,    1.419963,    0.953661,    0.137398,    0.158618,    0.001300,    0.001300,    0.000000
2020-08-29 24:00:00,1158330.988932,    0.000000,    0.000000,    0.000000,94419.648000,35820.575185,    0.000000, -121.192499,    9.099581,    0.000000,    0.000000,   13.411369,156652.760822,    0.000000,    0.000000,    0.000000,    0.000000,    0.069313,   13.460344,   12.612818,   13.460344,  156.422433,  -22.104102,   -1.535040,  -65.968579,  486.629937,    0.000000,    0.054222,    1.208736,    0.879875,    0.689548,    0.128174,    0.001300,    0.001300,    0.000000
2020-08-30 24:00:00,1161035.716852,    0.000000,    0.000000,    0.000000,54384.480000,51409.473132,    0.000000, -282.849926,   21.929931,    0.000000,    0.000000,   13.428038,156863.474420,    0.000000,    0.000000,    0.000000,    0.000000,    0.069605,   13.473232,   12.631306,   13.473232,  149.630978,  -51.503447,    0.179636,  -54.803225,    3.867353,    0.000000,    0.103494,    2.144528,    1.171983,    0.301843,    0.162883,    0.001300,    0.001300,    0.000000
2020-08-31 24:00:00,1140101.749583,    0.000000,    0.000000,    0.000000,36494.496000,57638.587106,    0.000000, -248.644945,  451.788909,    0.000000,    0.000000,   13.298353,155224.909737,    0.000000,    0.000000,    0.000000,    0.000000,    0.069901,   13.544442,   12.640624,   13.544442,  128.383474,  -45.752796,   -0.689059,  -57.174641,  224.311203,    0.000000,    0.086267,    1.828377,    1.082152,    0.413048,    0.180921,    0.001300,    0.001300,    0.000000
2020-09-01 24:00:00,1111115.088001,    0.000000,    0.000000,    0.000000,27287.712000,56555.838881,    0.000000, -247.323620,  520.038522,    0.000000,    0.000000,   13.116808,152933.450814,    0.000000,    0.000000,    0.000000,    0.000000,    0.070199,   13.616885,   12.664292,   13.616885,  135.628989,  -46.189839,   -7.298017,  -62.737976,  419.788345,    0.000000,    0.077556,    1.663564,    1.032227,    0.480132,    0.196805,    0.001300,    0.001300,    0.000000
2020-09-02 24:00:00,1087975.133703,    0.000000,    0.000000,    0.000000,28931.040000,51752.911601,    0.000000, -529.006728,  223.264605,    0.000000,    0.000000,   12.965622,150110.053298,    0.000000,    0.000000,    0.000000,    0.000000,    0.070501,   13.401959,   12.693873,   13.401959,  160.603053, -100.670601,  -31.619629, -102.081397,  173.017197,    0.000000,    0.103414,    2.139349,    1.170567,    0.072314,    0.158667,    0.001300,    0.001300,    0.000000
2020-09-03 24:00:00,1077878.347457,    0.000000,    0.000000,    0.000000,25612.416000,35281.508029,    0.000000, -435.354575,    7.504027,    0.000000,    0.000000,   12.898302,148689.634074,    0.000000,    0.000000,    0.000000,    0.000000,    0.070805,   13.487086,   12.889109,   13.487086,  186.267176,  -83.652165,  -27.930477,  -88.718758,  579.839553,    0.000000,    0.079783,    1.701884,    1.044048,    0.097945,    0.129341,    0.001300,    0.001300,    0.000000
2020-09-04 24:00:00,1071853.273906,    0.000000,    0.000000,    0.000000,23321.952000,29040.651204,    0.000000, -314.705722,    7.433836,    0.000000,    0.000000,   12.857658,148168.942641,    0.000000,    0.000000,    0.000000,    0.000000,    0.071112,   13.570097,   12.957152,   13.570097,  180.483120,  -60.668810,  -11.385963,  -73.672535,   55.481337,    0.000000,    0.062951,    1.379289,    0.939903,    0.271548,    0.158590,    0.001300,    0.001300,    0.000000
2020-09-05 24:00:00,1064611.448355,    0.000000,    0.000000,    0.000000,16747.776000,24602.933465,    0.000000, -280.478487,  893.610471,    0.000000,    0.000000,   12.808807,147543.098575,    0.000000,    0.000000,    0.000000,    0.000000,    0.071422,   13.585690,   12.963051,   13.585690,  145.448716,  -54.294672,   -4.707442,  -59.976570,  147.785069,    0.000000,    0.078369,    1.673996,    1.035458,    0.248618,    0.144007,    0.001300,    0.001300,    0.000000
2020-09-06 24:00:00,1057567.966664,    0.000000,    0.000000,    0.000000,14081.472000,21950.394319,    0.000000, -165.555593,  987.291249,    0.000000,    0.000000,   12.760960,147070.390458,    0.000000,    0.000000,    0.000000,    0.000000,    0.071734,   13.882944,   12.968549,   13.882944,  139.355752,  -32.147463,    1.956340,  -47.689938,  443.545940,    0.000000,    0.077527,    1.657676,    1.030398,    0.403389,    0.170381,    0.001300,    0.001300,    0.000000
2020-09-07 24:00:00,1051815.029110,    0.000000,    0.000000,    0.000000,12898.656000,18288.885410,    0.000000, -392.329031,   29.411848,    0.000000,    0.000000,   12.721818,146709.569420,    0.000000,    0.000000,    0.000000,    0.000000,    0.072049,   13.660681,   12.972445,   13.660681,  164.426482,  -76.368863,  -20.425779, -100.072605,  528.480794,    0.000000,    0.082715,    1.754466,    1.060054,    0.230558,    0.133243,    0.001300,    0.001300,    0.000000
2020-09-08 24:00:00,1055057.587573,    0.000000,    0.000000,    0.000000,20818.080000,17473.985613,    0.000000, -123.356567,   22.005972,    0.000000,    0.000000,   12.743880,146912.940880,    0.000000,    0.000000,    0.000000,    0.000000,    0.072366,   14.281286,   12.980446,   14.281286,  184.707175,  -23.972136,   -7.614794,  -68.851719,  570.494346,    0.000000,    0.020827,    0.501566,    0.566787,    4.330698,    0.129156,    0.001300,    0.001300,    0.000000
2020-09-09 24:00:00,1068786.935217,    0.000000,    0.000000,    0.000000,33406.560000,19737.905038,    0.000000, -375.668196,  436.336091,    0.000000,    0.000000,   12.836974,147903.947322,    0.000000,    0.000000,    0.000000,    0.000000,    0.072686,   14.165525,   12.995785,   14.165525,  168.948133,  -72.490290,  -19.035509,  -57.329195,  111.856875,    0.000000,    0.065391,    1.425562,    0.955539,    0.740761,    0.145341,    0.001300,    0.001300,    0.000000
2020-09-10 24:00:00,1067375.449084,    0.000000,    0.000000,    0.000000,18607.104000,20106.474305,    0.000000, -353.078261,  440.763784,    0.000000,    0.000000,   12.827452,147781.965618,    0.000000,    0.000000,    0.000000,    0.000000,    0.073007,   14.171872,   13.021206,   14.171872,  164.864325,  -68.199883,  -15.150722,  -66.889619,  543.635206,    0.000000,    0.079524,    1.695480,    1.042082,    0.516015,    0.136421,    0.001300,    0.001300,    0.000000
2020-09-11 24:00:00,1060553.609150,    0.000000,    0.000000,    0.000000,13825.728000,20090.595248,    0.000000, -643.810116,   88.655000,    0.000000,    0.000000,   12.781274,147257.648292,    0.000000,    0.000000,    0.000000,    0.000000,    0.073331,   13.835476,   13.074780,   13.835476,  197.439049, -124.827227,  -41.737194, -101.611722,  503.235395,    0.000000,    0.109305,    2.240157,    1.197828,    0.095829,    0.126589,    0.001300,    0.001300,    0.000000
2020-09-12 24:00:00,1052219.971027,    0.000000,    0.000000,    0.000000,12002.688000,19849.173488,    0.000000, -499.821093,   11.779422,    0.000000,    0.000000,   12.724573,146734.967152,    0.000000,    0.000000,    0.000000,    0.000000,    0.073656,   13.910724,   13.163254,   13.910724,  203.972809,  -97.263447,  -21.234088,  -70.042841,  455.227217,    0.000000,    0.093092,    1.946396,    1.116532,    0.127502,    0.130224,    0.001300,    0.001300,    0.000000
2020-09-13 24:00:00,1045353.213110,    0.000000,    0.000000,    0.000000,11071.296000,17652.921563,    0.000000, -547.290253,  262.639769,    0.000000,    0.000000,   12.677734,146336.111277,    0.000000,    0.000000,    0.000000,    0.000000,    0.073984,   13.890687,   13.334263,   13.890687,  187.027517, -106.789522,   -8.609795,  -57.536956,  539.838028,    0.000000,    0.121090,    2.447703,    1.252088,    0.051306,    0.245302,    0.001300,    0.001300,    0.000000
2020-09-14 24:00:00,1042924.199258,    0.000000,    0.000000,    0.000000,10412.064000,12796.485729,    0.000000, -378.279306,  333.643323,    0.000000,    0.000000,   12.661118,146207.511758,    0.000000,    0.000000,    0.000000,    0.000000,    0.074313,   13.935407,   13.559908,   13.935407,  164.995880,  -73.873274,   -0.552756,  -63.406211,  360.755195,    0.000000,    0.136705,    2.718945,    1.319640,    0.027988,    0.240771,    0.001300,    0.001300,    0.000000
2020-09-15 24:00:00,1041401.940145,    0.000000,    0.000000,    0.000000,10054.368000,11345.490643,    0.000000, -389.050585,  157.897586,    0.000000,    0.000000,   12.650706,146126.918644,    0.000000,    0.000000,    0.000000,    0.000000,    0.074644,   13.984706,   13.585872,   13.984706,  160.384661,  -76.020516,   -0.350246,  -75.980258,  427.028293,    0.000000,    0.154103,    3.015923,    1.389842,    0.019810,    0.199332,    0.001300,    0.001300,    0.000000
2020-09-16 24:00:00,1040722.840054,    0.000000,    0.000000,    0.000000,10083.744000,10742.559889,    0.000000, -368.055747,  347.780534,    0.000000,    0.000000,   12.646060,146090.964981,    0.000000,    0.000000,    0.000000,    0.000000,    0.074976,   14.127277,   13.589831,   14.127277,  174.489606,  -71.928403,   -7.932109,  -69.952672,  169.884619,    0.000000,    0.088328,    1.857687,    1.090791,    0.101123,    0.242306,    0.001300,    0.001300,    0.000000
2020-09-17 24:00:00,1041983.238038,    0.000000,    0.000000,    0.000000,11645.856000,10939.647425,    0.000000, -267.246409,  821.109157,    0.000000,    0.000000,   12.654682,146157.694356,    0.000000,    0.000000,    0.000000,    0.000000,    0.075310,   14.151393,   13.612750,   14.151393,  149.439744,  -52.193098,   -1.857657,  -56.258742,  365.762190,    0.000000,    0.120507,    2.436600,    1.249245,    0.066256,    0.133856,    0.001300,    0.001300,    0.000000
2020-09-18 24:00:00,1045043.679748,    0.000000,    0.000000,    0.000000,15542.496000,11924.863675,    0.000000, -710.459488,  153.450426,    0.000000,    0.000000,   12.675616,146319.723622,    0.000000,    0.000000,    0.000000,    0.000000,    0.075646,   13.951032,   13.566349,   13.951032,  132.722367, -138.634250,  -18.632983,  -67.041172,  449.679039,    0.000000,    0.152681,    2.991704,    1.384251,    0.007270,    0.140550,    0.001300,    0.001300,    0.000000
2020-09-19 24:00:00,1043783.591911,    0.000000,    0.000000,    0.000000,10933.056000,12074.817642,    0.000000, -193.049287,   74.621491,    0.000000,    0.000000,   12.666997,146253.010668,    0.000000,    0.000000,    0.000000,    0.000000,    0.075982,   14.193641,   13.572891,   14.193641,  157.520043,  -37.687413,   -9.870175,  -77.995631,  106.073447,    0.000000,    0.045615,    1.032874,    0.813353,    0.293595,    0.143635,    0.001300,    0.001300,    0.000000
2020-09-20 24:00:00,1044020.385476,    0.000000,    0.000000,    0.000000,13216.608000,12746.339668,    0.000000, -236.488971,    2.924939,    0.000000,    0.000000,   12.668617,146265.547253,    0.000000,    0.000000,    0.000000,    0.000000,    0.076320,   14.390061,   13.583428,   14.390061,  180.461469,  -46.152900,   -9.037452,  -86.189118,  595.032366,    0.000000,    0.061929,    1.357898,    0.932586,    0.300777,    0.128038,    0.001300,    0.001300,    0.000000
2020-09-21 24:00:00,1046313.765125,    0.000000,    0.000000,    0.000000,16738.272000,14260.861135,    0.000000, -210.445872,   26.326934,    0.000000,    0.000000,   12.684304,146386.965877,    0.000000,    0.000000,    0.000000,    0.000000,    0.076659,   14.798475,   13.585459,   14.798475,  203.067060,  -41.021757,   -7.756281,  -87.877207,  187.265152,    0.000000,    0.052905,    1.179965,    0.869341,    0.715903,    0.240371,    0.001300,    0.001300,    0.000000
2020-09-22 24:00:00,1045110.859145,    0.000000,    0.000000,    0.000000,12715.488000,14312.688860,    0.000000, -222.944747,  617.794623,    0.000000,    0.000000,   12.676076,146323.280308,    0.000000,    0.000000,    0.000000,    0.000000,    0.076999,   15.267548,   13.587940,   15.267548,  208.638932,  -43.448880,   -8.541292,  -55.709569,  511.505746,    0.000000,    0.059124,    1.303136,    0.913588,    1.167811,    0.129048,    0.001300,    0.001300,    0.000000
2020-09-23 24:00:00,1042502.322932,    0.000000,    0.000000,    0.000000,10109.664000,13115.352482,    0.000000, -256.570209,  654.108677,    0.000000,    0.000000,   12.658233,146185.176318,    0.000000,    0.000000,    0.000000,    0.000000,    0.077340,   15.131259,   13.590543,   15.131259,  162.287140,  -50.033594,   -1.473680,  -42.368398,  185.778744,    0.000000,    0.119884,    2.425967,    1.246516,    0.498487,    0.147823,    0.001300,    0.001300,    0.000000
2020-09-24 24:00:00,1038896.228880,    0.000000,    0.000000,    0.000000, 8931.168000,12722.044743,    0.000000, -176.307667,  361.088675,    0.000000,    0.000000,   12.633566,145994.258526,    0.000000,    0.000000,    0.000000,    0.000000,    0.077681,   15.375533,   13.594447,   15.375533,  146.401976,  -34.430515,    1.615269,  -42.217468,  229.522129,    0.000000,    0.115224,    2.343490,    1.225144,    0.615115,    0.164444,    0.001300,    0.001300,    0.000000
2020-09-25 24:00:00,1038233.132165,    0.000000,    0.000000,    0.000000, 9244.800000,11971.378361,    0.000000, -140.941167, 2202.381952,    0.000000,    0.000000,   12.629030,145959.152131,    0.000000,    0.000000,    0.000000,    0.000000,    0.078024,   15.989777,   13.599394,   15.989777,  184.502160,  -27.516703,   -9.679823,  -59.113991,  496.414498,    0.000000,    0.050539,    1.132484,    0.851670,    2.921009,    0.167569,    0.001300,    0.001300,    0.000000
2020-09-26 24:00:00,1038783.209078,    0.000000,    0.000000,    0.000000, 8590.752000,10033.063996,    0.000000, -211.907309, 2201.822636,    0.000000,    0.000000,   12.632793,145988.274908,    0.000000,    0.000000,    0.000000,    0.000000,    0.078366,   16.171922,   13.607094,   16.171922,  189.333085,  -41.342656,    5.852880,  -48.869973,  181.816675,    0.000000,    0.114937,    2.338232,    1.223768,    0.957977,    0.147933,    0.001300,    0.001300,    0.000000
2020-09-27 24:00:00,1037622.946407,    0.000000,    0.000000,    0.000000, 7733.664000, 8959.821070,    0.000000, -613.046723,  678.850397,    0.000000,    0.000000,   12.624856,145926.847007,    0.000000,    0.000000,    0.000000,    0.000000,    0.078710,   15.626247,   13.625982,   15.626247,  196.338394, -119.683565,  -27.607091,  -86.475370,  516.831113,    0.000000,    0.155052,    3.031586,    1.393447,    0.420859,    0.150293,    0.001300,    0.001300,    0.000000
2020-09-28 24:00:00,1036252.401455,    0.000000,    0.000000,    0.000000, 7213.536000, 8364.025335,    0.000000, -898.180215,  678.530900,    0.000000,    0.000000,   12.615481,145854.286111,    0.000000,    0.000000,    0.000000,    0.000000,    0.079054,   15.129879,   13.685559,   15.129879,  204.003052, -175.534624,  -42.029704,  -82.646042,  623.729461,    0.000000,    0.183135,    3.500180,    1.497272,    0.086850,    0.144712,    0.001300,    0.001300,    0.000000
2020-09-29 24:00:00,1034392.044489,    0.000000,    0.000000,    0.000000, 6816.096000, 7968.332831,    0.000000, -871.195827,  164.794616,    0.000000,    0.000000,   12.602755,145755.793049,    0.000000,    0.000000,    0.000000,    0.000000,    0.079398,   14.804402,   13.925819,   14.804402,  188.246436, -170.459945,  -42.934975,  -77.285656,  571.961785,    0.000000,    0.143181,    2.829319,    1.346159,    0.026597,    0.185802,    0.001300,    0.001300,    0.000000
2020-09-30 24:00:00,1035967.542097,    0.000000,    0.000000,    0.000000,10282.464000, 8391.696016,    0.000000, -343.463696,   29.149538,    0.000000,    0.000000,   12.613532,145839.204774,    0.000000,    0.000000,    0.000000,    0.000000,    0.079742,   15.161662,   14.468858,   15.161662,  194.695270,  -67.172893,  -18.682384,  -87.002182,  532.160826,    0.000000,    0.058668,    1.293754,    0.910293,    0.255960,    0.236596,    0.001300,    0.001300,    0.000000
2020-10-01 24:00:00,1036599.409121,    0.000000,    0.000000,    0.000000, 9091.008000, 8418.503240,    0.000000,  -72.623996,   32.084391,    0.000000,    0.000000,   12.617855,145872.657772,    0.000000,    0.000000,    0.000000,    0.000000,    0.080086,   15.884987,   14.471818,   15.884987,  210.937271,  -14.189676,   -4.470241,  -90.297443,  678.814020,    0.000000,    0.010100,    0.250051,    0.400193,   13.733182,    0.120747,    0.001300,    0.001300,    0.000000
2020-10-02 24:00:00,1035458.255328,    0.000000,    0.000000,    0.000000, 7337.088000, 8284.741761,    0.000000, -219.328083,   26.256165,    0.000000,    0.000000,   12.610049,145812.241554,    0.000000,    0.000000,    0.000000,    0.000000,    0.080430,   16.018195,   14.492969,   16.018195,  215.593184,  -42.850112,  -12.838540,  -98.352108,  705.461611,    0.000000,    0.035297,    0.818312,    0.723961,    2.690964,    0.121557,    0.001300,    0.001300,    0.000000
2020-10-03 24:00:00,1033833.637646,    0.000000,    0.000000,    0.000000, 6591.456000, 8071.703231,    0.000000, -151.283025,    7.290425,    0.000000,    0.000000,   12.598929,145726.843845,    0.000000,    0.000000,    0.000000,    0.000000,    0.080774,   16.655838,   14.501241,   16.655838,  228.798428,  -29.560660,   -9.188168,  -91.401810,  768.605542,    0.000000,    0.028421,    0.670487,    0.655316,    5.363956,    0.125858,    0.001300,    0.001300,    0.000000
2020-10-04 24:00:00,1031847.253375,    0.000000,    0.000000,    0.000000, 6143.904000, 7860.754040,    0.000000, -277.525269,    7.286014,    0.000000,    0.000000,   12.585262,145629.524542,    0.000000,    0.000000,    0.000000,    0.000000,    0.081118,   16.903373,   14.505404,   16.903373,  237.831176,  -54.234286,  -14.828540,  -80.965296,  118.440912,    0.000000,    0.065980,    1.436067,    0.959053,    1.782309,    0.249169,    0.001300,    0.001300,    0.000000
2020-10-05 24:00:00,1030963.457595,    0.000000,    0.000000,    0.000000, 5804.352000, 6489.285209,    0.000000, -221.095561,   21.843711,    0.000000,    0.000000,   12.579181,145586.224567,    0.000000,    0.000000,    0.000000,    0.000000,    0.081462,   17.429534,   14.508024,   17.429534,  222.661622,  -43.196880,  -16.888534,  -70.769679,  248.310614,    0.000000,    0.042061,    0.959636,    0.783987,    4.774311,    0.126458,    0.001300,    0.001300,    0.000000
2020-10-06 24:00:00,1030397.254318,    0.000000,    0.000000,    0.000000, 5496.768000, 5743.296201,    0.000000, -403.179092,   82.979719,    0.000000,    0.000000,   12.575286,145558.484462,    0.000000,    0.000000,    0.000000,    0.000000,    0.081805,   17.212757,   14.512363,   17.212757,  181.082247,  -78.770363,  -25.751896,  -56.403097,  501.891896,    0.000000,    0.066969,    1.455017,    0.965361,    2.359166,    0.170660,    0.001300,    0.001300,    0.000000
2020-10-07 24:00:00,1030241.509325,    0.000000,    0.000000,    0.000000, 5215.968000, 5323.410904,    0.000000, -556.367984,  507.993771,    0.000000,    0.000000,   12.574214,145550.854017,    0.000000,    0.000000,    0.000000,    0.000000,    0.082148,   16.606721,   14.517785,   16.606721,  154.387993, -108.765106,  -30.319693,  -64.910735,  393.177867,    0.000000,    0.090188,    1.891339,    1.100627,    1.253813,    0.144305,    0.001300,    0.001300,    0.000000
2020-10-08 24:00:00,1030071.751592,    0.000000,    0.000000,    0.000000, 4947.264000, 4981.120987,    0.000000, -644.054281,  507.959677,    0.000000,    0.000000,   12.573046,145542.537045,    0.000000,    0.000000,    0.000000,    0.000000,    0.082490,   16.150657,   14.522934,   16.150657,  176.330966, -126.003008,  -35.869914,  -59.507565,    0.000000,    0.000000,    0.127686,    2.561340,    1.280823,    0.506198,    0.176362,    0.001300,    0.001300,    0.000000
2020-10-09 24:00:00,1029277.273140,    0.000000,    0.000000,    0.000000, 4695.840000, 4628.515011,    0.000000, -868.703242,    5.820872,    0.000000,    0.000000,   12.567580,145503.613010,    0.000000,    0.000000,    0.000000,    0.000000,    0.082831,   15.713103,   14.534827,   15.713103,  211.215951, -170.087829,  -30.660029,  -86.973030,  332.641988,    0.000000,    0.144390,    2.849404,    1.350929,    0.196137,    0.219234,    0.001300,    0.001300,    0.000000
2020-10-10 24:00:00,1029042.143421,    0.000000,    0.000000,    0.000000, 4459.104000, 4264.725577,    0.000000, -704.943029,  274.982206,    0.000000,    0.000000,   12.565962,145492.093255,    0.000000,    0.000000,    0.000000,    0.000000,    0.083171,   15.673355,   14.568242,   15.673355,  215.112155, -138.068448,  -13.821269,  -70.629002,  537.072885,    0.000000,    0.133339,    2.659353,    1.305099,    0.158941,    0.153191,    0.001300,    0.001300,    0.000000
2020-10-11 24:00:00,1032007.387179,    0.000000,    0.000000,    0.000000, 4296.672000, 4245.036412,    0.000000, -418.220650, 3336.241990,    0.000000,    0.000000,   12.586364,145637.370008,    0.000000,    0.000000,    0.000000,    0.000000,    0.083511,   15.888479,   14.627422,   15.888479,  193.076107,  -81.820730,   -5.915316,  -42.289439,  598.673890,    0.000000,    0.126407,    2.539181,    1.275270,    0.207769,    0.168251,    0.001300,    0.001300,    0.000000
2020-10-12 24:00:00,1035423.230264,    0.000000,    0.000000,    0.000000, 4015.872000, 3959.511127,    0.000000, -189.514267, 3549.666650,    0.000000,    0.000000,   12.609809,145810.387219,    0.000000,    0.000000,    0.000000,    0.000000,    0.083849,   16.365203,   14.717018,   16.365203,  168.480140,  -37.016378,   -4.627270,  -29.268112,  520.634330,    0.000000,    0.090423,    1.895936,    1.101964,    0.628143,    0.128248,    0.001300,    0.001300,    0.000000
2020-10-13 24:00:00,1035383.647882,    0.000000,    0.000000,    0.000000, 3815.424000, 3732.261419,    0.000000, -325.094424,  202.671807,    0.000000,    0.000000,   12.609538,145808.291605,    0.000000,    0.000000,    0.000000,    0.000000,    0.084186,   16.352874,   14.757504,   16.352874,  171.047066,  -63.489371,  -19.980748,  -75.320578,  256.185528,    0.000000,    0.070740,    1.527486,    0.989109,    0.930042,    0.162380,    0.001300,    0.001300,    0.000000
2020-10-14 24:00:00,1035532.347290,    0.000000,    0.000000,    0.000000, 3622.752000, 3476.248696,    0.000000, -423.569370,  425.759721,    0.000000,    0.000000,   12.610555,145816.164212,    0.000000,    0.000000,    0.000000,    0.000000,    0.084522,   16.450981,   14.834224,   16.450981,  199.728166,  -82.713817,  -21.560911,  -72.527061,  716.352653,    0.000000,    0.069517,    1.504126,    0.981516,    0.957756,    0.128667,    0.001300,    0.001300,    0.000000
2020-10-15 24:00:00,1035457.258679,    0.000000,    0.000000,    0.000000, 3439.584000, 3264.183627,    0.000000, -675.598769,  425.763256,    0.000000,    0.000000,   12.610042,145812.188788,    0.000000,    0.000000,    0.000000,    0.000000,    0.084857,   15.995249,   14.943291,   15.995249,  213.970241, -131.957321,  -56.295265,  -88.013196,  561.525075,    0.000000,    0.108188,    2.217797,    1.191835,    0.243363,    0.125544,    0.001300,    0.001300,    0.000000
2020-10-16 24:00:00,1035535.443617,    0.000000,    0.000000,    0.000000, 3263.328000, 2780.389240,    0.000000, -405.134075,    1.458017,    0.000000,    0.000000,   12.610577,145816.328141,    0.000000,    0.000000,    0.000000,    0.000000,    0.085190,   16.215944,   14.971572,   16.215944,  227.818854,  -79.141724,  -27.233446, -106.469430,  815.387879,    0.000000,    0.057132,    1.263567,    0.899610,    0.734896,    0.129160,    0.001300,    0.001300,    0.000000
2020-10-17 24:00:00,1036094.554372,    0.000000,    0.000000,    0.000000, 3098.304000, 2461.519206,    0.000000, -140.173973,   62.700154,    0.000000,    0.000000,   12.614401,145845.929197,    0.000000,    0.000000,    0.000000,    0.000000,    0.085522,   17.263938,   14.976846,   17.263938,  237.153368,  -27.353054,   -7.964707,  -67.369926,  787.011878,    0.000000,    0.015172,    0.370909,    0.487404,   13.190424,    0.129323,    0.001300,    0.001300,    0.000000
2020-10-18 24:00:00,1036540.380955,    0.000000,    0.000000,    0.000000, 2942.784000, 2229.819738,    0.000000, -335.038658,   68.544268,    0.000000,    0.000000,   12.617451,145869.532638,    0.000000,    0.000000,    0.000000,    0.000000,    0.085852,   17.469140,   15.045217,   17.469140,  222.966165,  -65.321573,  -14.221427,  -56.566060,  562.512477,    0.000000,    0.064709,    1.411597,    0.950847,    1.688856,    0.235641,    0.001300,    0.001300,    0.000000
2020-10-19 24:00:00,1036944.319677,    0.000000,    0.000000,    0.000000, 2799.360000, 2071.795655,    0.000000, -387.074137,   64.178744,    0.000000,    0.000000,   12.620214,145890.918405,    0.000000,    0.000000,    0.000000,    0.000000,    0.086180,   17.355051,   15.121096,   17.355051,  229.956645,  -75.459591,  -14.510381,  -72.870028,    0.000000,    0.000000,    0.119057,    2.410678,    1.242582,    0.718369,    0.141673,    0.001300,    0.001300,    0.000000
2020-10-20 24:00:00,1037573.633137,    0.000000,    0.000000,    0.000000, 2649.888000, 1935.701677,    0.000000, -271.434681,  186.737394,    0.000000,    0.000000,   12.624519,145924.236209,    0.000000,    0.000000,    0.000000,    0.000000,    0.086507,   18.064907,   15.147252,   18.064907,  242.851298,  -52.881918,  -11.102686,  -61.288817,  816.419479,    0.000000,    0.077206,    1.650170,    1.028063,    1.889549,    0.141987,    0.001300,    0.001300,    0.000000
2020-10-21 24:00:00,1039359.464505,    0.000000,    0.000000,    0.000000, 4181.760000, 2532.359513,    0.000000,  -52.061741,  188.246717,    0.000000,    0.000000,   12.636734,146018.783655,    0.000000,    0.000000,    0.000000,    0.000000,    0.086831,   19.599263,   15.167863,   19.599263,  242.076493,  -10.123896,   -3.024224,  -67.725975,  367.388766,    0.000000,    0.007749,    0.192899,    0.351496,  100.410079,    0.113638,    0.001300,    0.001300,    0.000000
2020-10-22 24:00:00,1039588.852471,    0.000000,    0.000000,    0.000000, 3112.128000, 2727.725009,    0.000000, -201.552730,   46.724691,    0.000000,    0.000000,   12.638303,146030.928165,    0.000000,    0.000000,    0.000000,    0.000000,    0.087154,   19.826053,   15.174033,   19.826053,  224.225776,  -39.145646,  -11.782803,  -84.316237,  697.011665,    0.000000,    0.029859,    0.701830,    0.670458,   13.758707,    0.113766,    0.001300,    0.001300,    0.000000
2020-10-23 24:00:00,1039415.461492,    0.000000,    0.000000,    0.000000, 2834.784000, 2775.732710,    0.000000, -277.445759,   45.267684,    0.000000,    0.000000,   12.637117,146021.748309,    0.000000,    0.000000,    0.000000,    0.000000,    0.087474,   19.955835,   15.201803,   19.955835,  210.779167,  -53.883608,  -15.766255,  -77.941807,    0.000000,    0.000000,    0.045243,    1.025149,    0.810306,    7.629349,    0.131873,    0.001300,    0.001300,    0.000000
2020-10-24 24:00:00,1039081.821314,    0.000000,    0.000000,    0.000000, 2674.944000, 2746.407509,    0.000000, -296.904426,   35.043563,    0.000000,    0.000000,   12.634835,146004.084364,    0.000000,    0.000000,    0.000000,    0.000000,    0.087793,   20.324043,   15.231818,   20.324043,  233.288774,  -57.655825,  -16.010952,  -80.540100,  857.761871,    0.000000,    0.050311,    1.127850,    0.849926,    6.999825,    0.138389,    0.001300,    0.001300,    0.000000
2020-10-25 24:00:00,1038520.010899,    0.000000,    0.000000,    0.000000, 2536.704000, 2740.474693,    0.000000, -383.838266,   26.279039,    0.000000,    0.000000,   12.630992,145974.340380,    0.000000,    0.000000,    0.000000,    0.000000,    0.088109,   20.503720,   15.239357,   20.503720,  259.357074,  -74.528055,  -19.334232,  -92.561333,    0.000000,    0.000000,    0.054444,    1.210466,    0.880505,    6.830270,    0.139354,    0.001300,    0.001300,    0.000000
2020-10-26 24:00:00,1038742.533636,    0.000000,    0.000000,    0.000000, 2411.424000, 2095.005254,    0.000000, -159.442545,   65.687347,    0.000000,    0.000000,   12.632514,145986.121424,    0.000000,    0.000000,    0.000000,    0.000000,    0.088422,   21.525670,   15.245449,   21.525670,  263.028557,  -30.931806,   -9.419447,  -90.979395,  888.539867,    0.000000,    0.017740,    0.430742,    0.525248,   49.668597,    0.176151,    0.001300,    0.001300,    0.000000
2020-10-27 24:00:00,1039990.816038,    0.000000,    0.000000,    0.000000, 3725.568000, 2499.738636,    0.000000, -107.506474,  129.928103,    0.000000,    0.000000,   12.641053,146052.209362,    0.000000,    0.000000,    0.000000,    0.000000,    0.088733,   22.440410,   15.276691,   22.440410,  239.824248,  -20.822221,   -6.919846,  -82.097625,    0.000000,    0.000000,    0.011019,    0.272198,    0.417539,  120.185747,    0.176355,    0.001300,    0.001300,    0.000000
2020-10-28 24:00:00,1039888.630707,    0.000000,    0.000000,    0.000000, 2706.048000, 2465.985302,    0.000000, -581.412458,  239.510112,    0.000000,    0.000000,   12.640354,146046.799354,    0.000000,    0.000000,    0.000000,    0.000000,    0.089041,   21.517462,   15.288839,   21.517462,  210.905908, -112.619666,  -38.595360,  -77.743793,    0.000000,    0.000000,    0.073806,    1.586027,    1.007885,    5.225094,    0.145025,    0.001300,    0.001300,    0.000000
2020-10-29 24:00:00,1039806.301466,    0.000000,    0.000000,    0.000000, 2558.304000, 2478.604111,    0.000000, -404.294923,  242.430383,    0.000000,    0.000000,   12.639791,146042.440588,    0.000000,    0.000000,    0.000000,    0.000000,    0.089347,   21.332300,   15.321922,   21.332300,  176.247626,  -78.358356,  -24.370563,  -63.827563,  423.517324,    0.000000,    0.056031,    1.241964,    0.891887,    8.489216,    0.179731,    0.001300,    0.001300,    0.000000
2020-10-30 24:00:00,1039603.910502,    0.000000,    0.000000,    0.000000, 2427.840000, 2480.031859,    0.000000, -627.586621,  477.544249,    0.000000,    0.000000,   12.638406,146031.725384,    0.000000,    0.000000,    0.000000,    0.000000,    0.089650,   20.554650,   15.338684,   20.554650,  159.371183, -121.723989,  -31.673120,  -72.533789,  576.965672,    0.000000,    0.090252,    1.893041,    1.101122,    3.513796,    0.174902,    0.001300,    0.001300,    0.000000
2020-10-31 24:00:00,1039600.558775,    0.000000,    0.000000,    0.000000, 2302.560000, 2365.488775,    0.000000, -419.475336,  478.988008,    0.000000,    0.000000,   12.638383,146031.547933,    0.000000,    0.000000,    0.000000,    0.000000,    0.089950,   20.577706,   15.377092,   20.577706,  193.702920,  -81.404830,  -24.989418,  -67.243323,  795.187152,    0.000000,    0.083425,    1.766744,    1.063757,    3.981752,    0.190699,    0.001300,    0.001300,    0.000000
2020-11-01 24:00:00,1040868.434745,    0.000000,    0.000000,    0.000000, 3342.816000, 2248.414443,    0.000000, -175.735563,  349.025757,    0.000000,    0.000000,   12.647056,146098.673215,    0.000000,    0.000000,    0.000000,    0.000000,    0.090247,   21.539690,   15.381746,   21.539690,  240.057796,  -34.070394,  -11.061024,  -82.300503,  910.269674,    0.000000,    0.020595,    0.496214,    0.563755,   44.062023,    0.191123,    0.001300,    0.001300,    0.000000
2020-11-02 24:00:00,1041496.592476,    0.000000,    0.000000,    0.000000, 2954.016000, 2313.030123,    0.000000, -372.220898,  359.400892,    0.000000,    0.000000,   12.651353,146131.929832,    0.000000,    0.000000,    0.000000,    0.000000,    0.090542,   21.542550,   15.420431,   21.542550,  226.920910,  -72.089727,  -19.353250,  -70.834801,  704.233126,    0.000000,    0.059809,    1.316377,    0.918218,    8.068281,    0.137979,    0.001300,    0.001300,    0.000000
2020-11-03 24:00:00,1042611.625680,    0.000000,    0.000000,    0.000000, 2487.456000, 2306.225082,    0.000000, -631.742913, 1565.317936,    0.000000,    0.000000,   12.658980,146190.963144,    0.000000,    0.000000,    0.000000,    0.000000,    0.090833,   20.783273,   15.450768,   20.783273,  174.735234, -122.360339,  -32.164959,  -58.839210,    0.000000,    0.000000,    0.120727,    2.440554,    1.250258,    2.365445,    0.197682,    0.001300,    0.001300,    0.000000
2020-11-04 24:00:00,1044379.451573,    0.000000,    0.000000,    0.000000, 2348.352000, 2295.374540,    0.000000, -603.911718, 2319.267720,    0.000000,    0.000000,   12.671073,146284.557324,    0.000000,    0.000000,    0.000000,    0.000000,    0.091120,   20.072433,   15.494890,   20.072433,  128.529557, -116.988957,  -31.355008,  -48.343476,  295.364395,    0.000000,    0.131255,    2.624581,    1.296539,    1.825405,    0.214649,    0.001300,    0.001300,    0.000000
2020-11-05 24:00:00,1045707.499650,    0.000000,    0.000000,    0.000000, 2225.664000, 2338.307365,    0.000000, -315.343377, 1757.315072,    0.000000,    0.000000,   12.680157,146354.868305,    0.000000,    0.000000,    0.000000,    0.000000,    0.091405,   20.522465,   15.514546,   20.522465,  172.848788,  -61.091861,  -18.954346,  -47.015003,  868.849198,    0.000000,    0.076059,    1.628946,    1.021430,    4.497304,    0.157184,    0.001300,    0.001300,    0.000000
2020-11-06 24:00:00,1046967.635841,    0.000000,    0.000000,    0.000000, 2115.936000, 1881.313094,    0.000000, -221.783588, 1248.627519,    0.000000,    0.000000,   12.688777,146421.583819,    0.000000,    0.000000,    0.000000,    0.000000,    0.091686,   21.432870,   15.520216,   21.432870,  256.106161,  -42.906623,  -13.922746,  -78.097127,  978.544958,    0.000000,    0.040051,    0.918287,    0.766911,   14.131772,    0.157543,    0.001300,    0.001300,    0.000000
2020-11-07 24:00:00,1047864.463859,    0.000000,    0.000000,    0.000000, 2004.480000, 1775.015859,    0.000000, -582.085610, 1250.578480,    0.000000,    0.000000,   12.694912,146469.064673,    0.000000,    0.000000,    0.000000,    0.000000,    0.091964,   21.086808,   15.563220,   21.086808,  256.374913, -112.529698,  -28.766071,  -69.758360,  696.597169,    0.000000,    0.101505,    2.098546,    1.159350,    3.241988,    0.131659,    0.001300,    0.001300,    0.000000
2020-11-08 24:00:00,1049737.920394,    0.000000,    0.000000,    0.000000, 1903.392000, 1691.942786,    0.000000, -566.232322, 2226.997597,    0.000000,    0.000000,   12.707685,146579.294319,    0.000000,    0.000000,    0.000000,    0.000000,    0.092238,   20.940302,   15.572932,   20.940302,  240.688820, -109.410521,  -40.154344,  -96.574498,  871.406115,    0.000000,    0.063708,    1.392717,    0.944467,    7.130101,    0.132045,    0.001300,    0.001300,    0.000000
2020-11-09 24:00:00,1052114.942222,    0.000000,    0.000000,    0.000000, 1805.760000, 1556.680340,    0.000000, -182.088182, 2305.230230,    0.000000,    0.000000,   12.723858,146728.379804,    0.000000,    0.000000,    0.000000,    0.000000,    0.092508,   21.565265,   15.576824,   21.565265,  235.450160,  -35.138315,  -14.206208,  -97.668157,  841.847585,    0.000000,    0.016061,    0.391768,    0.500922,   74.181775,    0.132352,    0.001300,    0.001300,    0.000000
2020-11-10 24:00:00,1053957.488938,    0.000000,    0.000000,    0.000000, 1719.360000, 1438.073590,    0.000000, -758.426125, 2317.567354,    0.000000,    0.000000,   12.736395,146843.943307,    0.000000,    0.000000,    0.000000,    0.000000,    0.092775,   20.748713,   15.603784,   20.748713,  234.499092, -146.269534,  -56.607537,  -93.415911,  869.638752,    0.000000,    0.091183,    1.910969,    1.106324,    3.853914,    0.149600,    0.001300,    0.001300,    0.000000
2020-11-11 24:00:00,1053410.420380,    0.000000,    0.000000,    0.000000, 1628.640000, 1211.786538,    0.000000, -992.236740,   29.362793,    0.000000,    0.000000,   12.732673,146809.631472,    0.000000,    0.000000,    0.000000,    0.000000,    0.093038,   20.121584,   15.656215,   20.121584,  251.839375, -191.555523,  -57.302661, -100.073242,  973.272972,    0.000000,    0.121938,    2.462695,    1.255917,    1.970576,    0.159235,    0.001300,    0.001300,    0.000000
2020-11-12 24:00:00,1053594.450229,    0.000000,    0.000000,    0.000000, 1550.880000, 1009.811649,    0.000000, -366.887148,   10.275909,    0.000000,    0.000000,   12.733925,146821.173722,    0.000000,    0.000000,    0.000000,    0.000000,    0.093297,   20.776265,   15.683554,   20.776265,  266.655133,  -70.824205,  -22.098582,  -95.355672,  983.282557,    0.000000,    0.039511,    0.907158,    0.762249,   13.505242,    0.159452,    0.001300,    0.001300,    0.000000
2020-11-13 24:00:00,1055620.356277,    0.000000,    0.000000,    0.000000, 4428.000000, 2127.000198,    0.000000, -286.535784,   11.745016,    0.000000,    0.000000,   12.747709,146948.237420,    0.000000,    0.000000,    0.000000,    0.000000,    0.093552,   21.510572,   15.688325,   21.510572,  274.788525,  -55.221410,  -15.091638,  -90.020243,   74.508333,    0.000000,    0.027337,    0.646958,    0.643715,   26.966060,    0.160047,    0.001300,    0.001300,    0.000000
2020-11-14 24:00:00,1056319.976305,    0.000000,    0.000000,    0.000000, 3701.376000, 2562.999401,    0.000000, -450.392731,   11.754765,    0.000000,    0.000000,   12.752469,146992.117198,    0.000000,    0.000000,    0.000000,    0.000000,    0.093803,   21.619794,   15.695838,   21.619794,  292.413088,  -86.736398,  -26.755356, -113.189343,    0.000000,    0.000000,    0.045957,    1.040122,    0.816202,   12.160617,    0.160775,    0.001300,    0.001300,    0.000000
2020-11-15 24:00:00,1056034.601577,    0.000000,    0.000000,    0.000000, 2750.112000, 2690.183463,    0.000000, -360.017749,   14.698138,    0.000000,    0.000000,   12.750527,146974.218654,    0.000000,    0.000000,    0.000000,    0.000000,    0.094051,   22.041536,   15.746147,   22.041536,  293.559230,  -69.309291,  -22.472614, -110.098375, 1052.945664,    0.000000,    0.036888,    0.852261,    0.738825,   19.033822,    0.161494,    0.001300,    0.001300,    0.000000
2020-11-16 24:00:00,1055210.770199,    0.000000,    0.000000,    0.000000, 2580.768000, 2930.736930,    0.000000, -648.696182,  174.881454,    0.000000,    0.000000,   12.744922,146922.548409,    0.000000,    0.000000,    0.000000,    0.000000,    0.094293,   21.709526,   15.758600,   21.709526,  270.156585, -124.922573,  -36.542185,  -96.545359,  733.210995,    0.000000,    0.069544,    1.505506,    0.981967,    6.722725,    0.147204,    0.001300,    0.001300,    0.000000
2020-11-17 24:00:00,1054086.912072,    0.000000,    0.000000,    0.000000, 2433.024000, 3113.562989,    0.000000, -657.607898,  214.486491,    0.000000,    0.000000,   12.737276,146852.060654,    0.000000,    0.000000,    0.000000,    0.000000,    0.094532,   21.575652,   15.773457,   21.575652,  249.762721, -126.735493,  -32.950045,  -82.062562,    0.000000,    0.000000,    0.080201,    1.707336,    1.045719,    5.237509,    0.147964,    0.001300,    0.001300,    0.000000
2020-11-18 24:00:00,1053408.589819,    0.000000,    0.000000,    0.000000, 2687.904000, 2241.461827,    0.000000,-1208.720325,   85.153695,    0.000000,    0.000000,   12.732660,146809.516660,    0.000000,    0.000000,    0.000000,    0.000000,    0.094767,   20.467209,   15.872837,   20.467209,  262.794107, -233.203582,  -70.999035, -110.273446, 1053.254347,    0.000000,    0.142751,    2.823626,    1.344804,    1.568633,    0.168071,    0.001300,    0.001300,    0.000000
2020-11-19 24:00:00,1058222.812816,    0.000000,    0.000000,    0.000000, 9754.560000, 4218.657550,    0.000000, -731.036575,   10.275113,    0.000000,    0.000000,   12.765416,147111.462044,    0.000000,    0.000000,    0.000000,    0.000000,    0.094997,   20.675710,   15.899198,   20.675710,  293.822429, -140.827574,  -39.179823, -111.168776, 1148.197118,    0.000000,    0.078582,    1.676837,    1.036337,    3.971536,    0.169695,    0.001300,    0.001300,    0.000000
2020-11-20 24:00:00,1058156.944365,    0.000000,    0.000000,    0.000000, 4781.376000, 4590.101870,    0.000000, -583.937260,  326.569062,    0.000000,    0.000000,   12.764968,147107.330812,    0.000000,    0.000000,    0.000000,    0.000000,    0.095222,   20.954739,   15.963894,   20.954739,  298.489340, -112.450759,  -32.038922,  -91.145658,    0.000000,    0.000000,    0.066482,    1.446763,    0.962618,    5.451681,    0.158332,    0.001300,    0.001300,    0.000000
2020-11-21 24:00:00,1056545.899415,    0.000000,    0.000000,    0.000000, 3694.464000, 4826.128338,    0.000000, -806.310320,  326.544354,    0.000000,    0.000000,   12.754006,147006.286970,    0.000000,    0.000000,    0.000000,    0.000000,    0.095443,   20.658183,   16.002167,   20.658183,  273.372912, -155.381632,  -42.238255,  -77.434458,  220.011652,    0.000000,    0.096241,    2.003772,    1.132869,    2.899363,    0.159831,    0.001300,    0.001300,    0.000000
2020-11-22 24:00:00,1054098.755372,    0.000000,    0.000000,    0.000000, 3249.504000, 5052.903698,    0.000000, -687.893535,   44.095941,    0.000000,    0.000000,   12.737356,146852.803459,    0.000000,    0.000000,    0.000000,    0.000000,    0.095660,   20.729649,   16.071057,   20.729649,  269.381130, -132.732541,  -36.476438,  -99.433978, 1063.366229,    0.000000,    0.063394,    1.386886,    0.942488,    5.543073,    0.161422,    0.001300,    0.001300,    0.000000
2020-11-23 24:00:00,1055542.119470,    0.000000,    0.000000,    0.000000, 3011.040000, 5143.169070,    0.000000, -375.146051, 3950.285819,    0.000000,    0.000000,   12.747177,146943.330451,    0.000000,    0.000000,    0.000000,    0.000000,    0.095871,   21.040039,   16.139028,   21.040039,  234.031256,  -72.300227,  -17.314808,  -69.143392,    0.000000,    0.000000,    0.028059,    0.662837,    0.651566,   23.637533,    0.162904,    0.001300,    0.001300,    0.000000
2020-11-24 24:00:00,1059024.925642,    0.000000,    0.000000,    0.000000, 2828.736000, 2993.187682,    0.000000, -659.431097, 4308.628438,    0.000000,    0.000000,   12.770873,147161.770114,    0.000000,    0.000000,    0.000000,    0.000000,    0.096079,   20.550965,   16.177449,   20.550965,  195.333191, -126.956439,  -45.005139,  -51.970070,  777.923960,    0.000000,    0.110548,    2.261698,    1.203574,    2.188891,    0.163978,    0.001300,    0.001300,    0.000000
2020-11-25 24:00:00,1064475.233279,    0.000000,    0.000000,    0.000000,10632.384000, 5076.168049,    0.000000, -594.605494,  488.564724,    0.000000,    0.000000,   12.807888,147531.326765,    0.000000,    0.000000,    0.000000,    0.000000,    0.096281,   20.647232,   16.265215,   20.647232,  228.917566, -114.217957,  -20.656408,  -77.279147,  962.431518,    0.000000,    0.117298,    2.381489,    1.235036,    1.853885,    0.186447,    0.001300,    0.001300,    0.000000
2020-11-26 24:00:00,1066318.490108,    0.000000,    0.000000,    0.000000, 8429.184000, 6168.716267,    0.000000, -593.651298,  178.490967,    0.000000,    0.000000,   12.820322,147690.622420,    0.000000,    0.000000,    0.000000,    0.000000,    0.096478,   20.884883,   16.354414,   20.884883,  273.035674, -113.891985,  -32.557782,  -78.376655,  256.550026,    0.000000,    0.108629,    2.227809,    1.194523,    2.077921,    0.167608,    0.001300,    0.001300,    0.000000
2020-11-27 24:00:00,1063961.621354,    0.000000,    0.000000,    0.000000, 4850.496000, 6454.765143,    0.000000,-1185.229057,  435.590205,    0.000000,    0.000000,   12.804424,147486.940032,    0.000000,    0.000000,    0.000000,    0.000000,    0.096671,   20.296424,   16.550595,   20.296424,  309.842173, -227.746209,  -60.463124, -100.266218,  949.005341,    0.000000,    0.138263,    2.747827,    1.326631,    1.143277,    0.201488,    0.001300,    0.001300,    0.000000
2020-11-28 24:00:00,1061081.105745,    0.000000,    0.000000,    0.000000, 3773.088000, 6478.059947,    0.000000, -712.937962,  538.297790,    0.000000,    0.000000,   12.784863,147290.732584,    0.000000,    0.000000,    0.000000,    0.000000,    0.096859,   20.321375,   16.591933,   20.321375,  276.934357, -137.176082,  -40.534834,  -84.502500,  866.175273,    0.000000,    0.076666,    1.641338,    1.025308,    2.957036,    0.204885,    0.001300,    0.001300,    0.000000
2020-11-29 24:00:00,1057927.370993,    0.000000,    0.000000,    0.000000, 3327.264000, 6464.637235,    0.000000, -543.693980,  527.297338,    0.000000,    0.000000,   12.763406,147092.932098,    0.000000,    0.000000,    0.000000,    0.000000,    0.097042,   20.152923,   16.725774,   20.152923,  193.278743, -104.768625,  -32.252639,  -64.241573,  467.731983,    0.000000,    0.078408,    1.674011,    1.035463,    2.704412,    0.201843,    0.001300,    0.001300,    0.000000
2020-11-30 24:00:00,1057042.274777,    0.000000,    0.000000,    0.000000, 3078.432000, 4058.484676,    0.000000, -433.038241,  528.072873,    0.000000,    0.000000,   12.757383,147037.419356,    0.000000,    0.000000,    0.000000,    0.000000,    0.097219,   20.638149,   16.763565,   20.638149,  210.275732,  -83.493758,  -22.718614,  -49.858560,    0.000000,    0.000000,    0.092357,    1.932806,    1.112627,    1.967565,    0.204801,    0.001300,    0.001300,    0.000000
2020-12-01 24:00:00,1056782.783629,    0.000000,    0.000000,    0.000000, 2897.856000, 2750.440490,    0.000000, -540.838699,  133.792482,    0.000000,    0.000000,   12.755618,147021.144216,    0.000000,    0.000000,    0.000000,    0.000000,    0.097392,   20.912942,   16.785466,   20.912942,  280.202799, -104.231362,  -27.064578,  -90.202007, 1146.367907,    0.000000,    0.060846,    1.337253,    0.925470,    4.237323,    0.206615,    0.001300,    0.001300,    0.000000
2020-12-02 24:00:00,1056866.728253,    0.000000,    0.000000,    0.000000, 2738.016000, 2222.572970,    0.000000, -575.663768,  144.067309,    0.000000,    0.000000,   12.756189,147026.409176,    0.000000,    0.000000,    0.000000,    0.000000,    0.097559,   21.018466,   16.864733,   21.018466,  276.819639, -110.891426,  -25.378689,  -76.344177,  979.910274,    0.000000,    0.083942,    1.777272,    1.066921,    2.723145,    0.208115,    0.001300,    0.001300,    0.000000
2020-12-03 24:00:00,1056714.279150,    0.000000,    0.000000,    0.000000, 2594.592000, 1785.211139,    0.000000, -995.787867,   33.809200,    0.000000,    0.000000,   12.755152,147016.847653,    0.000000,    0.000000,    0.000000,    0.000000,    0.097721,   20.487997,   16.909014,   20.487997,  269.985792, -191.920868,  -53.377753,  -89.773074, 1098.373830,    0.000000,    0.107870,    2.213590,    1.190705,    1.529789,    0.209632,    0.001300,    0.001300,    0.000000
2020-12-04 24:00:00,1057136.041226,    0.000000,    0.000000,    0.000000, 2464.992000, 1492.491219,    0.000000, -708.124083,  157.289772,    0.000000,    0.000000,   12.758021,147043.300336,    0.000000,    0.000000,    0.000000,    0.000000,    0.097878,   20.475748,   16.932427,   20.475748,  252.591916, -136.464449,  -35.814857,  -74.692345,  848.113800,    0.000000,    0.068220,    1.480128,    0.973655,    3.207451,    0.210768,    0.001300,    0.001300,    0.000000
2020-12-05 24:00:00,1057709.076382,    0.000000,    0.000000,    0.000000, 2336.256000, 1130.264254,    0.000000, -790.485039,  157.315290,    0.000000,    0.000000,   12.761920,147079.240781,    0.000000,    0.000000,    0.000000,    0.000000,    0.098030,   20.220901,   16.981559,   20.220901,  231.580049, -152.353069,  -40.515420,  -86.115989,  940.381307,    0.000000,    0.099599,    2.064703,    1.149964,    1.463175,    0.209759,    0.001300,    0.001300,    0.000000
2020-12-06 24:00:00,1058935.985600,    0.000000,    0.000000,    0.000000, 2218.752000,  749.350025,    0.000000, -467.672681,  225.019601,    0.000000,    0.000000,   12.770268,147156.191844,    0.000000,    0.000000,    0.000000,    0.000000,    0.098176,   20.771324,   17.005733,   20.771324,  244.648119,  -90.068541,  -19.832540,  -58.737252,  951.816916,    0.000000,    0.060973,    1.339761,    0.926337,    3.574286,    0.212199,    0.001300,    0.001300,    0.000000
2020-12-07 24:00:00,1060432.509384,    0.000000,    0.000000,    0.000000, 2104.704000,  441.676463,    0.000000, -399.201473,  232.497861,    0.000000,    0.000000,   12.780450,147250.052982,    0.000000,    0.000000,    0.000000,    0.000000,    0.098317,   20.975882,   17.089083,   20.975882,  231.902641,  -76.796690,  -11.168320,  -45.024123,  844.055378,    0.000000,    0.120141,    2.431603,    1.247963,    1.375486,    0.212572,    0.001300,    0.001300,    0.000000
2020-12-08 24:00:00,1063787.817358,    0.000000,    0.000000,    0.000000, 2009.664000,  386.373192,    0.000000, -380.850899, 2116.725350,    0.000000,    0.000000,   12.803251,147471.919759,    0.000000,    0.000000,    0.000000,    0.000000,    0.098453,   21.469683,   17.138356,   21.469683,  231.762353,  -73.131940,   -9.853000,  -56.786335,  954.433168,    0.000000,    0.090978,    1.907753,    1.105392,    2.472090,    0.212954,    0.001300,    0.001300,    0.000000
2020-12-09 24:00:00,1067045.919046,    0.000000,    0.000000,    0.000000, 1903.392000,  424.131255,    0.000000, -355.646337, 2126.122610,    0.000000,    0.000000,   12.825230,147753.487382,    0.000000,    0.000000,    0.000000,    0.000000,    0.098583,   22.166365,   17.189589,   22.166365,  246.968010,  -68.110469,   -6.496468,  -45.930916,  964.563284,    0.000000,    0.091179,    1.911685,    1.106531,    2.863490,    0.129761,    0.001300,    0.001300,    0.000000
2020-12-10 24:00:00,1068008.022119,    0.000000,    0.000000,    0.000000, 2297.376000,  771.729187,    0.000000, -605.914171,   44.318716,    0.000000,    0.000000,   12.831720,147836.633060,    0.000000,    0.000000,    0.000000,    0.000000,    0.098707,   21.957870,   17.231429,   21.957870,  251.524865, -115.946579,  -34.985711,  -82.275449,    0.000000,    0.000000,    0.083647,    1.772406,    1.065460,    3.438758,    0.144546,    0.001300,    0.001300,    0.000000
2020-12-11 24:00:00,1067910.875013,    0.000000,    0.000000,    0.000000, 1870.560000,  764.253576,    0.000000,-1230.787650,   31.034820,    0.000000,    0.000000,   12.831064,147828.237534,    0.000000,    0.000000,    0.000000,    0.000000,    0.098826,   20.870250,   17.314449,   20.870250,  238.970234, -235.694672,  -62.157925,  -79.085473,  674.458547,    0.000000,    0.124090,    2.501745,    1.265835,    1.359923,    0.130600,    0.001300,    0.001300,    0.000000
2020-12-12 24:00:00,1067639.518086,    0.000000,    0.000000,    0.000000, 1778.112000,  802.498561,    0.000000,-1274.082823,   31.032792,    0.000000,    0.000000,   12.829234,147804.786662,    0.000000,    0.000000,    0.000000,    0.000000,    0.098940,   20.248287,   17.386680,   20.248287,  239.272720, -244.276425,  -60.617906,  -72.615496,  760.374712,    0.000000,    0.137683,    2.737964,    1.324248,    0.751446,    0.216243,    0.001300,    0.001300,    0.000000
2020-12-13 24:00:00,1068005.790745,    0.000000,    0.000000,    0.000000, 1686.528000,  715.692860,    0.000000, -607.108022,    4.433378,    0.000000,    0.000000,   12.831705,147836.440223,    0.000000,    0.000000,    0.000000,    0.000000,    0.099048,   20.784568,   17.419577,   20.784568,  271.779356, -116.393150,  -28.543366,  -81.344528, 1122.913012,    0.000000,    0.074563,    1.601750,    1.012868,    2.088576,    0.216004,    0.001300,    0.001300,    0.000000
2020-12-14 24:00:00,1068633.141534,    0.000000,    0.000000,    0.000000, 1605.312000,  597.203748,    0.000000, -382.630003,    2.956403,    0.000000,    0.000000,   12.835936,147890.656355,    0.000000,    0.000000,    0.000000,    0.000000,    0.099150,   21.529166,   17.440569,   21.529166,  307.711621,  -73.275412,  -14.913188, -108.971840, 1277.274010,    0.000000,    0.050082,    1.124109,    0.848515,    4.892110,    0.205088,    0.001300,    0.001300,    0.000000
2020-12-15 24:00:00,1069286.772881,    0.000000,    0.000000,    0.000000, 1517.184000,  231.488726,    0.000000, -633.408777,    2.957265,    0.000000,    0.000000,   12.840346,147947.143673,    0.000000,    0.000000,    0.000000,    0.000000,    0.099246,   21.602085,   17.490059,   21.602085,  328.248760, -121.188657,  -33.500282, -101.669567, 1284.824319,    0.000000,    0.077533,    1.657968,    1.030489,    2.731449,    0.130604,    0.001300,    0.001300,    0.000000
2020-12-16 24:00:00,1069630.967361,    0.000000,    0.000000,    0.000000, 1441.152000,  214.120109,    0.000000, -883.818002,    2.958182,    0.000000,    0.000000,   12.842667,147976.889221,    0.000000,    0.000000,    0.000000,    0.000000,    0.099337,   21.312030,   17.548427,   21.312030,  316.720326, -169.075154,  -51.238490,  -87.806931, 1188.353434,    0.000000,    0.092884,    1.943209,    1.115617,    2.022214,    0.216875,    0.001300,    0.001300,    0.000000
2020-12-17 24:00:00,1070470.041223,    0.000000,    0.000000,    0.000000, 1367.712000,  221.001493,    0.000000, -323.334691,   16.276020,    0.000000,    0.000000,   12.848328,148049.402622,    0.000000,    0.000000,    0.000000,    0.000000,    0.099422,   22.245847,   17.558768,   22.245847,  298.137434,  -61.800678,  -18.088121, -100.375033, 1141.266543,    0.000000,    0.031527,    0.738331,    0.687671,   13.860411,    0.217059,    0.001300,    0.001300,    0.000000
2020-12-18 24:00:00,1071213.848582,    0.000000,    0.000000,    0.000000, 1298.592000,  190.313459,    0.000000, -380.242640,   16.283709,    0.000000,    0.000000,   12.853345,148113.683018,    0.000000,    0.000000,    0.000000,    0.000000,    0.099501,   22.699749,   17.572557,   22.699749,  287.450002,  -72.589256,  -16.943546,  -95.145980, 1105.715392,    0.000000,    0.039910,    0.915890,    0.765909,   11.028088,    0.132611,    0.001300,    0.001300,    0.000000
2020-12-19 24:00:00,1072157.950044,    0.000000,    0.000000,    0.000000, 1232.064000,   69.928230,    0.000000, -228.198636,   10.367308,    0.000000,    0.000000,   12.859714,148195.272984,    0.000000,    0.000000,    0.000000,    0.000000,    0.099575,   23.655711,   17.580056,   23.655711,  279.030435,  -43.501897,  -10.009734,  -86.937172,    0.000000,    0.000000,    0.020454,    0.493221,    0.562052,   39.271984,    0.134752,    0.001300,    0.001300,    0.000000
2020-12-20 24:00:00,1073222.919562,    0.000000,    0.000000,    0.000000, 1170.720000,   56.307970,    0.000000,  -90.920103,   41.494080,    0.000000,    0.000000,   12.866898,148287.308459,    0.000000,    0.000000,    0.000000,    0.000000,    0.099643,   24.875878,   17.586143,   24.875878,  285.410079,  -17.300825,   -4.031080, -103.343810, 1156.242662,    0.000000,    0.005446,    0.136472,    0.295650,  364.682267,    0.134756,    0.001300,    0.001300,    0.000000
2020-12-21 24:00:00,1073568.397717,    0.000000,    0.000000,    0.000000, 1118.880000,  170.009234,    0.000000, -664.259661,   60.786993,    0.000000,    0.000000,   12.869228,148317.164943,    0.000000,    0.000000,    0.000000,    0.000000,    0.099704,   24.291703,   17.610270,   24.291703,  275.679089, -126.307705,  -28.404230,  -88.672166,    0.000000,    0.000000,    0.058009,    1.282258,    0.906240,    8.778410,    0.125920,    0.001300,    0.001300,    0.000000
2020-12-22 24:00:00,1075753.670107,    0.000000,    0.000000,    0.000000, 2048.544000,  494.857878,    0.000000, -330.730778,  962.745881,    0.000000,    0.000000,   12.883969,148506.017843,    0.000000,    0.000000,    0.000000,    0.000000,    0.099760,   24.779538,   17.620833,   24.779538,  234.441940,  -62.807136,  -15.061495,  -73.260670,    0.000000,    0.000000,    0.030886,    0.724592,    0.681243,   27.072703,    0.131644,    0.001300,    0.001300,    0.000000
2020-12-23 24:00:00,1076833.942442,    0.000000,    0.000000,    0.000000, 1238.976000,  580.859091,    0.000000, -545.412538,  968.367691,    0.000000,    0.000000,   12.891257,148599.375799,    0.000000,    0.000000,    0.000000,    0.000000,    0.099811,   24.581290,   17.652880,   24.581290,  216.694156, -103.506182,  -25.807975,  -63.764131,    0.000000,    0.000000,    0.055040,    1.223649,    0.885286,   10.483957,    0.134449,    0.001300,    0.001300,    0.000000
2020-12-24 24:00:00,1075772.242706,    0.000000,    0.000000,    0.000000, 1175.040000,  705.536862,    0.000000,-1624.837201,   90.604429,    0.000000,    0.000000,   12.884095,148507.622901,    0.000000,    0.000000,    0.000000,    0.000000,    0.099855,   22.355495,   17.765980,   22.355495,  233.577116, -309.016052,  -78.030617,  -79.422720,  965.840898,    0.000000,    0.153037,    3.001716,    1.386565,    1.412931,    0.157517,    0.001300,    0.001300,    0.000000
2020-12-25 24:00:00,1075164.190013,    0.000000,    0.000000,    0.000000, 1115.424000,  744.054795,    0.000000,-1067.014728,   86.110206,    0.000000,    0.000000,   12.879993,148455.074526,    0.000000,    0.000000,    0.000000,    0.000000,    0.099893,   22.039770,   17.830557,   22.039770,  263.960558, -203.297693,  -50.698098,  -91.489314, 1097.181803,    0.000000,    0.104483,    2.154421,    1.174683,    2.187976,    0.167793,    0.001300,    0.001300,    0.000000
2020-12-26 24:00:00,1074633.800376,    0.000000,    0.000000,    0.000000, 1058.400000,  625.151015,    0.000000,-1263.071235,  298.311191,    0.000000,    0.000000,   12.876415,148409.237850,    0.000000,    0.000000,    0.000000,    0.000000,    0.099926,   21.416877,   17.903034,   21.416877,  299.231509, -240.871552,  -62.597268, -115.885863, 1240.902746,    0.000000,    0.117658,    2.389341,    1.237071,    1.340142,    0.187719,    0.001300,    0.001300,    0.000000
2020-12-27 24:00:00,1074437.578842,    0.000000,    0.000000,    0.000000, 1007.424000,  258.869445,    0.000000,-1245.293035,  299.704630,    0.000000,    0.000000,   12.875091,148392.280236,    0.000000,    0.000000,    0.000000,    0.000000,    0.099953,   20.948965,   17.978418,   20.948965,  315.686135, -237.646797,  -66.739189, -121.017003, 1225.403866,    0.000000,    0.114961,    2.341534,    1.224632,    1.018007,    0.211829,    0.001300,    0.001300,    0.000000
2020-12-28 24:00:00,1073872.577478,    0.000000,    0.000000,    0.000000,  956.448000,  217.135127,    0.000000,-1318.505775,   13.350306,    0.000000,    0.000000,   12.871280,148343.452389,    0.000000,    0.000000,    0.000000,    0.000000,    0.099973,   20.426343,   18.081860,   20.426343,  306.367759, -251.839636,  -57.790041, -113.138930, 1166.762332,    0.000000,    0.127976,    2.570392,    1.283084,    0.585142,    0.135035,    0.001300,    0.001300,    0.000000
2020-12-29 24:00:00,1074254.352874,    0.000000,    0.000000,    0.000000, 1753.920000,  318.373070,    0.000000,-1091.252496,   37.074669,    0.000000,    0.000000,   12.873855,148376.445709,    0.000000,    0.000000,    0.000000,    0.000000,    0.099988,   20.320537,   18.228118,   20.320537,  304.230155, -208.471103,  -40.955439,  -99.831500, 1025.708592,    0.000000,    0.125732,    2.531145,    1.273251,    0.478173,    0.184819,    0.001300,    0.001300,    0.000000
2020-12-30 24:00:00,1076423.055571,    0.000000,    0.000000,    0.000000, 3535.488000,  972.610719,    0.000000, -440.478404,   45.991488,    0.000000,    0.000000,   12.888485,148563.866644,    0.000000,    0.000000,    0.000000,    0.000000,    0.099997,   21.188681,   18.255816,   21.188681,  303.005187,  -84.001746,  -17.817501,  -87.742328, 1157.839749,    0.000000,    0.058852,    1.298911,    0.912106,    2.235780,    0.155221,    0.001300,    0.001300,    0.000000
2020-12-31 24:00:00,1080605.016008,    0.000000,    0.000000,    0.000000, 5864.832000, 2461.509689,    0.000000, -273.049601, 1053.544184,    0.000000,    0.000000,   12.916497,149062.996811,    0.000000,    0.000000,    0.000000,    0.000000,    0.100000,   22.334759,   18.272292,   22.334759,  302.059670,  -51.839209,  -12.006892,  -82.300832,  520.183743,    0.000000,    0.029904,    0.703354,    0.671185,   10.036835,    0.143712,    0.001300,    0.001300,    0.000000
2021-01-01 24:00:00,1081681.186150,    0.000000,    0.000000,    0.000000, 2832.192000, 2849.807298,    0.000000, -333.964740, 1421.271370,    0.000000,    0.000000,   12.923670,149215.885947,    0.000000,    0.000000,    0.000000,    0.000000,    0.100000,   23.071272,   18.362852,   23.071272,  288.530270,  -63.259364,  -14.238043,  -73.760794, 1044.608606,    0.000000,    0.038338,    0.883381,    0.752193,    8.791615,    0.137536,    0.001300,    0.001300,    0.000000
2021-01-02 24:00:00,1083060.497935,    0.000000,    0.000000,    0.000000, 2648.160000, 2983.334865,    0.000000, -148.145870, 1854.707217,    0.000000,    0.000000,   12.932864,149411.841753,    0.000000,    0.000000,    0.000000,    0.000000,    0.099997,   23.970802,   18.430730,   23.970802,  249.839291,  -27.997092,   -8.808032,  -77.156756,  699.275747,    0.000000,    0.014583,    0.357220,    0.478325,   53.577865,    0.172181,    0.001300,    0.001300,    0.000000
2021-01-03 24:00:00,1084305.940222,    0.000000,    0.000000,    0.000000, 2499.552000, 2869.484389,    0.000000, -253.089943, 1863.034730,    0.000000,    0.000000,   12.941165,149588.779012,    0.000000,    0.000000,    0.000000,    0.000000,    0.099988,   24.573658,   18.448171,   24.573658,  255.971322,  -47.743808,  -13.796960,  -83.622741, 1090.367412,    0.000000,    0.023596,    0.564402,    0.601242,   27.913624,    0.206039,    0.001300,    0.001300,    0.000000
2021-01-04 24:00:00,1084569.715494,    0.000000,    0.000000,    0.000000, 2365.632000, 2122.996487,    0.000000, -135.991147,  157.069485,    0.000000,    0.000000,   12.942923,149626.252988,    0.000000,    0.000000,    0.000000,    0.000000,    0.099973,   25.893577,   18.528088,   25.893577,  298.261237,  -25.617553,   -6.630389,  -99.951759,  973.951409,    0.000000,    0.009936,    0.246160,    0.397067,  133.845781,    0.125730,    0.001300,    0.001300,    0.000000
2021-01-05 24:00:00,1087527.512876,    0.000000,    0.000000,    0.000000, 5296.320000, 1883.477998,    0.000000, -464.209482,   10.471564,    0.000000,    0.000000,   12.962639,150046.460787,    0.000000,    0.000000,    0.000000,    0.000000,    0.099953,   25.922904,   18.541788,   25.922904,  315.253119,  -87.118405,  -21.655158, -114.806513,    0.000000,    0.000000,    0.036036,    0.834976,    0.731295,   18.152299,    0.119988,    0.001300,    0.001300,    0.000000
2021-01-06 24:00:00,1092599.590215,    0.000000,    0.000000,    0.000000, 6676.992000, 3101.197086,    0.000000, -481.437339, 1978.938674,    0.000000,    0.000000,   12.996447,150767.039712,    0.000000,    0.000000,    0.000000,    0.000000,    0.099926,   26.315934,   18.653725,   26.315934,  307.711452,  -89.889783,  -24.735612,  -85.747101,    0.000000,    0.000000,    0.036317,    0.841085,    0.733965,   19.478891,    0.140601,    0.001300,    0.001300,    0.000000
2021-01-07 24:00:00,1093671.233779,    0.000000,    0.000000,    0.000000, 3281.472000, 3425.036282,    0.000000, -793.541217, 2001.689944,    0.000000,    0.000000,   13.003518,150908.864752,    0.000000,    0.000000,    0.000000,    0.000000,    0.099893,   25.597973,   18.732884,   25.597973,  274.700658, -148.038487,  -42.101584,  -70.695916,  751.429098,    0.000000,    0.067002,    1.459066,    0.966703,    7.377189,    0.124359,    0.001300,    0.001300,    0.000000
2021-01-08 24:00:00,1092463.109408,    0.000000,    0.000000,    0.000000, 2771.712000, 3650.835410,    0.000000, -561.179304,  236.894741,    0.000000,    0.000000,   12.995537,150747.650182,    0.000000,    0.000000,    0.000000,    0.000000,    0.099855,   25.615639,   18.820494,   25.615639,  265.520651, -104.871796,  -30.317573, -100.241560, 1091.476425,    0.000000,    0.045298,    1.028089,    0.811467,   14.037846,    0.124595,    0.001300,    0.001300,    0.000000
2021-01-09 24:00:00,1090433.345565,    0.000000,    0.000000,    0.000000, 2534.976000, 3955.724319,    0.000000, -679.593231,   67.816893,    0.000000,    0.000000,   12.982007,150459.286076,    0.000000,    0.000000,    0.000000,    0.000000,    0.099811,   25.349461,   18.852022,   25.349461,  281.177114, -127.252947,  -34.572918, -101.819103,    0.000000,    0.000000,    0.060039,    1.323375,    0.920655,    8.822380,    0.127468,    0.001300,    0.001300,    0.000000
2021-01-10 24:00:00,1089275.448721,    0.000000,    0.000000,    0.000000, 3086.208000, 3151.553084,    0.000000,-1113.210697,   18.045791,    0.000000,    0.000000,   12.974289,150294.786206,    0.000000,    0.000000,    0.000000,    0.000000,    0.099760,   24.363507,   19.026939,   24.363507,  274.287917, -208.823109,  -52.008946,  -93.380155,  804.203718,    0.000000,    0.088290,    1.860636,    1.091657,    4.191747,    0.134069,    0.001300,    0.001300,    0.000000
2021-01-11 24:00:00,1089457.998385,    0.000000,    0.000000,    0.000000, 2382.048000, 1730.431161,    0.000000, -599.032607,  129.225189,    0.000000,    0.000000,   12.975506,150320.720637,    0.000000,    0.000000,    0.000000,    0.000000,    0.099704,   24.542056,   19.066336,   24.542056,  267.394973, -112.410988,  -28.015576, -101.367011, 1022.578813,    0.000000,    0.046035,    1.042949,    0.817310,   12.335157,    0.134285,    0.001300,    0.001300,    0.000000
2021-01-12 24:00:00,1089387.877959,    0.000000,    0.000000,    0.000000, 2238.624000, 1694.868178,    0.000000, -769.696040,  154.785204,    0.000000,    0.000000,   12.975039,150310.758782,    0.000000,    0.000000,    0.000000,    0.000000,    0.099643,   24.389195,   19.140714,   24.389195,  282.114864, -144.459801,  -30.465405,  -96.908475, 1146.569579,    0.000000,    0.080003,    1.706141,    1.045353,    4.731479,    0.138250,    0.001300,    0.001300,    0.000000
2021-01-13 24:00:00,1089468.355753,    0.000000,    0.000000,    0.000000, 2114.208000, 1677.211622,    0.000000, -477.365751,  120.228366,    0.000000,    0.000000,   12.975575,150322.192086,    0.000000,    0.000000,    0.000000,    0.000000,    0.099575,   25.005177,   19.224332,   25.005177,  294.010104,  -89.554069,  -19.935903,  -93.089694, 1110.893636,    0.000000,    0.046612,    1.054745,    0.821919,   12.367703,    0.142842,    0.001300,    0.001300,    0.000000
2021-01-14 24:00:00,1089202.600176,    0.000000,    0.000000,    0.000000, 2004.480000, 1486.578856,    0.000000, -836.015288,   51.090503,    0.000000,    0.000000,   12.973804,150284.436773,    0.000000,    0.000000,    0.000000,    0.000000,    0.099501,   24.554961,   19.265067,   24.554961,  292.411301, -156.873080,  -38.604138, -104.660223,  218.567327,    0.000000,    0.082360,    1.750298,    1.058794,    4.694371,    0.143082,    0.001300,    0.001300,    0.000000
2021-01-15 24:00:00,1089513.703338,    0.000000,    0.000000,    0.000000, 1905.120000,  969.080118,    0.000000, -633.347669,    7.512026,    0.000000,    0.000000,   12.975878,150328.634518,    0.000000,    0.000000,    0.000000,    0.000000,    0.099422,   24.811031,   19.291821,   24.811031,  306.298642, -118.826316,  -28.432216, -115.269936, 1213.856910,    0.000000,    0.053837,    1.200430,    0.876847,    9.635735,    0.143238,    0.001300,    0.001300,    0.000000
2021-01-16 24:00:00,1092109.396042,    0.000000,    0.000000,    0.000000, 4397.760000, 1819.251744,    0.000000, -535.989836,  553.209044,    0.000000,    0.000000,   12.993179,150697.398898,    0.000000,    0.000000,    0.000000,    0.000000,    0.099337,   25.057235,   19.309465,   25.057235,  300.513222, -100.267605,  -24.557077, -106.402081,   59.894867,    0.000000,    0.042206,    0.964268,    0.785877,   15.434995,    0.143490,    0.001300,    0.001300,    0.000000
2021-01-17 24:00:00,1091552.611220,    0.000000,    0.000000,    0.000000, 2093.472000, 1947.749244,    0.000000,-1259.801830,  554.374557,    0.000000,    0.000000,   12.989468,150618.297698,    0.000000,    0.000000,    0.000000,    0.000000,    0.099246,   23.776827,   19.476559,   23.776827,  260.225777, -235.943392,  -51.612826,  -89.981071,  362.671104,    0.000000,    0.122455,    2.476351,    1.259394,    2.234391,    0.127110,    0.001300,    0.001300,    0.000000
2021-01-18 24:00:00,1091155.659467,    0.000000,    0.000000,    0.000000, 1909.440000, 1875.498101,    0.000000,-1272.780944,  840.270576,    0.000000,    0.000000,   12.986822,150561.903631,    0.000000,    0.000000,    0.000000,    0.000000,    0.099150,   23.053550,   19.574219,   23.053550,  250.831174, -238.759063,  -45.052055,  -88.727550, 1009.665822,    0.000000,    0.118556,    2.407570,    1.241781,    1.829553,    0.157289,    0.001300,    0.001300,    0.000000
2021-01-19 24:00:00,1090621.056942,    0.000000,    0.000000,    0.000000, 1788.480000, 1862.158413,    0.000000,-1308.436073,  845.962068,    0.000000,    0.000000,   12.983259,150485.953821,    0.000000,    0.000000,    0.000000,    0.000000,    0.099048,   22.207643,   19.682280,   22.207643,  245.356108, -245.775168,  -51.568517,  -76.544598,    0.000000,    0.000000,    0.157612,    3.082118,    1.405012,    0.777904,    0.186760,    0.001300,    0.001300,    0.000000
2021-01-20 24:00:00,1089283.580654,    0.000000,    0.000000,    0.000000, 1688.256000, 1927.942650,    0.000000,-1431.506589,  330.898807,    0.000000,    0.000000,   12.974344,150295.941492,    0.000000,    0.000000,    0.000000,    0.000000,    0.098940,   21.275521,   19.779972,   21.275521,  219.435734, -269.518620,  -72.121906, -102.303555,  282.346730,    0.000000,    0.129350,    2.596789,    1.289656,    0.480082,    0.230714,    0.001300,    0.001300,    0.000000
2021-01-21 24:00:00,1089049.805790,    0.000000,    0.000000,    0.000000, 1600.128000,  946.829599,    0.000000,-1077.606733,  189.294987,    0.000000,    0.000000,   12.972785,150262.729609,    0.000000,    0.000000,    0.000000,    0.000000,    0.098826,   20.905255,   19.870609,   20.905255,  212.101079, -203.093164,  -42.558084,  -83.489976,  324.508146,    0.000000,    0.108687,    2.231593,    1.195537,    0.341917,    0.180581,    0.001300,    0.001300,    0.000000
2021-01-22 24:00:00,1089093.422026,    0.000000,    0.000000,    0.000000, 1518.048000,  806.368928,    0.000000, -725.996255,   57.082218,    0.000000,    0.000000,   12.973076,150268.926072,    0.000000,    0.000000,    0.000000,    0.000000,    0.098707,   20.872059,   19.931744,   20.872059,  200.857444, -136.855096,  -25.135520,  -70.735040,  720.284413,    0.000000,    0.081247,    1.729432,    1.052464,    0.429995,    0.206429,    0.001300,    0.001300,    0.000000
2021-01-23 24:00:00,1089298.346705,    0.000000,    0.000000,    0.000000, 1443.744000,  691.881205,    0.000000, -752.001214,  204.313568,    0.000000,    0.000000,   12.974442,150298.039273,    0.000000,    0.000000,    0.000000,    0.000000,    0.098583,   20.782635,   20.022227,   20.782635,  200.391152, -141.752082,  -17.725029,  -62.812284,  786.905721,    0.000000,    0.111462,    2.281221,    1.208757,    0.200795,    0.141314,    0.001300,    0.001300,    0.000000
2021-01-24 24:00:00,1089512.086540,    0.000000,    0.000000,    0.000000, 1384.992000,  792.261826,    0.000000, -583.980935,  204.368790,    0.000000,    0.000000,   12.975867,150328.404823,    0.000000,    0.000000,    0.000000,    0.000000,    0.098453,   21.029511,   20.135407,   21.029511,  232.439765, -110.056175,  -17.101784,  -69.568421,  956.510442,    0.000000,    0.118828,    2.412036,    1.242932,    0.206096,    0.120674,    0.001300,    0.001300,    0.000000
2021-01-25 24:00:00,1091190.143698,    0.000000,    0.000000,    0.000000, 3679.776000, 1547.262514,    0.000000, -500.367270,   45.088895,    0.000000,    0.000000,   12.987052,150566.802730,    0.000000,    0.000000,    0.000000,    0.000000,    0.098317,   21.606666,   20.215641,   21.606666,  272.057699,  -94.102630,  -10.409563,  -63.202297,  678.966533,    0.000000,    0.103445,    2.137441,    1.170045,    0.465940,    0.109753,    0.001300,    0.001300,    0.000000
2021-01-26 24:00:00,1090663.407665,    0.000000,    0.000000,    0.000000, 1472.256000, 1604.378504,    0.000000, -411.018995,   15.053891,    0.000000,    0.000000,   12.983541,150491.970495,    0.000000,    0.000000,    0.000000,    0.000000,    0.098176,   22.397439,   20.253633,   22.397439,  285.461735,  -77.266525,  -12.488101,  -67.229506,  850.727493,    0.000000,    0.072808,    1.570198,    1.002842,    1.444334,    0.133511,    0.001300,    0.001300,    0.000000
2021-01-27 24:00:00,1090151.592520,    0.000000,    0.000000,    0.000000, 1381.536000, 1527.168245,    0.000000, -413.903627,   46.644457,    0.000000,    0.000000,   12.980129,150419.258038,    0.000000,    0.000000,    0.000000,    0.000000,    0.098030,   22.871944,   20.262318,   22.871944,  267.121752,  -77.781952,  -14.555794,  -71.656107,    0.000000,    0.000000,    0.054926,    1.222231,    0.884774,    3.245516,    0.139057,    0.001300,    0.001300,    0.000000
2021-01-28 24:00:00,1088866.916575,    0.000000,    0.000000,    0.000000, 1307.232000, 1422.724968,    0.000000,-1218.230897,   46.604036,    0.000000,    0.000000,   12.971566,150236.746939,    0.000000,    0.000000,    0.000000,    0.000000,    0.097878,   21.560681,   20.304907,   21.560681,  247.695132, -229.354470,  -45.627565,  -74.655956,  897.650277,    0.000000,    0.131590,    2.635687,    1.299279,    0.551346,    0.156295,    0.001300,    0.001300,    0.000000
2021-01-29 24:00:00,1088358.249698,    0.000000,    0.000000,    0.000000, 1238.976000, 1037.751623,    0.000000, -749.708069,   39.048735,    0.000000,    0.000000,   12.968176,150164.481749,    0.000000,    0.000000,    0.000000,    0.000000,    0.097721,   21.680789,   20.320816,   21.680789,  257.722777, -141.317269,  -27.917036,  -98.885146, 1010.290924,    0.000000,    0.066946,    1.457545,    0.966199,    1.327349,    0.130474,    0.001300,    0.001300,    0.000000
2021-01-30 24:00:00,1089009.053364,    0.000000,    0.000000,    0.000000, 1176.768000,  130.983948,    0.000000, -396.775294,    1.501370,    0.000000,    0.000000,   12.972514,150256.940001,    0.000000,    0.000000,    0.000000,    0.000000,    0.097559,   22.376717,   20.327040,   22.376717,  291.363460,  -74.712909,  -13.872980, -112.980522, 1142.875729,    0.000000,    0.031685,    0.742182,    0.689462,    5.714291,    0.218630,    0.001300,    0.001300,    0.000000
2021-01-31 24:00:00,1089436.566735,    0.000000,    0.000000,    0.000000, 1115.424000,  165.663135,    0.000000, -531.940530,    9.013204,    0.000000,    0.000000,   12.975363,150317.675890,    0.000000,    0.000000,    0.000000,    0.000000,    0.097392,   22.629380,   20.334631,   22.629380,  303.095232, -100.056066,  -19.243895, -102.357520, 1091.715407,    0.000000,    0.051241,    1.148423,    0.857643,    3.375760,    0.218833,    0.001300,    0.001300,    0.000000
2021-02-01 24:00:00,1090129.629058,    0.000000,    0.000000,    0.000000, 1060.128000,  191.321003,    0.000000, -207.636355,   31.564134,    0.000000,    0.000000,   12.979983,150416.137737,    0.000000,    0.000000,    0.000000,    0.000000,    0.097219,   23.605802,   20.338103,   23.605802,  276.261524,  -38.996281,   -7.874385,  -91.892799,    0.189834,    0.000000,    0.016122,    0.393400,    0.501964,   31.044447,    0.128079,    0.001300,    0.001300,    0.000000
2021-02-02 24:00:00,1090632.689910,    0.000000,    0.000000,    0.000000, 1009.152000,  231.559800,    0.000000, -306.794211,   31.583331,    0.000000,    0.000000,   12.983336,150487.606491,    0.000000,    0.000000,    0.000000,    0.000000,    0.097042,   23.924780,   20.344171,   23.924780,  255.473097,  -57.555677,  -13.280825,  -98.279165,  714.615701,    0.000000,    0.024509,    0.584906,    0.612066,   19.128838,    0.123733,    0.001300,    0.001300,    0.000000
2021-02-03 24:00:00,1093322.302731,    0.000000,    0.000000,    0.000000, 3352.320000,  262.328031,    0.000000, -454.198802,   52.660739,    0.000000,    0.000000,   13.001239,150866.045032,    0.000000,    0.000000,    0.000000,    0.000000,    0.096859,   24.087454,   20.348298,   24.087454,  271.357613,  -84.976676,  -19.432943,  -99.771301, 1054.335331,    0.000000,    0.043335,    0.987610,    0.795331,    8.459197,    0.224389,    0.001300,    0.001300,    0.000000
2021-02-04 24:00:00,1094171.437075,    0.000000,    0.000000,    0.000000, 1610.496000,  439.605247,    0.000000, -429.825370,  110.117398,    0.000000,    0.000000,   13.006785,150970.248126,    0.000000,    0.000000,    0.000000,    0.000000,    0.096671,   24.407598,   20.352528,   24.407598,  263.205920,  -80.318644,  -15.088031,  -87.322216,    0.000000,    0.000000,    0.035836,    0.831040,    0.729569,   13.275707,    0.133491,    0.001300,    0.001300,    0.000000
2021-02-05 24:00:00,1094895.609417,    0.000000,    0.000000,    0.000000, 1295.136000,  501.406959,    0.000000, -178.799525,  110.205138,    0.000000,    0.000000,   13.011516,151059.116277,    0.000000,    0.000000,    0.000000,    0.000000,    0.096478,   25.209481,   20.355398,   25.209481,  250.176012,  -33.376941,   -8.094211,  -98.810639,  951.737430,    0.000000,    0.012365,    0.304627,    0.441712,   85.765708,    0.133531,    0.001300,    0.001300,    0.000000
2021-02-06 24:00:00,1095061.754997,    0.000000,    0.000000,    0.000000, 1218.240000,  556.576124,    0.000000, -506.992902,   18.123479,    0.000000,    0.000000,   13.012601,151079.505139,    0.000000,    0.000000,    0.000000,    0.000000,    0.096281,   25.043472,   20.358280,   25.043472,  242.439981,  -94.576907,  -18.950122,  -86.667718,  805.357797,    0.000000,    0.036008,    0.834740,    0.731191,   16.145705,    0.168016,    0.001300,    0.001300,    0.000000
2021-02-07 24:00:00,1094911.053261,    0.000000,    0.000000,    0.000000, 1153.440000,  567.336423,    0.000000, -760.176324,   33.227620,    0.000000,    0.000000,   13.011617,151061.011497,    0.000000,    0.000000,    0.000000,    0.000000,    0.096079,   24.425050,   20.363401,   24.425050,  231.071182, -141.904802,  -28.448352,  -94.715171,  862.684908,    0.000000,    0.057136,    1.266322,    0.900591,    7.134058,    0.173525,    0.001300,    0.001300,    0.000000
2021-02-08 24:00:00,1096318.460676,    0.000000,    0.000000,    0.000000, 1093.824000,  550.481039,    0.000000, -912.031004, 1764.963286,    0.000000,    0.000000,   13.020810,151233.724105,    0.000000,    0.000000,    0.000000,    0.000000,    0.095871,   23.821191,   20.370518,   23.821191,  224.581436, -170.164457,  -32.170634,  -70.554130,  755.855942,    0.000000,    0.086470,    1.827574,    1.081915,    3.215205,    0.191727,    0.001300,    0.001300,    0.000000
2021-02-09 24:00:00,1097876.221515,    0.000000,    0.000000,    0.000000, 1035.936000,  656.915004,    0.000000, -764.066111, 1929.092051,    0.000000,    0.000000,   13.030986,151424.887613,    0.000000,    0.000000,    0.000000,    0.000000,    0.095660,   23.239082,   20.379798,   23.239082,  169.206694, -142.462290,  -27.945854,  -51.531096,  461.581549,    0.000000,    0.104788,    2.162703,    1.176939,    2.112718,    0.218388,    0.001300,    0.001300,    0.000000
2021-02-10 24:00:00,1098086.093823,    0.000000,    0.000000,    0.000000,  983.232000,  792.589232,    0.000000, -663.906750,  682.928008,    0.000000,    0.000000,   13.032357,151450.642482,    0.000000,    0.000000,    0.000000,    0.000000,    0.095443,   23.056517,   20.387467,   23.056517,  161.407139, -123.855071,  -33.320132,  -48.864756,  691.477108,    0.000000,    0.066534,    1.450308,    0.963797,    3.958962,    0.219556,    0.001300,    0.001300,    0.000000
2021-02-11 24:00:00,1097074.592920,    0.000000,    0.000000,    0.000000,  932.256000,  817.056831,    0.000000,-1117.218127,    3.027651,    0.000000,    0.000000,   13.025750,151326.514274,    0.000000,    0.000000,    0.000000,    0.000000,    0.095222,   22.352486,   20.401352,   22.352486,  224.683444, -208.709752,  -45.976056,  -98.591437,  908.602822,    0.000000,    0.097566,    2.031760,    1.140753,    1.399574,    0.163909,    0.001300,    0.001300,    0.000000
2021-02-12 24:00:00,1096586.502360,    0.000000,    0.000000,    0.000000,  888.192000,  734.902308,    0.000000, -636.884343,    3.025761,    0.000000,    0.000000,   13.022561,151266.617337,    0.000000,    0.000000,    0.000000,    0.000000,    0.094997,   22.672265,   20.409700,   22.672265,  272.217787, -119.055104,  -24.883392, -105.321974,    0.000000,    0.000000,    0.055455,    1.233107,    0.888701,    3.320321,    0.125821,    0.001300,    0.001300,    0.000000
2021-02-13 24:00:00,1101951.960714,    0.000000,    0.000000,    0.000000,  840.672000,  704.031931,    0.000000, -493.112843, 5670.355219,    0.000000,    0.000000,   13.057611,151925.049500,    0.000000,    0.000000,    0.000000,    0.000000,    0.094767,   23.278494,   20.417778,   23.278494,  285.058042,  -91.717895,  -17.591727,  -66.110906,  999.547853,    0.000000,    0.053965,    1.203706,    0.878043,    4.289502,    0.134098,    0.001300,    0.001300,    0.000000
2021-02-14 24:00:00,1106821.820056,    0.000000,    0.000000,    0.000000,  950.400000, 1202.906307,    0.000000, -884.156208, 5977.818310,    0.000000,    0.000000,   13.089422,152522.663312,    0.000000,    0.000000,    0.000000,    0.000000,    0.094532,   22.483389,   20.442658,   22.483389,  219.138362, -163.799392,  -31.878480,  -46.597565,  432.280170,    0.000000,    0.132266,    2.650204,    1.302852,    0.959391,    0.157184,    0.001300,    0.001300,    0.000000
2021-02-15 24:00:00,1112249.536680,    0.000000,    0.000000,    0.000000, 6060.096000, 1717.149760,    0.000000, -243.203396, 1324.447597,    0.000000,    0.000000,   13.123938,153023.423934,    0.000000,    0.000000,    0.000000,    0.000000,    0.094293,   22.798936,   20.449342,   22.798936,  134.123474,  -44.921934,  -12.409376,  -28.675218,    0.000000,    0.000000,    0.058436,    1.292797,    0.909956,    4.006484,    0.211672,    0.001300,    0.001300,    0.000000
2021-02-16 24:00:00,1110642.760903,    0.000000,    0.000000,    0.000000, 1538.784000, 2251.323864,    0.000000,-1014.443278,  154.518134,    0.000000,    0.000000,   13.113839,152895.990554,    0.000000,    0.000000,    0.000000,    0.000000,    0.094051,   22.126300,   20.490685,   22.126300,  176.698784, -187.638133,  -38.660728,  -70.896821,  265.601208,    0.000000,    0.121020,    2.453685,    1.253617,    0.725927,    0.162647,    0.001300,    0.001300,    0.000000
2021-02-17 24:00:00,1109174.422595,    0.000000,    0.000000,    0.000000, 1411.776000, 2098.481543,    0.000000, -760.209306,    9.171939,    0.000000,    0.000000,   13.104609,152779.536649,    0.000000,    0.000000,    0.000000,    0.000000,    0.093803,   22.179984,   20.522350,   22.179984,  258.033178, -140.757194,  -30.350986, -109.017415,  960.101887,    0.000000,    0.073276,    1.580583,    1.006153,    1.356355,    0.117559,    0.001300,    0.001300,    0.000000
2021-02-18 24:00:00,1108375.158287,    0.000000,    0.000000,    0.000000, 1323.648000, 1967.041076,    0.000000, -149.679178,    0.000000,    0.000000,    0.000000,   13.099569,152713.284091,    0.000000,    0.000000,    0.000000,    0.000000,    0.093552,   23.306306,   20.526330,   23.306306,  273.073257,  -27.704103,   -5.946668, -105.358478,    0.000000,    0.000000,    0.009988,    0.247488,    0.398137,   48.854891,    0.122429,    0.001300,    0.001300,    0.000000
2021-02-19 24:00:00,1107140.538342,    0.000000,    0.000000,    0.000000, 1251.072000, 1894.430463,    0.000000, -589.695144,    0.000000,    0.000000,    0.000000,   13.091504,152561.775417,    0.000000,    0.000000,    0.000000,    0.000000,    0.093297,   22.874430,   20.546678,   22.874430,  266.884633, -109.213976,  -29.582184, -110.706817,  910.336128,    0.000000,    0.058156,    1.287249,    0.908002,    3.029925,    0.128824,    0.001300,    0.001300,    0.000000
2021-02-20 24:00:00,1106216.290223,    0.000000,    0.000000,    0.000000, 1184.544000, 1785.432295,    0.000000, -323.741849,    1.525422,    0.000000,    0.000000,   13.085467,152448.354596,    0.000000,    0.000000,    0.000000,    0.000000,    0.093038,   23.430780,   20.555332,   23.430780,  274.688016,  -60.002058,  -17.544659, -116.567857,  990.761706,    0.000000,    0.031400,    0.736509,    0.686822,    9.595402,    0.122976,    0.001300,    0.001300,    0.000000
2021-02-21 24:00:00,1105189.054547,    0.000000,    0.000000,    0.000000, 1123.200000, 1704.356993,    0.000000, -459.391943,   15.242108,    0.000000,    0.000000,   13.078756,152322.295467,    0.000000,    0.000000,    0.000000,    0.000000,    0.092775,   23.588261,   20.586191,   23.588261,  277.020086,  -85.168798,  -18.596822, -106.828315,  921.317930,    0.000000,    0.049699,    1.118203,    0.846283,    5.218453,    0.172540,    0.001300,    0.001300,    0.000000
2021-02-22 24:00:00,1103733.851512,    0.000000,    0.000000,    0.000000, 1065.312000, 1605.782401,    0.000000, -925.086058,   15.226601,    0.000000,    0.000000,   13.069250,152143.717531,    0.000000,    0.000000,    0.000000,    0.000000,    0.092508,   22.893917,   20.623371,   22.893917,  256.674304, -171.764732,  -31.126897,  -90.259253,  844.280702,    0.000000,    0.112383,    2.299693,    1.213641,    1.220912,    0.143426,    0.001300,    0.001300,    0.000000
2021-02-23 24:00:00,1102376.683112,    0.000000,    0.000000,    0.000000, 1010.016000, 1446.557937,    0.000000, -919.208446,    4.562636,    0.000000,    0.000000,   13.060385,151977.170096,    0.000000,    0.000000,    0.000000,    0.000000,    0.092238,   22.568889,   20.660968,   22.568889,  243.183796, -170.960402,  -26.393228,  -89.191804,  379.926316,    0.000000,    0.111995,    2.292590,    1.211766,    0.977602,    0.177175,    0.001300,    0.001300,    0.000000
2021-02-24 24:00:00,1101618.934273,    0.000000,    0.000000,    0.000000,  959.904000, 1310.832418,    0.000000, -466.115852,   62.300571,    0.000000,    0.000000,   13.055435,151884.181543,    0.000000,    0.000000,    0.000000,    0.000000,    0.091964,   22.973717,   20.676304,   22.973717,  241.334164,  -86.742124,  -15.923432,  -85.393497,  826.349110,    0.000000,    0.057332,    1.270633,    0.902122,    3.085135,    0.124840,    0.001300,    0.001300,    0.000000
2021-02-25 24:00:00,1110380.767789,    0.000000,    0.000000,    0.000000,11887.776000, 2958.653013,    0.000000, -313.285156,  147.317660,    0.000000,    0.000000,   13.112192,152875.211881,    0.000000,    0.000000,    0.000000,    0.000000,    0.091686,   23.477609,   20.699575,   23.477609,  236.734551,  -57.890337,  -11.170750,  -86.574766,  150.139734,    0.000000,    0.032392,    0.757767,    0.696664,    9.269127,    0.121038,    0.001300,    0.001300,    0.000000
2021-02-26 24:00:00,1116605.808934,    0.000000,    0.000000,    0.000000,13930.272000, 7488.078979,    0.000000, -471.582886,  262.930045,    0.000000,    0.000000,   13.151320,153368.919868,    0.000000,    0.000000,    0.000000,    0.000000,    0.091405,   23.309408,   20.758065,   23.309408,  219.931741,  -86.843214,  -19.178302,  -83.433475,  551.640713,    0.000000,    0.049645,    1.117291,    0.845938,    4.631831,    0.177582,    0.001300,    0.001300,    0.000000
2021-02-27 24:00:00,1119125.259410,    0.000000,    0.000000,    0.000000,14234.400000,11438.149081,    0.000000, -533.664359,  266.842480,    0.000000,    0.000000,   13.167156,153568.737475,    0.000000,    0.000000,    0.000000,    0.000000,    0.091120,   23.147392,   20.881701,   23.147392,  212.217925,  -98.173391,  -21.678583,  -82.030021,  701.693896,    0.000000,    0.060806,    1.339788,    0.926347,    2.978103,    0.148071,    0.001300,    0.001300,    0.000000
2021-02-28 24:00:00,1113141.631318,    0.000000,    0.000000,    0.000000, 6187.968000,13058.385541,    0.000000, -606.107027, 1462.288228,    0.000000,    0.000000,   13.129546,153094.175956,    0.000000,    0.000000,    0.000000,    0.000000,    0.090833,   23.022653,   20.994408,   23.022653,  224.469099, -111.864217,  -23.479779,  -83.202353,    0.000000,    0.000000,    0.069733,    1.513300,    0.984505,    2.106312,    0.117682,    0.001300,    0.001300,    0.000000
2021-03-01 24:00:00,1104569.852839,    0.000000,    0.000000,    0.000000, 3697.920000,13243.624774,    0.000000, -532.627729, 1470.053322,    0.000000,    0.000000,   13.074712,152246.308982,    0.000000,    0.000000,    0.000000,    0.000000,    0.090542,   23.013122,   21.124265,   23.013122,  216.851998,  -98.847780,  -24.255415,  -68.818275,    0.000000,    0.000000,    0.065930,    1.439615,    0.960237,    2.207828,    0.108510,    0.001300,    0.001300,    0.000000
2021-03-02 24:00:00,1098913.953288,    0.000000,    0.000000,    0.000000, 2867.616000, 9603.012359,    0.000000, -423.160488, 1497.197303,    0.000000,    0.000000,   13.037765,151552.234790,    0.000000,    0.000000,    0.000000,    0.000000,    0.090247,   23.063902,   21.170556,   23.063902,  193.195796,  -78.890632,  -18.736461,  -66.034707,    0.000000,    0.000000,    0.067457,    1.468668,    0.969878,    2.156610,    0.103774,    0.001300,    0.001300,    0.000000
2021-03-03 24:00:00,1096602.526175,    0.000000,    0.000000,    0.000000, 2524.608000, 5974.111897,    0.000000, -469.354061, 1596.540195,    0.000000,    0.000000,   13.022666,151268.583729,    0.000000,    0.000000,    0.000000,    0.000000,    0.089950,   23.013992,   21.241293,   23.013992,  189.798055,  -87.673712,  -28.249500,  -62.809819,  653.125328,    0.000000,    0.075409,    1.620402,    1.018748,    1.668528,    0.128215,    0.001300,    0.001300,    0.000000
2021-03-04 24:00:00,1095858.347260,    0.000000,    0.000000,    0.000000, 2335.392000, 3006.609321,    0.000000, -416.975461,  344.881185,    0.000000,    0.000000,   13.017805,151177.260435,    0.000000,    0.000000,    0.000000,    0.000000,    0.089650,   23.084498,   21.283942,   23.084498,  211.201453,  -77.939137,  -22.395217,  -94.548165,    0.000000,    0.000000,    0.046812,    1.059173,    0.823643,    3.577515,    0.128926,    0.001300,    0.001300,    0.000000
2021-03-05 24:00:00,1096245.465682,    0.000000,    0.000000,    0.000000, 2197.152000, 2043.177502,    0.000000, -527.201614,  757.462374,    0.000000,    0.000000,   13.020334,151224.766389,    0.000000,    0.000000,    0.000000,    0.000000,    0.089347,   22.972822,   21.306040,   22.972822,  219.513222,  -98.504243,  -22.519211,  -90.976291,    0.000000,    0.000000,    0.054569,    1.215457,    0.882318,    2.685564,    0.130434,    0.001300,    0.001300,    0.000000
2021-03-06 24:00:00,1096587.526578,    0.000000,    0.000000,    0.000000, 2071.008000, 1655.875874,    0.000000, -832.813193,  760.631477,    0.000000,    0.000000,   13.022568,151266.743026,    0.000000,    0.000000,    0.000000,    0.000000,    0.089041,   22.389864,   21.359956,   22.389864,  193.239543, -155.620294,  -36.064629,  -75.775399,  572.896095,    0.000000,    0.092141,    1.932385,    1.112506,    0.723490,    0.135562,    0.001300,    0.001300,    0.000000
2021-03-07 24:00:00,1095623.186824,    0.000000,    0.000000,    0.000000, 1965.600000, 1437.344418,    0.000000,-1581.355776,  107.335330,    0.000000,    0.000000,   13.016269,151148.402286,    0.000000,    0.000000,    0.000000,    0.000000,    0.088733,   21.456634,   21.285568,   21.456634,  185.073352, -296.008876,  -56.976926,  -83.064355,  860.989057,    0.000000,    0.167285,    3.245856,    1.441850,    0.042659,    0.132071,    0.001300,    0.001300,    0.000000
2021-03-08 24:00:00,1095628.968784,    0.000000,    0.000000,    0.000000, 1863.648000, 1071.560128,    0.000000, -884.919022,  108.793007,    0.000000,    0.000000,   13.016306,151149.111830,    0.000000,    0.000000,    0.000000,    0.000000,    0.088422,   21.288357,   20.973883,   21.288357,  192.246586, -165.745023,  -34.833524,  -74.159848,    0.000000,    0.000000,    0.098461,    2.047824,    1.145254,    0.164181,    0.159694,    0.001300,    0.001300,    0.000000
2021-03-09 24:00:00,1097428.894822,    0.000000,    0.000000,    0.000000, 1779.840000,  993.618741,    0.000000, -401.927276, 1403.213712,    0.000000,    0.000000,   13.028064,151369.993089,    0.000000,    0.000000,    0.000000,    0.000000,    0.088109,   21.535720,   20.957509,   21.535720,  185.552394,  -75.169749,  -17.071355,  -69.342749,    0.000000,    0.000000,    0.041942,    0.959099,    0.783767,    0.866773,    0.124893,    0.001300,    0.001300,    0.000000
2021-03-10 24:00:00,1099072.154274,    0.000000,    0.000000,    0.000000, 1675.296000, 1013.856825,    0.000000, -434.046308, 1405.243456,    0.000000,    0.000000,   13.038799,151571.648717,    0.000000,    0.000000,    0.000000,    0.000000,    0.087793,   21.698942,   20.958883,   21.698942,  191.922066,  -81.054661,  -16.536178,  -56.016991,  653.970607,    0.000000,    0.064452,    1.409981,    0.950303,    0.564134,    0.123073,    0.001300,    0.001300,    0.000000
2021-03-11 24:00:00,1099392.627374,    0.000000,    0.000000,    0.000000, 1588.896000, 1120.488774,    0.000000, -219.214268,   72.750085,    0.000000,    0.000000,   13.040892,151610.976167,    0.000000,    0.000000,    0.000000,    0.000000,    0.087474,   22.184355,   20.960358,   22.184355,  215.626680,  -40.912658,  -11.588535,  -92.355167,    0.000000,    0.000000,    0.026436,    0.627872,    0.634148,    4.075740,    0.231300,    0.001300,    0.001300,    0.000000
2021-03-12 24:00:00,1099482.002465,    0.000000,    0.000000,    0.000000, 1507.680000, 1123.208338,    0.000000, -364.988106,   72.764622,    0.000000,    0.000000,   13.041476,151621.943997,    0.000000,    0.000000,    0.000000,    0.000000,    0.087154,   22.208169,   20.961980,   22.208169,  223.223491,  -68.084370,  -15.539022,  -93.951988,  551.676891,    0.000000,    0.039574,    0.909898,    0.763400,    2.826682,    0.117265,    0.001300,    0.001300,    0.000000
2021-03-13 24:00:00,1099462.360704,    0.000000,    0.000000,    0.000000, 1430.784000, 1186.422610,    0.000000, -356.966607,   95.511749,    0.000000,    0.000000,   13.041348,151619.533622,    0.000000,    0.000000,    0.000000,    0.000000,    0.086831,   22.462696,   20.963817,   22.462696,  232.615389,  -66.585646,  -16.129041, -100.140306,  801.193521,    0.000000,    0.033274,    0.776629,    0.705281,    4.437219,    0.132347,    0.001300,    0.001300,    0.000000
2021-03-14 24:00:00,1099304.693941,    0.000000,    0.000000,    0.000000, 1406.592000, 1301.091619,    0.000000, -362.197182,  101.574318,    0.000000,    0.000000,   13.040318,151600.185253,    0.000000,    0.000000,    0.000000,    0.000000,    0.086507,   22.706417,   20.965411,   22.706417,  234.125070,  -67.538597,  -13.511894,  -87.741161,  705.724328,    0.000000,    0.039591,    0.910263,    0.763553,    4.285161,    0.112185,    0.001300,    0.001300,    0.000000
2021-03-15 24:00:00,1099037.077469,    0.000000,    0.000000,    0.000000, 1289.088000, 1418.889220,    0.000000, -327.477299,  191.005214,    0.000000,    0.000000,   13.038569,151567.344202,    0.000000,    0.000000,    0.000000,    0.000000,    0.086180,   22.641719,   20.966811,   22.641719,  194.852553,  -61.067368,  -16.850389,  -89.637180,  544.756737,    0.000000,    0.041742,    0.955050,    0.782111,    4.426228,    0.130543,    0.001300,    0.001300,    0.000000
2021-03-16 24:00:00,1098797.457961,    0.000000,    0.000000,    0.000000, 1225.152000, 1476.743627,    0.000000, -492.865298,  504.718845,    0.000000,    0.000000,   13.037004,151537.938850,    0.000000,    0.000000,    0.000000,    0.000000,    0.085852,   22.172475,   20.968629,   22.172475,  157.467002,  -91.959869,  -23.704837,  -82.766412,  461.961741,    0.000000,    0.055203,    1.228225,    0.886940,    2.357246,    0.131575,    0.001300,    0.001300,    0.000000
2021-03-17 24:00:00,1098772.531918,    0.000000,    0.000000,    0.000000, 1159.488000, 1270.738147,    0.000000, -419.181674,  504.636774,    0.000000,    0.000000,   13.036841,151534.880004,    0.000000,    0.000000,    0.000000,    0.000000,    0.085522,   22.167586,   20.970915,   22.167586,  160.217260,  -78.244721,  -17.399683,  -69.176795,  557.458023,    0.000000,    0.049146,    1.106693,    0.841917,    2.449296,    0.142489,    0.001300,    0.001300,    0.000000
2021-03-18 24:00:00,1098100.549309,    0.000000,    0.000000,    0.000000, 1099.872000, 1044.694557,    0.000000, -727.172765,    7.574559,    0.000000,    0.000000,   13.032452,151452.416414,    0.000000,    0.000000,    0.000000,    0.000000,    0.085190,   21.741992,   20.974671,   21.741992,  189.238466, -135.845026,  -28.862442,  -90.610855,  642.608814,    0.000000,    0.067601,    1.470917,    0.970621,    0.870100,    0.119038,    0.001300,    0.001300,    0.000000
2021-03-19 24:00:00,1097547.545022,    0.000000,    0.000000,    0.000000, 1042.848000,  982.556209,    0.000000, -614.185555,    7.570786,    0.000000,    0.000000,   13.028839,151384.553468,    0.000000,    0.000000,    0.000000,    0.000000,    0.084857,   21.575104,   20.981753,   21.575104,  203.041828, -114.822950,  -25.681374, -101.446480,  641.555084,    0.000000,    0.053615,    1.196485,    0.875405,    0.817754,    0.114834,    0.001300,    0.001300,    0.000000
2021-03-20 24:00:00,1097588.585283,    0.000000,    0.000000,    0.000000, 1535.328000,  936.130296,    0.000000, -559.408767,    7.567560,    0.000000,    0.000000,   13.029107,151389.589799,    0.000000,    0.000000,    0.000000,    0.000000,    0.084522,   21.575371,   20.989598,   21.575371,  214.492445, -104.595750,  -22.924670, -105.408694,    0.000000,    0.000000,    0.046951,    1.062035,    0.824755,    0.801351,    0.115230,    0.001300,    0.001300,    0.000000
2021-03-21 24:00:00,1097190.732025,    0.000000,    0.000000,    0.000000,  997.056000,  946.054774,    0.000000, -445.322385,    1.513627,    0.000000,    0.000000,   13.026508,151340.766500,    0.000000,    0.000000,    0.000000,    0.000000,    0.084186,   21.600251,   20.993410,   21.600251,  217.988937,  -83.282733,  -19.275098, -101.902257,   36.123833,    0.000000,    0.041160,    0.942885,    0.777114,    1.038545,    0.211521,    0.001300,    0.001300,    0.000000
2021-03-22 24:00:00,1100218.730217,    0.000000,    0.000000,    0.000000, 4126.464000,  916.716568,    0.000000, -238.685448,   59.018632,    0.000000,    0.000000,   13.046288,151712.352908,    0.000000,    0.000000,    0.000000,    0.000000,    0.083849,   21.888052,   20.937773,   21.888052,  212.535778,  -44.522537,  -10.682933, -108.644188,  265.888168,    0.000000,    0.020281,    0.489585,    0.559976,    5.390959,    0.209889,    0.001300,    0.001300,    0.000000
2021-03-23 24:00:00,1100279.589735,    0.000000,    0.000000,    0.000000, 1489.536000, 1210.489288,    0.000000, -275.376509,   59.162673,    0.000000,    0.000000,   13.046686,151719.821397,    0.000000,    0.000000,    0.000000,    0.000000,    0.083511,   22.020299,   20.939005,   22.020299,  210.708495,  -51.349685,  -11.655267, -101.857697,    0.000000,    0.000000,    0.024583,    0.586730,    0.613020,    5.302832,    0.234419,    0.001300,    0.001300,    0.000000
2021-03-24 24:00:00,1100150.443570,    0.000000,    0.000000,    0.000000, 1391.904000, 1220.818741,    0.000000, -382.474106,   84.952887,    0.000000,    0.000000,   13.045842,151703.972986,    0.000000,    0.000000,    0.000000,    0.000000,    0.083171,   21.924381,   20.940224,   21.924381,  208.234441,  -71.328884,  -19.678559, -107.229475,  654.532207,    0.000000,    0.039247,    0.903100,    0.760542,    2.467596,    0.133055,    0.001300,    0.001300,    0.000000
2021-03-25 24:00:00,1099866.001338,    0.000000,    0.000000,    0.000000, 1313.280000, 1259.054056,    0.000000, -425.064168,   89.493230,    0.000000,    0.000000,   13.043984,151669.067130,    0.000000,    0.000000,    0.000000,    0.000000,    0.082831,   21.834990,   20.941750,   21.834990,  198.006913,  -79.292248,  -18.278128,  -92.994862,  573.976218,    0.000000,    0.047433,    1.071957,    0.828599,    1.779685,    0.105060,    0.001300,    0.001300,    0.000000
2021-03-26 24:00:00,1098682.971004,    0.000000,    0.000000,    0.000000, 1245.024000, 1864.937707,    0.000000, -823.150251,  265.360452,    0.000000,    0.000000,   13.036256,151523.889371,    0.000000,    0.000000,    0.000000,    0.000000,    0.082490,   21.265199,   20.943527,   21.265199,  178.719768, -153.766479,  -33.251419,  -78.445060,    0.000000,    0.000000,    0.116939,    2.380058,    1.234665,    0.149677,    0.102629,    0.001300,    0.001300,    0.000000
2021-03-27 24:00:00,1101862.242417,    0.000000,    0.000000,    0.000000, 1178.496000, 1389.254213,    0.000000, -862.538214, 4222.432200,    0.000000,    0.000000,   13.057024,151914.039553,    0.000000,    0.000000,    0.000000,    0.000000,    0.082148,   20.890976,   20.743107,   20.890976,  143.959872, -160.783733,  -25.238462,  -56.307033,  136.656098,    0.000000,    0.116823,    2.378364,    1.234226,    0.055883,    0.169147,    0.001300,    0.001300,    0.000000
2021-03-28 24:00:00,1105725.915214,    0.000000,    0.000000,    0.000000, 1117.152000, 1566.420775,    0.000000, -466.582192, 4753.704838,    0.000000,    0.000000,   13.082263,152388.177318,    0.000000,    0.000000,    0.000000,    0.000000,    0.081805,   20.726673,   20.582295,   20.726673,   95.798074,  -86.730948,  -18.973807,  -38.759948,   49.968578,    0.000000,    0.093372,    1.956013,    1.119287,    0.077667,    0.172864,    0.001300,    0.001300,    0.000000
2021-03-29 24:00:00,1110776.330517,    0.000000,    0.000000,    0.000000, 1060.128000, 1821.431263,    0.000000, -209.162064, 5889.405095,    0.000000,    0.000000,   13.114678,152906.583960,    0.000000,    0.000000,    0.000000,    0.000000,    0.081462,   20.724552,   20.495023,   20.724552,   79.757815,  -38.754763,  -10.667661,  -43.184714,   76.382139,    0.000000,    0.070348,    1.524674,    0.988198,    0.187107,    0.180529,    0.001300,    0.001300,    0.000000
2021-03-30 24:00:00,1115330.866894,    0.000000,    0.000000,    0.000000, 1006.560000, 2318.521766,    0.000000, -281.064913, 5927.637903,    0.000000,    0.000000,   13.143306,153267.804220,    0.000000,    0.000000,    0.000000,    0.000000,    0.081118,   20.815241,   20.443743,   20.815241,  107.732994,  -51.957044,  -14.854765,  -35.966579,    0.000000,    0.000000,    0.085578,    1.812706,    1.077505,    0.187192,    0.190286,    0.001300,    0.001300,    0.000000
2021-03-31 24:00:00,1115130.852306,    0.000000,    0.000000,    0.000000,  959.904000, 2788.250270,    0.000000, -276.750233, 1846.087129,    0.000000,    0.000000,   13.142049,153251.941064,    0.000000,    0.000000,    0.000000,    0.000000,    0.080774,   20.823298,   20.408800,   20.823298,  141.784764,  -51.160661,  -12.531330,  -80.022441,    0.219746,    0.000000,    0.043173,    0.985241,    0.794377,    0.613362,    0.122670,    0.001300,    0.001300,    0.000000
2021-04-01 24:00:00,1114805.586298,    0.000000,    0.000000,    0.000000,  906.336000, 2765.355214,    0.000000, -367.854663, 1845.852099,    0.000000,    0.000000,   13.140005,153226.144219,    0.000000,    0.000000,    0.000000,    0.000000,    0.080430,   20.740771,   20.337018,   20.740771,  160.890366,  -68.018355,  -20.530438,  -88.001401,  511.910496,    0.000000,    0.049440,    1.113356,    0.844447,    0.478264,    0.198468,    0.001300,    0.001300,    0.000000
2021-04-02 24:00:00,1112341.594075,    0.000000,    0.000000,    0.000000,  859.680000, 2728.532295,    0.000000, -594.554393,   21.448433,    0.000000,    0.000000,   13.124517,153030.725006,    0.000000,    0.000000,    0.000000,    0.000000,    0.080086,   20.530942,   20.196544,   20.530942,  179.591775, -110.094667,  -24.879951,  -89.293375,    0.969963,    0.000000,    0.082482,    1.754729,    1.060133,    0.208792,    0.201182,    0.001300,    0.001300,    0.000000
2021-04-03 24:00:00,1110616.088461,    0.000000,    0.000000,    0.000000,  816.480000, 2476.700522,    0.000000,  -85.750334,   22.954232,    0.000000,    0.000000,   13.113671,152893.875163,    0.000000,    0.000000,    0.000000,    0.000000,    0.079742,   21.200507,   20.197576,   21.200507,  188.094224,  -15.887824,   -3.919794,  -85.060224,  560.529747,    0.000000,    0.008089,    0.201300,    0.359068,   21.309780,    0.209594,    0.001300,    0.001300,    0.000000
2021-04-04 24:00:00,1108478.168972,    0.000000,    0.000000,    0.000000,  772.416000, 2301.955094,    0.000000, -622.801207,   38.217513,    0.000000,    0.000000,   13.100233,152724.316777,    0.000000,    0.000000,    0.000000,    0.000000,    0.079398,   20.579424,   20.199367,   20.579424,  167.871669, -115.513278,  -25.820950,  -70.561442,    0.000000,    0.000000,    0.071949,    1.555243,    0.998055,    0.390217,    0.152823,    0.001300,    0.001300,    0.000000
2021-04-05 24:00:00,1106689.310184,    0.000000,    0.000000,    0.000000,  733.536000, 2095.307076,    0.000000, -470.431777,   45.810037,    0.000000,    0.000000,   13.088557,152506.402117,    0.000000,    0.000000,    0.000000,    0.000000,    0.079054,   20.525600,   20.209907,   20.525600,  149.853688,  -87.411331,  -13.760434,  -61.743322,  255.604386,    0.000000,    0.086669,    1.832423,    1.083349,    0.183021,    0.111765,    0.001300,    0.001300,    0.000000
2021-04-06 24:00:00,1105004.920674,    0.000000,    0.000000,    0.000000,  696.384000, 1932.679736,    0.000000, -501.218380,   54.892619,    0.000000,    0.000000,   13.077554,152299.699138,    0.000000,    0.000000,    0.000000,    0.000000,    0.078710,   20.377203,   20.094336,   20.377203,  155.499419,  -93.272321,  -20.898978,  -79.756222,  128.081899,    0.000000,    0.089714,    1.888656,    1.099846,    0.151352,    0.206677,    0.001300,    0.001300,    0.000000
2021-04-07 24:00:00,1103892.014064,    0.000000,    0.000000,    0.000000,  661.824000, 1783.182155,    0.000000,  -67.741808,   76.150076,    0.000000,    0.000000,   13.070284,152163.126741,    0.000000,    0.000000,    0.000000,    0.000000,    0.078366,   20.813566,   20.095212,   20.813566,  156.024327,  -12.615045,   -2.867955,  -83.531979,    0.000000,    0.000000,    0.006972,    0.173972,    0.333806,   19.526132,    0.233271,    0.001300,    0.001300,    0.000000
2021-04-08 24:00:00,1103253.538679,    0.000000,    0.000000,    0.000000,  628.128000, 1682.298495,    0.000000, -343.108475,  756.369167,    0.000000,    0.000000,   13.066113,152084.775051,    0.000000,    0.000000,    0.000000,    0.000000,    0.078024,   20.481675,   20.096638,   20.481675,  134.273724,  -63.920258,  -16.682763,  -68.473660,    0.000000,    0.000000,    0.060063,    1.324607,    0.921083,    0.519424,    0.142923,    0.001300,    0.001300,    0.000000
2021-04-09 24:00:00,1103223.767145,    0.000000,    0.000000,    0.000000,  596.160000, 1618.616257,    0.000000, -685.459806, 1672.043043,    0.000000,    0.000000,   13.065918,152081.121582,    0.000000,    0.000000,    0.000000,    0.000000,    0.077681,   20.060088,   19.941028,   20.060088,  104.067273, -127.760643,  -21.681522,  -50.716956,   99.649616,    0.000000,    0.146290,    2.891786,    1.360939,    0.017244,    0.152853,    0.001300,    0.001300,    0.000000
2021-04-10 24:00:00,1103681.316817,    0.000000,    0.000000,    0.000000,  565.056000, 1618.057863,    0.000000, -170.815347, 1672.346799,    0.000000,    0.000000,   13.068907,152137.270638,    0.000000,    0.000000,    0.000000,    0.000000,    0.077340,   20.340000,   19.932431,   20.340000,  109.815920,  -31.831618,   -9.251833,  -39.682493,   52.819102,    0.000000,    0.067873,    1.476639,    0.972507,    0.246309,    0.122859,    0.001300,    0.001300,    0.000000
2021-04-11 24:00:00,1103065.122268,    0.000000,    0.000000,    0.000000,  980.640000, 1676.541665,    0.000000,  -75.968134,  155.184715,    0.000000,    0.000000,   13.064882,152061.653182,    0.000000,    0.000000,    0.000000,    0.000000,    0.076999,   20.740415,   19.933204,   20.740415,  137.794288,  -14.157852,   -4.375901,  -65.235358,    0.000000,    0.000000,    0.014781,    0.362006,    0.481519,    6.225193,    0.222674,    0.001300,    0.001300,    0.000000
2021-04-12 24:00:00,1102276.419990,    0.000000,    0.000000,    0.000000,  545.184000, 1615.279455,    0.000000, -131.066338,  410.610565,    0.000000,    0.000000,   13.059730,151964.866121,    0.000000,    0.000000,    0.000000,    0.000000,    0.076659,   21.096265,   19.934266,   21.096265,  147.353139,  -24.429951,   -5.384757,  -53.254875,  431.491882,    0.000000,    0.033264,    0.776528,    0.705235,    2.765218,    0.232633,    0.001300,    0.001300,    0.000000
2021-04-13 24:00:00,1101219.624050,    0.000000,    0.000000,    0.000000,  516.672000, 1533.079592,    0.000000, -726.955931,  686.863456,    0.000000,    0.000000,   13.052827,151835.179449,    0.000000,    0.000000,    0.000000,    0.000000,    0.076320,   20.173681,   19.941584,   20.173681,  152.815530, -135.675466,  -29.644615,  -86.501267,    0.000000,    0.000000,    0.107338,    2.209129,    1.189504,    0.111936,    0.109253,    0.001300,    0.001300,    0.000000
2021-04-14 24:00:00,1100024.864099,    0.000000,    0.000000,    0.000000,  490.752000, 1413.561594,    0.000000, -547.531497,  277.828167,    0.000000,    0.000000,   13.045022,151688.562268,    0.000000,    0.000000,    0.000000,    0.000000,    0.075982,   19.891017,   19.744123,   19.891017,  140.654386, -102.341028,  -31.739245,  -89.313279,  145.367693,    0.000000,    0.076412,    1.639489,    1.024731,    0.101497,    0.214029,    0.001300,    0.001300,    0.000000
2021-04-15 24:00:00,1100544.871029,    0.000000,    0.000000,    0.000000, 1274.400000, 1294.392839,    0.000000, -721.049440, 1256.238602,    0.000000,    0.000000,   13.048419,151752.375882,    0.000000,    0.000000,    0.000000,    0.000000,    0.075646,   19.548647,   19.378989,   19.548647,  126.419441, -134.770496,  -24.691389,  -77.379724,  105.572194,    0.000000,    0.114588,    2.338485,    1.223834,    0.066265,    0.167573,    0.001300,    0.001300,    0.000000
2021-04-16 24:00:00,1105418.008720,    0.000000,    0.000000,    0.000000, 5488.128000, 1361.958868,    0.000000, -558.687161, 1299.372089,    0.000000,    0.000000,   13.080252,152350.392003,    0.000000,    0.000000,    0.000000,    0.000000,    0.075310,   19.376619,   18.978647,   19.376619,  139.241350, -104.047336,  -24.377161,  -78.490177,  110.525079,    0.000000,    0.101707,    2.107464,    1.161811,    0.220546,    0.105804,    0.001300,    0.001300,    0.000000
2021-04-17 24:00:00,1103835.629246,    0.000000,    0.000000,    0.000000, 1082.592000, 1871.385503,    0.000000, -868.738215,   79.197511,    0.000000,    0.000000,   13.069915,152156.207374,    0.000000,    0.000000,    0.000000,    0.000000,    0.074976,   18.883930,   18.726941,   18.883930,  145.507674, -162.053704,  -38.600867,  -83.714616,  128.218203,    0.000000,    0.104634,    2.160748,    1.176407,    0.062199,    0.180742,    0.001300,    0.001300,    0.000000
2021-04-18 24:00:00,1103069.043343,    0.000000,    0.000000,    0.000000,  945.216000, 1738.455407,    0.000000, -349.337010,  375.829236,    0.000000,    0.000000,   13.064908,152062.134364,    0.000000,    0.000000,    0.000000,    0.000000,    0.074644,   18.833847,   18.608994,   18.833847,  123.335763,  -65.222935,  -17.141852,  -68.272491,   78.903319,    0.000000,    0.041457,    0.949304,    0.779755,    0.391538,    0.192615,    0.001300,    0.001300,    0.000000
2021-04-19 24:00:00,1103485.344502,    0.000000,    0.000000,    0.000000,  871.776000, 2405.118911,    0.000000, -234.993126, 2173.082139,    0.000000,    0.000000,   13.067627,152113.221532,    0.000000,    0.000000,    0.000000,    0.000000,    0.074313,   18.790383,   18.551457,   18.790383,   98.260635,  -43.863060,  -10.808380,  -56.056721,   92.403696,    0.000000,    0.036483,    0.845119,    0.735723,    0.488882,    0.191729,    0.001300,    0.001300,    0.000000
2021-04-20 24:00:00,1103366.428620,    0.000000,    0.000000,    0.000000,  818.208000, 3002.799579,    0.000000, -127.307191, 2181.521564,    0.000000,    0.000000,   13.066850,152098.628550,    0.000000,    0.000000,    0.000000,    0.000000,    0.073984,   19.000388,   18.552811,   19.000388,  101.264425,  -23.764814,   -6.766883,  -41.766365,  241.317061,    0.000000,    0.046560,    1.054429,    0.821796,    0.496980,    0.101640,    0.001300,    0.001300,    0.000000
2021-04-21 24:00:00,1101989.932092,    0.000000,    0.000000,    0.000000,  774.144000, 1924.906800,    0.000000, -339.845597,  115.584541,    0.000000,    0.000000,   13.057859,151929.709228,    0.000000,    0.000000,    0.000000,    0.000000,    0.073656,   18.787080,   18.517545,   18.787080,  121.973807,  -63.511868,  -12.559399,  -72.316871,  107.781220,    0.000000,    0.079990,    1.707169,    1.045668,    0.157565,    0.139001,    0.001300,    0.001300,    0.000000
2021-04-22 24:00:00,1102377.608000,    0.000000,    0.000000,    0.000000, 1860.192000, 2252.307495,    0.000000, -101.234096,  875.378906,    0.000000,    0.000000,   13.060391,151977.283595,    0.000000,    0.000000,    0.000000,    0.000000,    0.073331,   19.096381,   18.492607,   19.096381,  138.428753,  -18.911378,   -6.174261,  -74.028853,    0.000000,    0.000000,    0.012050,    0.297105,    0.436225,    6.549414,    0.218557,    0.001300,    0.001300,    0.000000
2021-04-23 24:00:00,1102289.169961,    0.000000,    0.000000,    0.000000, 1526.688000, 2364.334979,    0.000000, -131.634245,  875.642077,    0.000000,    0.000000,   13.059813,151966.430757,    0.000000,    0.000000,    0.000000,    0.000000,    0.073007,   19.303505,   18.493387,   19.303505,  139.448848,  -24.583422,   -6.168560,  -62.750189,  299.783463,    0.000000,    0.021794,    0.524054,    0.579353,    4.068155,    0.126083,    0.001300,    0.001300,    0.000000
2021-04-24 24:00:00,1100717.049467,    0.000000,    0.000000,    0.000000,  945.216000, 2199.756836,    0.000000, -638.868922,  323.646579,    0.000000,    0.000000,   13.049544,151773.505078,    0.000000,    0.000000,    0.000000,    0.000000,    0.072686,   18.627885,   18.440299,   18.627885,  136.682771, -119.507392,  -25.868714,  -85.128794,  123.315560,    0.000000,    0.099719,    2.071477,    1.151849,    0.087577,    0.190608,    0.001300,    0.001300,    0.000000
2021-04-25 24:00:00,1099691.781130,    0.000000,    0.000000,    0.000000,  876.960000, 1849.513554,    0.000000, -641.129542,  588.867118,    0.000000,    0.000000,   13.042846,151647.687375,    0.000000,    0.000000,    0.000000,    0.000000,    0.072366,   18.300938,   18.140852,   18.300938,  134.737666, -120.086508,  -29.165448,  -87.973568,   49.274438,    0.000000,    0.091344,    1.918164,    1.108405,    0.074193,    0.192740,    0.001300,    0.001300,    0.000000
2021-04-26 24:00:00,1099387.273865,    0.000000,    0.000000,    0.000000,  825.984000, 1603.647554,    0.000000, -542.870073, 1011.672750,    0.000000,    0.000000,   13.040857,151610.319201,    0.000000,    0.000000,    0.000000,    0.000000,    0.072049,   18.030273,   17.869145,   18.030273,  126.955883, -101.741599,  -28.430520,  -85.346063,   94.167250,    0.000000,    0.086077,    1.820679,    1.079872,    0.081451,    0.197315,    0.001300,    0.001300,    0.000000
2021-04-27 24:00:00,1099125.298694,    0.000000,    0.000000,    0.000000,  781.056000, 1361.179921,    0.000000, -291.390639,  606.515432,    0.000000,    0.000000,   13.039146,151578.170433,    0.000000,    0.000000,    0.000000,    0.000000,    0.071734,   17.986854,   17.738093,   17.986854,  123.172270,  -54.633383,  -19.147183,  -79.974059,    0.000000,    0.000000,    0.043020,    0.981517,    0.792874,    0.363173,    0.206225,    0.001300,    0.001300,    0.000000
2021-04-28 24:00:00,1098235.200146,    0.000000,    0.000000,    0.000000,  740.448000, 1343.933952,    0.000000, -336.808003,   53.046387,    0.000000,    0.000000,   13.033331,151468.940340,    0.000000,    0.000000,    0.000000,    0.000000,    0.071422,   17.843523,   17.577914,   17.843523,  130.573193,  -63.203345,  -18.703251,  -95.963498,   63.151887,    0.000000,    0.041523,    0.950479,    0.780237,    0.419624,    0.214734,    0.001300,    0.001300,    0.000000
2021-04-29 24:00:00,1097525.162254,    0.000000,    0.000000,    0.000000,  702.432000, 1261.572062,    0.000000, -234.114562,   84.817540,    0.000000,    0.000000,   13.028693,151381.806725,    0.000000,    0.000000,    0.000000,    0.000000,    0.071112,   17.823098,   17.525311,   17.823098,  133.317852,  -43.959763,  -12.469998,  -86.656752,   67.945395,    0.000000,    0.032975,    0.770191,    0.702352,    0.643647,    0.222485,    0.001300,    0.001300,    0.000000
2021-04-30 24:00:00,1096677.753944,    0.000000,    0.000000,    0.000000,  667.872000, 1197.927615,    0.000000, -398.548269,   84.763150,    0.000000,    0.000000,   13.023158,151277.815444,    0.000000,    0.000000,    0.000000,    0.000000,    0.070805,   17.637152,   17.433098,   17.637152,  126.413048,  -74.897736,  -12.745838,  -75.467384,    0.000000,    0.000000,    0.083311,    1.768872,    1.064397,    0.110416,    0.214378,    0.001300,    0.001300,    0.000000
2021-05-01 24:00:00,1095767.264675,    0.000000,    0.000000,    0.000000,  630.720000, 1130.055613,    0.000000, -406.237484,    0.000000,    0.000000,    0.000000,   13.017210,151166.083067,    0.000000,    0.000000,    0.000000,    0.000000,    0.070501,   17.434142,   17.211584,   17.434142,  135.939418,  -76.416856,  -21.544858, -108.080136,   35.957021,    0.000000,    0.058985,    1.302923,    0.913513,    0.202913,    0.222080,    0.001300,    0.001300,    0.000000
2021-05-02 24:00:00,1095057.421079,    0.000000,    0.000000,    0.000000,  598.752000, 1051.735207,    0.000000, -267.220424,   13.603573,    0.000000,    0.000000,   13.012573,151078.973295,    0.000000,    0.000000,    0.000000,    0.000000,    0.070199,   17.426153,   17.120652,   17.426153,  147.371277,  -50.300903,  -17.299536,  -98.188981,    9.164075,    0.000000,    0.034459,    0.801859,    0.716645,    0.593183,    0.106413,    0.001300,    0.001300,    0.000000
2021-05-03 24:00:00,1094504.227006,    0.000000,    0.000000,    0.000000,  568.512000,  991.450487,    0.000000, -143.650103,   15.107121,    0.000000,    0.000000,   13.008959,151011.087059,    0.000000,    0.000000,    0.000000,    0.000000,    0.069901,   17.485956,   17.121465,   17.485956,  135.744078,  -27.049918,   -7.619447,  -85.415410,  342.844022,    0.000000,    0.017079,    0.415767,    0.516036,    2.385099,    0.104863,    0.001300,    0.001300,    0.000000
2021-05-04 24:00:00,1093867.987217,    0.000000,    0.000000,    0.000000,  544.320000,  943.891765,    0.000000, -248.541377,   15.099696,    0.000000,    0.000000,   13.004803,150933.009714,    0.000000,    0.000000,    0.000000,    0.000000,    0.069605,   17.354837,   17.086022,   17.354837,  123.930580,  -46.830064,  -11.262069,  -85.497110,    0.000000,    0.000000,    0.033767,    0.787053,    0.709998,    0.563160,    0.139324,    0.001300,    0.001300,    0.000000
2021-05-05 24:00:00,1093317.967120,    0.000000,    0.000000,    0.000000,  511.488000,  891.584919,    0.000000, -176.579786,    9.055372,    0.000000,    0.000000,   13.001210,150865.512979,    0.000000,    0.000000,    0.000000,    0.000000,    0.069313,   17.398231,   17.077104,   17.398231,  123.189908,  -33.287398,   -6.985093,  -77.064806,   78.315269,    0.000000,    0.034383,    0.800194,    0.715901,    0.599021,    0.217224,    0.001300,    0.001300,    0.000000
2021-05-06 24:00:00,1092876.675424,    0.000000,    0.000000,    0.000000,  484.704000,  848.398471,    0.000000, -135.306059,   58.835717,    0.000000,    0.000000,   12.998293,150806.404601,    0.000000,    0.000000,    0.000000,    0.000000,    0.069023,   17.504690,   17.078175,   17.504690,  118.632507,  -25.514158,   -6.280328,  -63.573686,    0.000000,    0.000000,    0.030798,    0.723161,    0.680570,    1.001374,    0.124181,    0.001300,    0.001300,    0.000000
2021-05-07 24:00:00,1092279.474244,    0.000000,    0.000000,    0.000000,  459.648000,  839.748568,    0.000000, -445.902859,  227.694463,    0.000000,    0.000000,   12.994313,150721.561536,    0.000000,    0.000000,    0.000000,    0.000000,    0.068737,   17.174762,   17.052556,   17.174762,   93.962810,  -84.141304,   -4.168687,  -48.243326,   35.577633,    0.000000,    0.115019,    2.345124,    1.225571,    0.020894,    0.109198,    0.001300,    0.001300,    0.000000
2021-05-08 24:00:00,1092765.894168,    0.000000,    0.000000,    0.000000,  436.320000,  858.507639,    0.000000, -184.111943, 1096.193776,    0.000000,    0.000000,   12.997555,150790.666150,    0.000000,    0.000000,    0.000000,    0.000000,    0.068454,   17.149582,   17.018123,   17.149582,   63.717044,  -34.731435,   -1.812353,  -36.669395,    0.000000,    0.000000,    0.083527,    1.772546,    1.065502,    0.053883,    0.110861,    0.001300,    0.001300,    0.000000
2021-05-09 24:00:00,1093412.469671,    0.000000,    0.000000,    0.000000,  414.720000,  826.573067,    0.000000,  -52.366790, 1102.774359,    0.000000,    0.000000,   13.001828,150877.110035,    0.000000,    0.000000,    0.000000,    0.000000,    0.068175,   17.435040,   17.023023,   17.435040,   70.705903,   -9.872439,    4.157830,  -21.525406,  237.441630,    0.000000,    0.064825,    1.416928,    0.952641,    0.268244,    0.113342,    0.001300,    0.001300,    0.000000
2021-05-10 24:00:00,1095847.823221,    0.000000,    0.000000,    0.000000, 2116.800000, 1312.653960,    0.000000,  -88.222327, 1696.935368,    0.000000,    0.000000,   13.017736,151175.968958,    0.000000,    0.000000,    0.000000,    0.000000,    0.067899,   17.555394,   17.009343,   17.555394,   96.944972,  -16.595272,   -1.208451,  -49.280170,  130.448555,    0.000000,    0.051957,    1.163162,    0.863129,    0.665596,    0.231675,    0.001300,    0.001300,    0.000000
2021-05-11 24:00:00,1096792.511461,    0.000000,    0.000000,    0.000000,  639.360000, 1376.622302,    0.000000, -115.405038, 1777.477737,    0.000000,    0.000000,   13.023907,151291.898125,    0.000000,    0.000000,    0.000000,    0.000000,    0.067627,   17.703556,   17.010083,   17.703556,   99.206869,  -21.686933,    1.546837,  -36.208075,  194.715195,    0.000000,    0.069945,    1.515974,    0.985374,    0.616206,    0.115524,    0.001300,    0.001300,    0.000000
2021-05-12 24:00:00,1096079.049487,    0.000000,    0.000000,    0.000000,  588.384000, 1212.478649,    0.000000, -288.015926,  199.697899,    0.000000,    0.000000,   13.019247,151204.344317,    0.000000,    0.000000,    0.000000,    0.000000,    0.067358,   17.409619,   17.011575,   17.409619,  102.189854,  -54.162972,  -16.278631,  -71.033901,  303.837149,    0.000000,    0.057716,    1.277925,    0.904707,    0.523139,    0.151267,    0.001300,    0.001300,    0.000000
2021-05-13 24:00:00,1096316.237925,    0.000000,    0.000000,    0.000000,  553.824000, 1139.158149,    0.000000, -472.962579, 1285.645254,    0.000000,    0.000000,   13.020796,151233.451336,    0.000000,    0.000000,    0.000000,    0.000000,    0.067093,   17.126327,   16.935137,   17.126327,  122.285192,  -88.954546,  -33.301625,  -69.099049,   90.842473,    0.000000,    0.057300,    1.269716,    0.901797,    0.177497,    0.224629,    0.001300,    0.001300,    0.000000
2021-05-14 24:00:00,1096754.208518,    0.000000,    0.000000,    0.000000,  523.584000, 1159.282145,    0.000000, -232.452365, 1293.584429,    0.000000,    0.000000,   13.023657,151287.197709,    0.000000,    0.000000,    0.000000,    0.000000,    0.066832,   17.270391,   16.938481,   17.270391,  127.249122,  -43.706446,   -3.620226,  -55.078130,  329.749849,    0.000000,    0.062326,    1.368506,    0.936222,    0.250655,    0.145720,    0.001300,    0.001300,    0.000000
2021-05-15 24:00:00,1096415.108424,    0.000000,    0.000000,    0.000000,  937.440000, 1205.838158,    0.000000, -210.563173,  140.693042,    0.000000,    0.000000,   13.021442,151245.584413,    0.000000,    0.000000,    0.000000,    0.000000,    0.066575,   17.228688,   16.909195,   17.228688,  123.216986,  -39.599779,   -7.663216,  -79.800516,   77.860013,    0.000000,    0.041658,    0.953210,    0.781358,    0.484639,    0.131450,    0.001300,    0.001300,    0.000000
2021-05-16 24:00:00,1097786.562026,    0.000000,    0.000000,    0.000000, 1553.472000, 1174.075300,    0.000000, -248.064797, 1228.585491,    0.000000,    0.000000,   13.030401,151413.884882,    0.000000,    0.000000,    0.000000,    0.000000,    0.066322,   17.118569,   16.853043,   17.118569,  118.067114,  -46.604313,   -7.399587,  -76.557059,   48.567938,    0.000000,    0.071194,    1.539893,    0.993118,    0.192805,    0.150670,    0.001300,    0.001300,    0.000000
2021-05-17 24:00:00,1098420.626577,    0.000000,    0.000000,    0.000000, 1310.688000, 1315.120992,    0.000000, -608.693526, 1240.381498,    0.000000,    0.000000,   13.034543,151491.695288,    0.000000,    0.000000,    0.000000,    0.000000,    0.066072,   16.725989,   16.574918,   16.725989,  104.040035, -114.328036,  -21.447145,  -75.263420,  109.652087,    0.000000,    0.150081,    2.955597,    1.375872,    0.019915,    0.177582,    0.001300,    0.001300,    0.000000
2021-05-18 24:00:00,1097063.344082,    0.000000,    0.000000,    0.000000,  768.096000, 1384.656082,    0.000000, -911.514331,  178.707615,    0.000000,    0.000000,   13.025676,151325.133852,    0.000000,    0.000000,    0.000000,    0.000000,    0.065827,   16.212104,   16.082878,   16.212104,   93.450611, -171.476819,  -22.167619,  -74.030522,   71.370153,    0.000000,    0.180355,    3.464256,    1.489568,    0.007132,    0.208904,    0.001300,    0.001300,    0.000000
2021-05-19 24:00:00,1101838.282099,    0.000000,    0.000000,    0.000000, 6651.072000, 1614.314001,    0.000000, -373.780553,  114.995210,    0.000000,    0.000000,   13.056868,151911.099218,    0.000000,    0.000000,    0.000000,    0.000000,    0.065587,   16.090026,   15.761964,   16.090026,   90.310279,  -70.071147,   -3.081580,  -60.323248,  107.363040,    0.000000,    0.104644,    2.160029,    1.176211,    0.146621,    0.111463,    0.001300,    0.001300,    0.000000
2021-05-20 24:00:00,1106844.333431,    0.000000,    0.000000,    0.000000, 9707.904000, 4620.365376,    0.000000, -126.432231,   45.571866,    0.000000,    0.000000,   13.089569,152525.426082,    0.000000,    0.000000,    0.000000,    0.000000,    0.065350,   16.138816,   15.570767,   16.138816,   93.010723,  -23.607882,   -6.054989,  -64.616327,    0.000000,    0.000000,    0.041978,    0.960036,    0.784150,    1.146612,    0.163942,    0.001300,    0.001300,    0.000000
2021-05-21 24:00:00,1106781.119594,    0.000000,    0.000000,    0.000000, 6956.064000, 6751.118185,    0.000000, -277.829106,   10.675656,    0.000000,    0.000000,   13.089156,152517.668679,    0.000000,    0.000000,    0.000000,    0.000000,    0.065118,   15.888260,   15.466134,   15.888260,   91.275955,  -51.884872,  -11.718385,  -72.398609,   28.644640,    0.000000,    0.068517,    1.489189,    0.976631,    0.423102,    0.111856,    0.001300,    0.001300,    0.000000
2021-05-22 24:00:00,1106563.800878,    0.000000,    0.000000,    0.000000, 9014.976000, 8784.647014,    0.000000, -575.531624,  129.617153,    0.000000,    0.000000,   13.087737,152491.000010,    0.000000,    0.000000,    0.000000,    0.000000,    0.064890,   15.478201,   15.145926,   15.478201,   76.750525, -107.537578,  -19.341324,  -65.459514,   42.041711,    0.000000,    0.128080,    2.577083,    1.284753,    0.099778,    0.140065,    0.001300,    0.001300,    0.000000
2021-05-23 24:00:00,1102242.246222,    0.000000,    0.000000,    0.000000, 6684.768000,10379.882227,    0.000000, -753.448207,  129.585423,    0.000000,    0.000000,   13.059507,151960.672424,    0.000000,    0.000000,    0.000000,    0.000000,    0.064667,   15.033471,   14.767645,   15.033471,   79.749521, -141.341910,  -17.891411,  -60.594995,   80.178914,    0.000000,    0.158928,    3.107124,    1.410700,    0.047319,    0.128483,    0.001300,    0.001300,    0.000000
2021-05-24 24:00:00,1103629.421192,    0.000000,    0.000000,    0.000000,13616.640000,11558.463263,    0.000000, -665.904731,    0.000000,    0.000000,    0.000000,   13.068568,152130.902170,    0.000000,    0.000000,    0.000000,    0.000000,    0.064448,   14.624141,   14.248279,   14.624141,  100.111122, -124.836928,  -15.685673,  -90.522717,   67.716337,    0.000000,    0.140990,    2.800351,    1.339250,    0.095693,    0.143224,    0.001300,    0.001300,    0.000000
2021-05-25 24:00:00,1101711.507683,    0.000000,    0.000000,    0.000000,10459.584000,11764.024556,    0.000000, -609.508654,    0.000000,    0.000000,    0.000000,   13.056040,151895.541861,    0.000000,    0.000000,    0.000000,    0.000000,    0.064234,   14.177550,   13.874702,   14.177550,  108.069088, -114.494256,  -27.266846, -102.220870,  120.840879,    0.000000,    0.122150,    2.472600,    1.258440,    0.086339,    0.177663,    0.001300,    0.001300,    0.000000
2021-05-26 24:00:00,1101249.538941,    0.000000,    0.000000,    0.000000,12362.976000,12786.851169,    0.000000, -285.383029,  247.585766,    0.000000,    0.000000,   13.053022,151838.850510,    0.000000,    0.000000,    0.000000,    0.000000,    0.064024,   14.003138,   13.624896,   14.003138,  111.503925,  -53.647240,  -14.700036, -100.838988,   55.871908,    0.000000,    0.057869,    1.281237,    0.905879,    0.383637,    0.144368,    0.001300,    0.001300,    0.000000
2021-05-27 24:00:00,1099936.754684,    0.000000,    0.000000,    0.000000,10526.976000,12892.918537,    0.000000, -115.503750, 1160.521458,    0.000000,    0.000000,   13.044446,151677.749758,    0.000000,    0.000000,    0.000000,    0.000000,    0.063820,   14.018731,   13.532817,   14.018731,  103.586805,  -21.736994,   -6.481999,  -73.855433,    0.000000,    0.000000,    0.022193,    0.533077,    0.584320,    2.450096,    0.108348,    0.001300,    0.001300,    0.000000
2021-05-28 24:00:00,1099331.921495,    0.000000,    0.000000,    0.000000,12409.632000,14032.545120,    0.000000, -166.839483, 1175.964874,    0.000000,    0.000000,   13.040495,151603.526533,    0.000000,    0.000000,    0.000000,    0.000000,    0.063620,   13.878771,   13.438748,   13.878771,   79.132925,  -31.415752,   -2.821275,  -60.341819,   22.195527,    0.000000,    0.087097,    1.839694,    1.085496,    0.256235,    0.152450,    0.001300,    0.001300,    0.000000
2021-05-29 24:00:00,1096216.042261,    0.000000,    0.000000,    0.000000, 9270.720000,12792.067418,    0.000000, -268.581807,  670.191684,    0.000000,    0.000000,   13.020141,151221.155640,    0.000000,    0.000000,    0.000000,    0.000000,    0.063425,   13.611144,   13.320617,   13.611144,   69.257697,  -50.713276,  -12.034705,  -73.440735,   75.309229,    0.000000,    0.093862,    1.964348,    1.121669,    0.120295,    0.130344,    0.001300,    0.001300,    0.000000
2021-05-30 24:00:00,1094429.721138,    0.000000,    0.000000,    0.000000, 9957.600000,12274.042315,    0.000000, -149.294469,  673.072450,    0.000000,    0.000000,   13.008473,151001.943933,    0.000000,    0.000000,    0.000000,    0.000000,    0.063234,   13.570225,   13.187582,   13.570225,   79.624756,  -28.235886,   -8.986910,  -63.446229,   28.307185,    0.000000,    0.049829,    1.120398,    0.847114,    0.460040,    0.142365,    0.001300,    0.001300,    0.000000
2021-05-31 24:00:00,1090741.475227,    0.000000,    0.000000,    0.000000, 7064.928000,10727.228820,    0.000000, -264.172214,  238.580265,    0.000000,    0.000000,   12.984061,150503.061383,    0.000000,    0.000000,    0.000000,    0.000000,    0.063049,   13.412460,   13.131812,   13.412460,   97.569354,  -50.134201,   -1.525200,  -79.034689,    5.711438,    0.000000,    0.098323,    2.045273,    1.144540,    0.101175,    0.123140,    0.001300,    0.001300,    0.000000
2021-06-01 24:00:00,1087072.186265,    0.000000,    0.000000,    0.000000, 5978.016000, 9505.006632,    0.000000, -172.840183,   30.098648,    0.000000,    0.000000,   12.959604,149981.773532,    0.000000,    0.000000,    0.000000,    0.000000,    0.062869,   13.416520,   13.063857,   13.416520,  105.109371,  -32.917241,   -3.119344,  -74.216901,    0.000000,    0.000000,    0.054308,    1.209928,    0.880309,    0.324869,    0.114281,    0.001300,    0.001300,    0.000000
2021-06-02 24:00:00,1084704.769417,    0.000000,    0.000000,    0.000000, 5501.952000, 7739.758877,    0.000000, -188.053442,   58.489388,    0.000000,    0.000000,   12.943824,149645.439803,    0.000000,    0.000000,    0.000000,    0.000000,    0.062694,   13.386209,   13.042642,   13.386209,   94.960039,  -35.895117,    3.052688,  -60.645805,   49.536295,    0.000000,    0.062819,    1.377410,    0.939263,    0.278748,    0.129199,    0.001300,    0.001300,    0.000000
2021-06-03 24:00:00,1083170.312039,    0.000000,    0.000000,    0.000000, 5209.920000, 6756.375140,    0.000000,  -46.394636,   58.362021,    0.000000,    0.000000,   12.933596,149427.442802,    0.000000,    0.000000,    0.000000,    0.000000,    0.062524,   13.438926,   13.026869,   13.438926,   82.310993,   -8.868461,   -1.163917,  -63.485995,    0.000000,    0.000000,    0.018324,    0.444522,    0.533583,    2.492531,    0.134272,    0.001300,    0.001300,    0.000000
2021-06-04 24:00:00,1082807.377598,    0.000000,    0.000000,    0.000000, 4972.320000, 5570.463381,    0.000000, -113.907522,  348.202996,    0.000000,    0.000000,   12.931176,149375.881501,    0.000000,    0.000000,    0.000000,    0.000000,    0.062359,   13.456241,   13.020077,   13.456241,   85.235497,  -21.781564,   -1.221536,  -53.862721,   32.955639,    0.000000,    0.048749,    1.097874,    0.838555,    0.533023,    0.156210,    0.001300,    0.001300,    0.000000
2021-06-05 24:00:00,1084783.376634,    0.000000,    0.000000,    0.000000, 4743.360000, 5041.988058,    0.000000, -164.250154, 2431.366575,    0.000000,    0.000000,   12.944347,149656.607358,    0.000000,    0.000000,    0.000000,    0.000000,    0.062199,   13.417975,   13.020552,   13.417975,   72.488850,  -31.347442,   15.920764,  -36.949073,    0.000000,    0.000000,    0.108690,    2.231195,    1.195430,    0.149383,    0.132356,    0.001300,    0.001300,    0.000000
2021-06-06 24:00:00,1087031.287606,    0.000000,    0.000000,    0.000000, 4516.128000, 4708.846795,    0.000000,  -69.211569, 2506.533228,    0.000000,    0.000000,   12.959331,149975.963149,    0.000000,    0.000000,    0.000000,    0.000000,    0.062045,   13.432511,   13.021218,   13.432511,   42.262900,  -13.181240,   13.662512,  -22.037689,   34.401512,    0.000000,    0.133356,    2.666077,    1.306748,    0.076543,    0.119257,    0.001300,    0.001300,    0.000000
2021-06-07 24:00:00,1087809.488749,    0.000000,    0.000000,    0.000000, 4302.720000, 4604.732629,    0.000000, -141.019619, 1221.401849,    0.000000,    0.000000,   12.964518,150086.520482,    0.000000,    0.000000,    0.000000,    0.000000,    0.061896,   13.416732,   13.192259,   13.416732,   51.995807,  -26.838586,    9.869379,  -29.458951,   47.323435,    0.000000,    0.155326,    3.042894,    1.396043,    0.032452,    0.140815,    0.001300,    0.001300,    0.000000
2021-06-08 24:00:00,1088622.045827,    0.000000,    0.000000,    0.000000, 6085.152000, 5094.142809,    0.000000, -229.534758,   51.025228,    0.000000,    0.000000,   12.969934,150201.958687,    0.000000,    0.000000,    0.000000,    0.000000,    0.061753,   13.380369,   13.129847,   13.380369,   79.099387,  -43.651649,   12.488175,  -55.568133,   48.665161,    0.000000,    0.128840,    2.587576,    1.287366,    0.056577,    0.135871,    0.001300,    0.001300,    0.000000
2021-06-09 24:00:00,1088750.907616,    0.000000,    0.000000,    0.000000, 5518.368000, 5408.232054,    0.000000,  -15.798784,   34.546736,    0.000000,    0.000000,   12.970793,150220.265800,    0.000000,    0.000000,    0.000000,    0.000000,    0.061614,   13.563572,   13.130477,   13.563572,   84.078684,   -3.003878,   15.445586,  -53.705859,  115.722193,    0.000000,    0.089397,    1.881027,    1.097622,    0.186957,    0.169969,    0.001300,    0.001300,    0.000000
2021-06-10 24:00:00,1087830.741594,    0.000000,    0.000000,    0.000000, 4605.120000, 5518.852627,    0.000000,  -12.450493,    6.008790,    0.000000,    0.000000,   12.964660,150089.539827,    0.000000,    0.000000,    0.000000,    0.000000,    0.061482,   13.716630,   13.132640,   13.716630,   82.495775,   -2.368882,    8.575403,  -54.500327,  130.003809,    0.000000,    0.060509,    1.332385,    0.923784,    0.504773,    0.136418,    0.001300,    0.001300,    0.000000
2021-06-11 24:00:00,1088408.319830,    0.000000,    0.000000,    0.000000, 6924.096000, 6294.245575,    0.000000,  -55.294770,    3.001717,    0.000000,    0.000000,   12.968510,150171.595103,    0.000000,    0.000000,    0.000000,    0.000000,    0.061354,   13.738321,   13.139899,   13.738321,   82.935265,  -10.513947,    3.714288,  -61.027703,    0.000000,    0.000000,    0.051251,    1.148584,    0.857703,    0.767124,    0.106857,    0.001300,    0.001300,    0.000000
2021-06-12 24:00:00,1088283.675046,    0.000000,    0.000000,    0.000000, 4992.192000, 6506.341242,    0.000000, -110.932396, 1502.660444,    0.000000,    0.000000,   12.967679,150153.887091,    0.000000,    0.000000,    0.000000,    0.000000,    0.061232,   13.762392,   13.141865,   13.762392,   79.055227,  -21.094804,    4.721474,  -44.048931,  113.419056,    0.000000,    0.067997,    1.477934,    0.972933,    0.525127,    0.145456,    0.001300,    0.001300,    0.000000
2021-06-13 24:00:00,1090081.304008,    0.000000,    0.000000,    0.000000, 5869.152000, 6330.803871,    0.000000,  -13.639667, 2277.160950,    0.000000,    0.000000,   12.979661,150409.272303,    0.000000,    0.000000,    0.000000,    0.000000,    0.061116,   13.918098,   13.146757,   13.918098,   59.374184,   -2.588914,   15.231163,  -29.034471,  113.555148,    0.000000,    0.084048,    1.782001,    1.068340,    0.470122,    0.130918,    0.001300,    0.001300,    0.000000
2021-06-14 24:00:00,1090296.466462,    0.000000,    0.000000,    0.000000, 5926.176000, 6528.655799,    0.000000,    0.000000,  820.033883,    0.000000,    0.000000,   12.981095,150439.839962,    0.000000,    0.000000,    0.000000,    0.000000,    0.061006,   14.051108,   13.150619,   14.051108,   44.023939,    0.000000,    8.401393,  -23.001709,  113.663489,    0.000000,    0.065831,    1.436214,    0.959103,    0.785155,    0.118749,    0.001300,    0.001300,    0.000000
2021-06-15 24:00:00,1088754.105137,    0.000000,    0.000000,    0.000000, 4819.392000, 6590.092439,    0.000000,  -44.836027,  273.828507,    0.000000,    0.000000,   12.970814,150220.720065,    0.000000,    0.000000,    0.000000,    0.000000,    0.060901,   13.973091,   13.154729,   13.973091,   59.405646,   -8.520176,    6.215104,  -57.673590,   37.409856,    0.000000,    0.067403,    1.466550,    0.969179,    0.700056,    0.137219,    0.001300,    0.001300,    0.000000
2021-06-16 24:00:00,1087529.929675,    0.000000,    0.000000,    0.000000, 4464.288000, 5817.713636,    0.000000, -162.019313,  291.444734,    0.000000,    0.000000,   12.962655,150046.804136,    0.000000,    0.000000,    0.000000,    0.000000,    0.060801,   13.796923,   13.166696,   13.796923,   81.266782,  -30.827565,    0.663177,  -67.961160,   86.429154,    0.000000,    0.080294,    1.711601,    1.047024,    0.415482,    0.153300,    0.001300,    0.001300,    0.000000
2021-06-17 24:00:00,1087733.362881,    0.000000,    0.000000,    0.000000, 4205.088000, 5492.500421,    0.000000, -101.012474, 1593.072341,    0.000000,    0.000000,   12.964011,150075.705447,    0.000000,    0.000000,    0.000000,    0.000000,    0.060708,   13.798261,   13.178847,   13.798261,   84.364820,  -19.217390,   -5.534387,  -59.017710,   89.433688,    0.000000,    0.041149,    0.942346,    0.776892,    1.178368,    0.175772,    0.001300,    0.001300,    0.000000
2021-06-18 24:00:00,1088856.907435,    0.000000,    0.000000,    0.000000, 4002.912000, 4982.036517,    0.000000, -105.849087, 2211.219498,    0.000000,    0.000000,   12.971500,150235.324962,    0.000000,    0.000000,    0.000000,    0.000000,    0.060620,   13.815604,   13.193404,   13.815604,   76.616945,  -20.116024,    3.537662,  -45.893601,  186.472229,    0.000000,    0.069847,    1.513499,    0.984570,    0.491026,    0.123745,    0.001300,    0.001300,    0.000000
2021-06-19 24:00:00,1090343.745571,    0.000000,    0.000000,    0.000000, 3819.744000, 4548.924170,    0.000000,  -16.409079, 2237.746043,    0.000000,    0.000000,   12.981410,150446.556801,    0.000000,    0.000000,    0.000000,    0.000000,    0.060538,   14.093557,   13.199545,   14.093557,   79.775549,   -3.113690,    5.776322,  -42.073117,   27.471665,    0.000000,    0.047004,    1.062827,    0.825062,    1.103802,    0.116254,    0.001300,    0.001300,    0.000000
2021-06-20 24:00:00,1090170.644199,    0.000000,    0.000000,    0.000000, 4372.704000, 4745.934970,    0.000000,  -79.147013,  279.855657,    0.000000,    0.000000,   12.980256,150421.964668,    0.000000,    0.000000,    0.000000,    0.000000,    0.060461,   14.004510,   13.211668,   14.004510,   84.748997,  -15.018898,   -3.123376,  -62.745202,  211.772885,    0.000000,    0.035491,    0.823645,    0.726316,    1.857665,    0.104668,    0.001300,    0.001300,    0.000000
2021-06-21 24:00:00,1098320.700354,    0.000000,    0.000000,    0.000000,16195.680000, 7736.437058,    0.000000, -341.543285,   31.584038,    0.000000,    0.000000,   13.033890,151479.432657,    0.000000,    0.000000,    0.000000,    0.000000,    0.060391,   13.598166,   13.214436,   13.598166,   86.993720,  -64.380106,    0.955573,  -69.568763,    0.000000,    0.000000,    0.168389,    3.263288,    1.445716,    0.067249,    0.142582,    0.001300,    0.001300,    0.000000
2021-06-22 24:00:00,1098976.499096,    0.000000,    0.000000,    0.000000,10865.664000, 9861.798338,    0.000000, -344.371928,    0.000000,    0.000000,    0.000000,   13.038174,151559.910215,    0.000000,    0.000000,    0.000000,    0.000000,    0.060326,   13.302978,   13.005819,   13.302978,   97.648842,  -64.899372,  -14.244580, -102.305516,   35.012186,    0.000000,    0.085605,    1.811708,    1.077208,    0.143653,    0.110663,    0.001300,    0.001300,    0.000000
2021-06-23 24:00:00,1097875.176031,    0.000000,    0.000000,    0.000000,10663.488000,11672.931134,    0.000000,  -98.539623,    7.577723,    0.000000,    0.000000,   13.030980,151424.759314,    0.000000,    0.000000,    0.000000,    0.000000,    0.060267,   13.320301,   12.876097,   13.320301,  105.118688,  -18.590234,   -5.229742,  -93.713781,  276.969057,    0.000000,    0.017270,    0.420234,    0.518801,    2.819567,    0.151217,    0.001300,    0.001300,    0.000000
2021-06-24 24:00:00,1100378.779527,    0.000000,    0.000000,    0.000000,17133.120000,14415.190135,    0.000000, -219.556198,    7.570599,    0.000000,    0.000000,   13.047334,151731.993656,    0.000000,    0.000000,    0.000000,    0.000000,    0.060214,   13.183155,   12.717977,   13.183155,   97.877240,  -41.338722,   -9.162115,  -66.020892,   28.334823,    0.000000,    0.057569,    1.275068,    0.903695,    0.492004,    0.122300,    0.001300,    0.001300,    0.000000
2021-06-25 24:00:00,1109017.232514,    0.000000,    0.000000,    0.000000,28011.744000,19729.219538,    0.000000, -181.336247,  534.169789,    0.000000,    0.000000,   13.103621,152767.069905,    0.000000,    0.000000,    0.000000,    0.000000,    0.060166,   13.132120,   12.555727,   13.132120,   75.950924,  -33.913974,    1.711639,  -44.560443,   26.170359,    0.000000,    0.084237,    1.786483,    1.069683,    0.358598,    0.171571,    0.001300,    0.001300,    0.000000
2021-06-26 24:00:00,1113495.280092,    0.000000,    0.000000,    0.000000,24391.584000,21709.704086,    0.000000,    0.000000, 1725.510866,    0.000000,    0.000000,   13.131768,153122.223839,    0.000000,    0.000000,    0.000000,    0.000000,    0.060125,   13.363353,   12.556117,   13.363353,   64.931904,    0.000000,   29.299676,  -30.532250,   28.522040,    0.000000,    0.127196,    2.562165,    1.281029,    0.244180,    0.115129,    0.001300,    0.001300,    0.000000
2021-06-27 24:00:00,1127080.897169,    0.000000,    0.000000,    0.000000,41059.008000,29209.314150,    0.000000,  -59.538962, 1731.025479,    0.000000,    0.000000,   13.217049,154198.403644,    0.000000,    0.000000,    0.000000,    0.000000,    0.060090,   13.374012,   12.524578,   13.374012,   64.671129,  -11.029527,   19.789551,  -38.146436,   32.864677,    0.000000,    0.129265,    2.598787,    1.290152,    0.269749,    0.125122,    0.001300,    0.001300,    0.000000
2021-06-28 24:00:00,1136703.444977,    0.000000,    0.000000,    0.000000,47904.480000,38145.540649,    0.000000, -495.213029,  363.894994,    0.000000,    0.000000,   13.277133,154957.002516,    0.000000,    0.000000,    0.000000,    0.000000,    0.060060,   12.881359,   12.340554,   12.881359,   73.235475,  -91.315055,   -4.931356,  -65.192628,   74.714422,    0.000000,    0.149765,    2.954068,    1.375516,    0.127187,    0.108898,    0.001300,    0.001300,    0.000000
2021-06-29 24:00:00,1117766.553338,    0.000000,    0.000000,    0.000000,22063.104000,40193.877505,    0.000000, -810.808304,   30.985197,    0.000000,    0.000000,   13.158616,153460.978502,    0.000000,    0.000000,    0.000000,    0.000000,    0.060036,   12.176747,   11.893898,   12.176747,   92.447681, -151.061662,  -43.487456, -108.371314,   82.050379,    0.000000,    0.137837,    2.749984,    1.327152,    0.053775,    0.147922,    0.001300,    0.001300,    0.000000
